hsmpSn,행수,세대수_고유값수,세대수_고유값,주소_고유값수,주소,공급유형_고유값수,공급유형,대표세대수_후보,세대수일관성
1249,3,1,500,1,전남광주통합특별시 서구 화정로 87-1,1,영구임대,500,일치
1250,3,1,1500,1,전남광주통합특별시 서구 운천로32번길 23,1,영구임대,1500,일치
1252,4,1,1485,1,전남광주통합특별시 광산구 우산로 17,1,영구임대,1485,일치
1253,5,1,886,1,전남광주통합특별시 광산구 목련로21번길 45,1,국민임대,886,일치
1254,5,1,650,1,전남광주통합특별시 광산구 왕버들로252번길 46,1,국민임대,650,일치
1255,2,1,12,1,전남광주통합특별시 동구 중흥로227번길 14-6,1,매입임대,12,일치
1256,3,1,12,1,전남광주통합특별시 동구 중흥로227번길 6-7,1,매입임대,12,일치
1257,5,1,12,1,전남광주통합특별시 동구 무등로449번길 5-17,1,매입임대,12,일치
1258,5,1,18,1,전남광주통합특별시 동구 화산로 357-8,1,매입임대,18,일치
1259,4,1,12,1,전남광주통합특별시 서구 천변좌로118번길 10-1,1,매입임대,12,일치
1260,2,1,12,1,전남광주통합특별시 서구 상무대로1171번길 5-1,1,매입임대,12,일치
1261,3,1,9,1,전남광주통합특별시 서구 상무대로1171번길 1,1,매입임대,9,일치
1263,2,1,12,1,전남광주통합특별시 서구 월산로225번길 9-14,1,매입임대,12,일치
1275,2,1,12,1,전남광주통합특별시 서구 화정로293번길 6-12,1,매입임대,12,일치
1276,2,1,9,1,전남광주통합특별시 서구 월드컵4강로68번길 19-17,1,매입임대,9,일치
1277,4,1,12,1,전남광주통합특별시 서구 시청서편로12번길 2-1,1,매입임대,12,일치
1278,5,1,8,1,전남광주통합특별시 서구 금호운천길 70-6,1,매입임대,8,일치
1279,3,1,9,1,전남광주통합특별시 서구 화개2로9번길 27-7,1,매입임대,9,일치
1280,1,1,6,1,전남광주통합특별시 남구 수박등로5번길 13,1,매입임대,6,일치
1281,2,1,12,1,전남광주통합특별시 남구 백운로17번길 19,1,매입임대,12,일치
1282,4,1,12,1,전남광주통합특별시 남구 진다리로39번길 12,1,매입임대,12,일치
1283,3,1,12,1,전남광주통합특별시 남구 회재로1224번길 26,1,매입임대,12,일치
1284,3,1,12,1,전남광주통합특별시 남구 회재로1224번길 24,1,매입임대,12,일치
1285,2,1,9,1,전남광주통합특별시 남구 대남대로107번길 13-10,1,매입임대,9,일치
1286,2,1,9,1,전남광주통합특별시 북구 경열로233번길 43,1,매입임대,9,일치
1287,5,1,11,1,전남광주통합특별시 북구 중가로 33-5,1,매입임대,11,일치
1288,3,1,9,1,전남광주통합특별시 북구 저불로73번길 22-7,1,매입임대,9,일치
1289,4,1,8,1,전남광주통합특별시 북구 저불로73번길 22-3,1,매입임대,8,일치
1290,2,1,16,1,전남광주통합특별시 북구 고운로23번길 3-3,1,매입임대,16,일치
1291,8,1,15,1,전남광주통합특별시 북구 고운로 19,1,매입임대,15,일치
1292,1,1,1,1,전남광주통합특별시 북구 서하로 405,1,매입임대,1,일치
1293,2,1,12,1,전남광주통합특별시 북구 동문대로122번길 71,1,매입임대,12,일치
1294,2,1,12,1,전남광주통합특별시 북구 동문대로122번길 69,1,매입임대,12,일치
1295,4,1,9,1,전남광주통합특별시 북구 동문대로122번길 71-1,1,매입임대,9,일치
1296,2,1,12,1,전남광주통합특별시 북구 서방로182번길 48,1,매입임대,12,일치
1297,2,1,11,1,전남광주통합특별시 북구 오문로58번길 12,1,매입임대,11,일치
1298,4,1,9,1,전남광주통합특별시 북구 오산정길19번길 18,1,매입임대,9,일치
1299,3,1,12,1,전남광주통합특별시 북구 서하로257번길 22,1,매입임대,12,일치
1300,2,1,12,1,전남광주통합특별시 북구 우치로228번길 54-13,1,매입임대,12,일치
1301,3,1,9,1,전남광주통합특별시 북구 우치로228번길 54-15,1,매입임대,9,일치
1302,5,1,5,1,전남광주통합특별시 북구 설죽로471번길 65-1,1,매입임대,5,일치
1303,1,1,1,1,전남광주통합특별시 북구 하백로46번길 9,1,매입임대,1,일치
1304,5,1,18,1,전남광주통합특별시 북구 일곡마을로124번길 43,1,매입임대,18,일치
1323,2,1,12,1,전남광주통합특별시 북구 우치로303번길 25-11,1,매입임대,12,일치
1324,3,1,12,1,전남광주통합특별시 북구 우치로303번길 25-13,1,매입임대,12,일치
1325,5,1,10,1,전남광주통합특별시 북구 연양로81번길 7-5,1,매입임대,10,일치
1332,5,1,9,1,전남광주통합특별시 북구 용두택지로 40,1,매입임대,9,일치
1335,4,1,11,1,전남광주통합특별시 광산구 고내상길65번길 10-8,1,매입임대,11,일치
1336,2,1,12,1,전남광주통합특별시 광산구 서도산길 70-7,1,매입임대,12,일치
1337,3,1,12,1,전남광주통합특별시 광산구 남동길 26-3,1,매입임대,12,일치
1338,2,1,12,1,전남광주통합특별시 광산구 서도산길 70-26,1,매입임대,12,일치
1339,2,1,12,1,전남광주통합특별시 광산구 서도산길 70-20,1,매입임대,12,일치
1340,2,1,12,1,전남광주통합특별시 광산구 서도산길 70-24,1,매입임대,12,일치
1341,3,1,12,1,전남광주통합특별시 광산구 사암로130번길 39,1,매입임대,12,일치
1342,2,1,12,1,전남광주통합특별시 광산구 사암로118번길 117-5,1,매입임대,12,일치
1343,9,1,13,1,전남광주통합특별시 광산구 북문대로419번길 14-11,1,매입임대,13,일치
1344,4,1,14,1,전남광주통합특별시 광산구 북문대로419번길 14-9,1,매입임대,14,일치
1345,4,1,8,1,전남광주통합특별시 광산구 신창로106번길 23-15,1,매입임대,8,일치
1346,4,1,7,1,전남광주통합특별시 광산구 신창로35번길 79-17,1,매입임대,7,일치
30473585,1,1,12,1,전남광주통합특별시 광산구 사암로 34,1,매입임대,12,일치
30473586,4,1,12,1,전남광주통합특별시 광산구 용보로51번길 34,1,매입임대,12,일치
30473587,1,1,1,1,전남광주통합특별시 광산구 송도로162번길 11-6,1,매입임대,1,일치
30473588,4,1,12,1,전남광주통합특별시 광산구 남동길 19,1,매입임대,12,일치
30473589,3,1,12,1,전남광주통합특별시 광산구 월계로16번길 6,1,매입임대,12,일치
30473590,3,1,4,1,전남광주통합특별시 광산구 비아로 185,1,매입임대,4,일치
30473591,1,1,5,1,전남광주통합특별시 광산구 첨단내촌로 93,1,매입임대,5,일치
30473592,1,1,1,1,전남광주통합특별시 광산구 신창로161번길 34,1,매입임대,1,일치
30473593,2,1,20,1,전남광주통합특별시 광산구 월계로 223-17,1,매입임대,20,일치
30473594,7,1,17,1,전남광주통합특별시 동구 증심천로 47,1,매입임대,17,일치
30473595,5,1,10,1,전남광주통합특별시 동구 경양로235번길 10-7,1,매입임대,10,일치
30473902,1,1,4,1,전남광주통합특별시 서구 경열로45번길 13,1,매입임대,4,일치
30473903,1,1,3,1,전남광주통합특별시 서구 화개1로 33,1,매입임대,3,일치
30473904,1,1,1,1,전남광주통합특별시 남구 광복마을3길 7,1,매입임대,1,일치
30473905,1,1,3,1,전남광주통합특별시 남구 서문대로663번안길 2,1,매입임대,3,일치
30473906,2,1,6,1,전남광주통합특별시 북구 송해로4번길 13-4,1,매입임대,6,일치
30473907,1,1,12,1,전남광주통합특별시 북구 양산택지로34번길 14,1,매입임대,12,일치
30473908,2,1,12,1,전남광주통합특별시 북구 양산택지로51번길 12,1,매입임대,12,일치
30473909,2,1,12,1,전남광주통합특별시 북구 양산택지로51번길 10,1,매입임대,12,일치
30473910,5,1,12,1,전남광주통합특별시 북구 신촌로 30,1,매입임대,12,일치
30473911,4,1,7,1,전남광주통합특별시 북구 하서로466번길 88-3,1,매입임대,7,일치
30473912,1,1,12,1,전남광주통합특별시 북구 오문로58번길 9,1,매입임대,12,일치
30473913,1,1,12,1,전남광주통합특별시 북구 양산택지로51번길 8,1,매입임대,12,일치
30473914,5,1,8,1,전남광주통합특별시 북구 설죽로251번길 85,1,매입임대,8,일치
30473915,1,1,2,1,전남광주통합특별시 북구 저불로 21,1,매입임대,2,일치
30473916,1,1,12,1,전남광주통합특별시 북구 양산택지로34번길 16,1,매입임대,12,일치
30473917,2,1,12,1,전남광주통합특별시 북구 양산택지로51번길 14,1,매입임대,12,일치
30474460,2,1,12,1,전남광주통합특별시 서구 월산로225번길 9-10,1,매입임대,12,일치
30474461,8,1,18,1,전남광주통합특별시 북구 양산택지로37번길 18,1,매입임대,18,일치
30474462,1,1,12,1,전남광주통합특별시 북구 양산택지로51번길 6,1,매입임대,12,일치
30474463,4,1,9,1,전남광주통합특별시 북구 오산정길19번길 16,1,매입임대,9,일치
30699397,5,1,826,1,전남광주통합특별시 광산구 풍영로330번길 15,1,국민임대,826,일치
30699413,1,1,3,1,전남광주통합특별시 북구 상촌로43번길 30,1,국민임대,3,일치
30699437,1,1,141,1,전남광주통합특별시 광산구 사암로 24,1,국민임대,141,일치
30699487,2,1,496,1,전남광주통합특별시 북구 하서로229번길 57,1,국민임대,496,일치
30699489,3,1,901,1,전남광주통합특별시 북구 매곡로 20,1,국민임대,901,일치
30699497,6,1,492,1,전남광주통합특별시 북구 연양로7번길 58,1,국민임대,492,일치
30699522,2,1,1442,1,전남광주통합특별시 서구 동천로 25,1,국민임대,1442,일치
30699525,2,1,861,1,전남광주통합특별시 북구 양산제로 110,1,국민임대,861,일치
30699543,4,1,1308,1,전남광주통합특별시 서구 하남대로710번길 5,1,국민임대,1308,일치
30699548,2,1,815,1,전남광주통합특별시 북구 유림로160번길 5,1,국민임대,815,일치
30699577,4,1,853,1,전남광주통합특별시 남구 효우로60번길 10,1,국민임대,853,일치
30699581,5,1,449,1,전남광주통합특별시 남구 효우로60번길 9,1,국민임대,449,일치
30699582,2,1,711,1,전남광주통합특별시 북구 하서로483번길 22,1,국민임대,711,일치
30699662,4,1,244,1,전남광주통합특별시 광산구 송도로182번길 15-11,1,국민임대,244,일치
30699692,3,1,384,1,전남광주통합특별시 남구 효우로60번길 37,1,국민임대,384,일치
30699696,1,1,137,1,전남광주통합특별시 북구 우치로311번길 20,1,국민임대,137,일치
30699699,1,1,70,1,전남광주통합특별시 광산구 남동길30번길 28,1,국민임대,70,일치
30699710,2,1,94,1,전남광주통합특별시 북구 초당로 7,1,국민임대,94,일치
30699740,1,1,183,1,전남광주통합특별시 광산구 송도로182번길 15-12,1,국민임대,183,일치
30699741,1,1,245,1,전남광주통합특별시 서구 내방로418번길 12,1,국민임대,245,일치
30699742,1,1,62,1,전남광주통합특별시 북구 매곡로69번길 22,1,국민임대,62,일치
30699755,1,1,214,1,전남광주통합특별시 광산구 남동길 15,1,국민임대,214,일치
30699799,2,1,10,1,전남광주통합특별시 광산구 송정로 77,1,국민임대,10,일치
30700134,3,1,1872,1,전남광주통합특별시 광산구 월곡산정로 12,1,영구임대,1872,일치
30700135,4,1,1274,1,전남광주통합특별시 북구 중문로 55,1,영구임대,1274,일치
30700136,3,1,1416,1,전남광주통합특별시 서구 쌍학로 47,1,영구임대,1416,일치
30700137,2,1,1401,1,전남광주통합특별시 북구 군왕로207번길 20,1,영구임대,1401,일치
30700138,6,1,949,1,전남광주통합특별시 남구 정율성로 7,1,국민임대,949,일치
30700139,4,1,1640,1,전남광주통합특별시 북구 삼정로 7,1,영구임대,1640,일치
30700140,2,1,1133,1,전남광주통합특별시 북구 삼정로 10,1,영구임대,1133,일치
30700141,3,1,1658,1,전남광주통합특별시 북구 서하로194번길 6,1,영구임대,1658,일치
30700142,1,1,476,1,전남광주통합특별시 광산구 목련로273번길 76,1,50년임대,476,일치
30700143,3,1,390,1,전남광주통합특별시 광산구 수등로 204,1,국민임대,390,일치
30700144,3,1,535,1,전남광주통합특별시 북구 북문대로242번길 50,1,50년임대,535,일치
30700145,4,1,632,1,전남광주통합특별시 광산구 수등로123번길 70,1,국민임대,632,일치
30700233,4,1,355,1,전남광주통합특별시 남구 효우로60번길 50,1,국민임대,355,일치
30700238,4,1,996,1,전남광주통합특별시 광산구 수등로123번길 22,1,국민임대,996,일치
30700239,4,1,1067,1,전남광주통합특별시 광산구 하남대로261번길 11,1,국민임대,1067,일치
30700242,4,1,603,1,전남광주통합특별시 광산구 풍영로145번길 43,1,국민임대,603,일치
30700243,3,1,355,1,전남광주통합특별시 광산구 풍영로145번길 42,1,국민임대,355,일치
30700323,4,1,1232,1,전남광주통합특별시 북구 첨단연신로 250,1,국민임대,1232,일치
30700324,5,1,676,1,전남광주통합특별시 북구 첨단연신로 245,1,국민임대,676,일치
30700341,6,1,1116,1,전남광주통합특별시 광산구 풍영로329번길 51,1,국민임대,1116,일치
30700344,7,1,1215,1,전남광주통합특별시 광산구 풍영로329번길 50,1,국민임대,1215,일치
30700356,2,1,754,1,전남광주통합특별시 남구 백운로 100,1,국민임대,754,일치
30700358,2,1,240,1,전남광주통합특별시 남구 독립로80번길 8,1,국민임대,240,일치
30700363,7,1,1147,1,전남광주통합특별시 광산구 선운중앙로 68,1,국민임대,1147,일치
30700432,3,2,"250, 672",1,전남광주통합특별시 남구 효우로 262,2,영구임대 | 국민임대,,불일치
30701675,6,1,8,1,전남광주통합특별시 동구 무등로 489-1,1,매입임대,8,일치
30701676,5,1,12,1,전남광주통합특별시 동구 동명로20번길 2,1,매입임대,12,일치
30701677,8,1,8,1,전남광주통합특별시 동구 필문대로171번길 17-4,1,매입임대,8,일치
30702225,4,1,6,1,전남광주통합특별시 북구 대천로157번길 49,1,매입임대,6,일치
30702226,2,1,6,1,전남광주통합특별시 북구 대천로157번길 51,1,매입임대,6,일치
30702227,2,1,5,1,전남광주통합특별시 북구 무진성길 83,1,매입임대,5,일치
30702228,2,1,6,1,전남광주통합특별시 북구 부남길 42,1,매입임대,6,일치
30702229,4,1,6,1,전남광주통합특별시 북구 부남길 42-6,1,매입임대,6,일치
30702230,2,1,6,1,전남광주통합특별시 북구 부남길 46,1,매입임대,6,일치
30702231,2,1,6,1,전남광주통합특별시 북구 서하로315번길 51-9,1,매입임대,6,일치
30702232,4,1,12,1,전남광주통합특별시 북구 설죽로251번길 109-6,1,매입임대,12,일치
30702233,4,1,12,1,전남광주통합특별시 북구 설죽로251번길 109-8,1,매입임대,12,일치
30702234,6,1,6,1,전남광주통합특별시 북구 송월로49번길 15-5,1,매입임대,6,일치
30702235,1,1,6,1,전남광주통합특별시 북구 송월로49번길 15-8,1,매입임대,6,일치
30702236,7,1,8,1,전남광주통합특별시 북구 양일로344번길 42,1,매입임대,8,일치
30702237,3,1,15,1,전남광주통합특별시 북구 우치로361번길 25,1,매입임대,15,일치
30702238,2,1,6,1,전남광주통합특별시 광산구 목련로397번안길 8-14,1,매입임대,6,일치
30702239,6,1,6,1,전남광주통합특별시 광산구 산정공원로60번길 34,1,매입임대,6,일치
30702240,2,1,6,1,전남광주통합특별시 광산구 우산로95번길 47-7,1,매입임대,6,일치
30702241,6,1,14,1,전남광주통합특별시 광산구 월계로22번길 6,1,매입임대,14,일치
30702242,6,1,6,1,전남광주통합특별시 남구 봉선로 63-1,1,매입임대,6,일치
30702243,7,1,7,1,전남광주통합특별시 남구 금화로422번길 70,1,매입임대,7,일치
30702244,4,1,6,1,전남광주통합특별시 남구 봉선2로19번길 10-17,1,매입임대,6,일치
30702245,3,1,5,1,전남광주통합특별시 남구 수박등로47번길 15,1,매입임대,5,일치
30702246,3,1,5,1,전남광주통합특별시 남구 용대로193번길 9,1,매입임대,5,일치
30702247,3,1,9,1,전남광주통합특별시 남구 진다리로31번안길 5,1,매입임대,9,일치
30702248,5,1,5,1,전남광주통합특별시 서구 금부로103번길 8-20,1,매입임대,5,일치
30702249,2,1,6,1,전남광주통합특별시 서구 학생독립로10번길 11,1,매입임대,6,일치
30702250,2,1,5,1,전남광주통합특별시 서구 염화로83번길 25-1,1,매입임대,5,일치
30702251,4,1,6,1,전남광주통합특별시 서구 운천로92번길 22,1,매입임대,6,일치
30702252,3,1,5,1,전남광주통합특별시 서구 월드컵4강로197번길 45,1,매입임대,5,일치
30702253,3,1,6,1,전남광주통합특별시 서구 월드컵4강로71번길 23,1,매입임대,6,일치
30702254,4,1,6,1,전남광주통합특별시 서구 화정로138번길 45-6,1,매입임대,6,일치
30702255,3,1,5,1,전남광주통합특별시 서구 화정로21번길 4-16,1,매입임대,5,일치
30702256,4,1,6,1,전남광주통합특별시 서구 화정로21번길 4-18,1,매입임대,6,일치
30702257,4,1,5,1,전남광주통합특별시 서구 화정로21번길 4-26,1,매입임대,5,일치
30703342,6,1,10,1,전남광주통합특별시 동구 경양로 239,1,매입임대,10,일치
30703343,5,1,11,1,전남광주통합특별시 동구 경양로243번길 24-3,1,매입임대,11,일치
30703344,3,1,6,1,전남광주통합특별시 동구 동계로1번길 13,1,매입임대,6,일치
30703345,3,1,5,1,전남광주통합특별시 동구 중흥로227번길 10-10,1,매입임대,5,일치
30703346,3,1,6,1,전남광주통합특별시 동구 학소로86번길 10,1,매입임대,6,일치
30703347,5,1,6,1,전남광주통합특별시 서구 금부로103번길 20-12,1,매입임대,6,일치
30703348,1,1,6,1,전남광주통합특별시 서구 금부로95번길 26-26,1,매입임대,6,일치
30703349,3,1,5,1,전남광주통합특별시 서구 금부로99번길 19-1,1,매입임대,5,일치
30703350,2,1,6,1,전남광주통합특별시 서구 내방마을2길 6-8,1,매입임대,6,일치
30703351,4,1,6,1,전남광주통합특별시 서구 학생독립로10번길 4-9,1,매입임대,6,일치
30703352,2,1,6,1,전남광주통합특별시 서구 학생독립로22번길 28,1,매입임대,6,일치
30703353,4,1,7,1,전남광주통합특별시 서구 상무오월로3번길 28-5,1,매입임대,7,일치
30703354,3,1,5,1,전남광주통합특별시 서구 염화로83번길 19-4,1,매입임대,5,일치
30703355,2,1,6,1,전남광주통합특별시 서구 칠성로4번길 7,1,매입임대,6,일치
30703356,5,1,7,1,전남광주통합특별시 서구 풍암순환로128번길 29,1,매입임대,7,일치
30703357,3,1,5,1,전남광주통합특별시 서구 화개2로20번길 28-13,1,매입임대,5,일치
30703358,3,1,6,1,전남광주통합특별시 서구 화정로21번길 4-22,1,매입임대,6,일치
30703359,2,1,6,1,전남광주통합특별시 서구 화정로78번길 24-13,1,매입임대,6,일치
30703360,3,1,5,1,전남광주통합특별시 서구 화정로78번길 24-34,1,매입임대,5,일치
30703361,9,1,9,1,전남광주통합특별시 남구 군분로77번안길 15,1,매입임대,9,일치
30703362,4,1,6,1,전남광주통합특별시 남구 봉선2로19번길 12,1,매입임대,6,일치
30703363,5,1,5,1,전남광주통합특별시 남구 회서로21번가길 5-1,1,매입임대,5,일치
30703364,5,1,8,1,전남광주통합특별시 남구 회재로1231번길 7,1,매입임대,8,일치
30703365,2,1,6,1,전남광주통합특별시 동구 독립로350번길 15,1,매입임대,6,일치
30703366,4,1,8,1,전남광주통합특별시 북구 참판로 172,1,매입임대,8,일치
30703367,3,1,8,1,전남광주통합특별시 북구 참판로 172,1,매입임대,8,일치
30703368,3,1,7,1,전남광주통합특별시 북구 참판로 172,1,매입임대,7,일치
30703369,3,1,11,1,전남광주통합특별시 북구 참판로 172,1,매입임대,11,일치
30703370,5,1,8,1,전남광주통합특별시 북구 감적길 46-2,1,매입임대,8,일치
30703371,4,1,5,1,전남광주통합특별시 북구 능안로29번길 7-4,1,매입임대,5,일치
30703372,4,1,5,1,전남광주통합특별시 북구 대천로157번길 96-17,1,매입임대,5,일치
30703373,1,1,6,1,전남광주통합특별시 북구 대천로157번길 96-3,1,매입임대,6,일치
30703374,3,1,5,1,전남광주통합특별시 북구 무진성길 2,1,매입임대,5,일치
30703375,2,1,5,1,전남광주통합특별시 북구 무진성길 81,1,매입임대,5,일치
30703376,3,1,5,1,전남광주통합특별시 북구 무진성길 92,1,매입임대,5,일치
30703377,5,1,5,1,전남광주통합특별시 북구 문산로74번길 139-10,1,매입임대,5,일치
30703378,3,1,12,1,전남광주통합특별시 북구 문화소통로302번길 9,1,매입임대,12,일치
30703379,2,1,5,1,전남광주통합특별시 북구 부남길26번길 34-3,1,매입임대,5,일치
30703380,2,1,5,1,전남광주통합특별시 북구 부남길26번길 34-5,1,매입임대,5,일치
30703381,2,1,5,1,전남광주통합특별시 북구 부남길26번길 34-7,1,매입임대,5,일치
30703382,3,1,9,1,전남광주통합특별시 북구 설죽로251번길 69,1,매입임대,9,일치
30703383,5,1,9,1,전남광주통합특별시 북구 설죽로251번길 71,1,매입임대,9,일치
30703384,3,1,5,1,전남광주통합특별시 북구 송월로40번길 13-8,1,매입임대,5,일치
30703385,1,1,6,1,전남광주통합특별시 북구 양일로343번길 47-9,1,매입임대,6,일치
30703386,9,1,10,1,전남광주통합특별시 북구 우치로126번길 25-7,1,매입임대,10,일치
30703387,5,1,7,1,전남광주통합특별시 북구 중흥로173번길 8-7,1,매입임대,7,일치
30703388,4,1,5,1,전남광주통합특별시 광산구 우산로 74-6,1,매입임대,5,일치
30703389,1,1,6,1,전남광주통합특별시 광산구 월계로34번길 37-11,1,매입임대,6,일치
30704212,3,1,7,1,전남광주통합특별시 동구 밤실로3번길 10-1,1,매입임대,7,일치
30704213,4,1,6,1,전남광주통합특별시 동구 중흥로213번길 16-15,1,매입임대,6,일치
30704214,2,1,6,1,전남광주통합특별시 동구 중흥로213번길 16-17,1,매입임대,6,일치
30704215,3,1,8,1,전남광주통합특별시 동구 중흥로213번길 22,1,매입임대,8,일치
30704216,2,1,6,1,전남광주통합특별시 동구 필문대로123번길 12-1,1,매입임대,6,일치
30704217,2,1,6,1,전남광주통합특별시 동구 학소로76번길 7-11,1,매입임대,6,일치
30704218,3,1,5,1,전남광주통합특별시 서구 금부로103번길 20-6,1,매입임대,5,일치
30704219,3,1,5,1,전남광주통합특별시 서구 금부로103번길 8-16,1,매입임대,5,일치
30704220,4,1,6,1,전남광주통합특별시 서구 금부로103번길 8-8,1,매입임대,6,일치
30704221,3,1,9,1,전남광주통합특별시 서구 상무대로967번길 18-4,1,매입임대,9,일치
30704222,1,1,5,1,전남광주통합특별시 서구 상무버들로53번길 22-27,1,매입임대,5,일치
30704223,1,1,5,1,전남광주통합특별시 서구 상무버들로53번길 22-31,1,매입임대,5,일치
30704224,3,1,5,1,전남광주통합특별시 서구 칠성로4번길 5,1,매입임대,5,일치
30704225,4,1,11,1,전남광주통합특별시 남구 군분로119번길 6-4,1,매입임대,11,일치
30704226,2,1,5,1,전남광주통합특별시 남구 군분로55번길 14,1,매입임대,5,일치
30704227,4,1,12,1,전남광주통합특별시 남구 군분로78번길 9,1,매입임대,12,일치
30704228,2,1,9,1,전남광주통합특별시 남구 금화로456번길 4,1,매입임대,9,일치
30704229,6,1,10,1,전남광주통합특별시 남구 대남대로372번안길 5-5,1,매입임대,10,일치
30704230,3,1,5,1,전남광주통합특별시 남구 봉주4길 16,1,매입임대,5,일치
30704231,2,1,6,1,전남광주통합특별시 남구 월광길 37-1,1,매입임대,6,일치
30704232,4,1,10,1,전남광주통합특별시 북구 안산로 20-12,1,매입임대,10,일치
30704233,1,1,6,1,전남광주통합특별시 북구 일곡로 19,1,매입임대,6,일치
30704235,2,1,12,1,전남광주통합특별시 북구 우치로257번길 20-15,1,매입임대,12,일치
30704236,2,1,6,1,전남광주통합특별시 북구 우치로257번길 3,1,매입임대,6,일치
30704237,4,1,14,1,전남광주통합특별시 북구 저불로91번길 3,1,매입임대,14,일치
30704238,3,1,6,1,전남광주통합특별시 북구 중흥로183번길 7-10,1,매입임대,6,일치
30704239,3,1,9,1,전남광주통합특별시 광산구 송정로 53-2,1,매입임대,9,일치
30704240,3,1,9,1,전남광주통합특별시 광산구 송정로 53-4,1,매입임대,9,일치
30704242,2,1,6,1,전남광주통합특별시 광산구 목련로397번안길 8-4,1,매입임대,6,일치
30704243,5,1,8,1,전남광주통합특별시 광산구 사암로130번길 36,1,매입임대,8,일치
30704244,2,1,6,1,전남광주통합특별시 광산구 수등로243번길 28-3,1,매입임대,6,일치
30704245,3,1,6,1,전남광주통합특별시 광산구 수등로243번길 28-8,1,매입임대,6,일치
30704246,3,1,5,1,전남광주통합특별시 광산구 신창로48번길 21-8,1,매입임대,5,일치
30704247,4,1,7,1,전남광주통합특별시 광산구 신창로48번길 45-4,1,매입임대,7,일치
30704248,4,1,7,1,전남광주통합특별시 광산구 신창로48번길 45-8,1,매입임대,7,일치
30704249,5,1,5,1,전남광주통합특별시 광산구 신창로48번길 46-13,1,매입임대,5,일치
30704250,2,1,5,1,전남광주통합특별시 광산구 신창로48번길 57,1,매입임대,5,일치
30704251,2,1,5,1,전남광주통합특별시 광산구 신창로48번길 63,1,매입임대,5,일치
30704252,3,1,9,1,전남광주통합특별시 광산구 야촌길 17,1,매입임대,9,일치
30704729,7,1,11,1,전남광주통합특별시 동구 무등로 437-1,1,매입임대,11,일치
30704730,3,1,9,1,전남광주통합특별시 동구 경양로217번길 5,1,매입임대,9,일치
30704731,3,1,12,1,전남광주통합특별시 동구 경양로217번길 8,1,매입임대,12,일치
30704732,3,1,12,1,전남광주통합특별시 동구 경양로223번길 6-15,1,매입임대,12,일치
30704733,3,1,12,1,전남광주통합특별시 동구 경양로235번길 15,1,매입임대,12,일치
30704734,4,1,12,1,전남광주통합특별시 동구 경양로235번길 4-3,1,매입임대,12,일치
30704735,1,1,6,1,전남광주통합특별시 동구 무등로415번길 16,1,매입임대,6,일치
30704736,2,1,12,1,전남광주통합특별시 동구 무등로449번길 16,1,매입임대,12,일치
30704737,3,1,9,1,전남광주통합특별시 동구 무등로449번길 32-1,1,매입임대,9,일치
30704738,1,1,12,1,전남광주통합특별시 동구 무등로449번길 42,1,매입임대,12,일치
30704739,4,1,9,1,전남광주통합특별시 동구 무등로449번길 48,1,매입임대,9,일치
30704740,5,1,9,1,전남광주통합특별시 동구 무등로449번길 5-25,1,매입임대,9,일치
30704741,4,1,9,1,전남광주통합특별시 동구 무등로449번길 50,1,매입임대,9,일치
30704742,3,1,9,1,전남광주통합특별시 동구 무등로449번길 8-8,1,매입임대,9,일치
30704743,3,1,13,1,전남광주통합특별시 동구 밤실로136번길 13-7,1,매입임대,13,일치
30704744,5,1,12,1,전남광주통합특별시 동구 산수길39번길 26,1,매입임대,12,일치
30704745,3,1,12,1,전남광주통합특별시 동구 의재로136번길 26-4,1,매입임대,12,일치
30704746,1,1,12,1,전남광주통합특별시 동구 의재로51번길 21,1,매입임대,12,일치
30704747,2,1,12,1,전남광주통합특별시 동구 중흥로227번길 12,1,매입임대,12,일치
30704748,5,1,12,1,전남광주통합특별시 동구 중흥로227번길 6-11,1,매입임대,12,일치
30704749,2,1,6,1,전남광주통합특별시 동구 중흥로241번길 22-1,1,매입임대,6,일치
30704750,5,1,19,1,전남광주통합특별시 동구 필문대로106번길 4,1,매입임대,19,일치
30704751,2,1,12,1,전남광주통합특별시 동구 필문대로137번길 5-7,1,매입임대,12,일치
30704752,2,1,12,1,전남광주통합특별시 동구 필문대로153번길 24,1,매입임대,12,일치
30704753,2,1,12,1,전남광주통합특별시 동구 필문대로159번길 1-13,1,매입임대,12,일치
30704754,7,1,11,1,전남광주통합특별시 동구 필문대로187번길 19-5,1,매입임대,11,일치
30704755,4,1,8,1,전남광주통합특별시 동구 필문대로187번길 7-10,1,매입임대,8,일치
30704756,5,1,8,1,전남광주통합특별시 동구 필문대로187번길 7-14,1,매입임대,8,일치
30704757,5,1,9,1,전남광주통합특별시 동구 무등로306번길 29-15,1,매입임대,9,일치
30704758,4,1,7,1,전남광주통합특별시 서구 군분로 206-3,1,매입임대,7,일치
30704759,2,1,6,1,전남광주통합특별시 서구 풍암운리로 10-1,1,매입임대,6,일치
30704760,6,1,11,1,전남광주통합특별시 서구 경열로54번길 10,1,매입임대,11,일치
30704761,3,1,10,1,전남광주통합특별시 서구 군분로129번길 11,1,매입임대,10,일치
30704762,2,1,6,1,전남광주통합특별시 서구 군분로159번길 12,1,매입임대,6,일치
30704763,2,1,9,1,전남광주통합특별시 서구 화정로276번길 10,1,매입임대,9,일치
30704764,2,1,6,1,전남광주통합특별시 서구 화정로280번길 7,1,매입임대,6,일치
30704765,4,1,9,1,전남광주통합특별시 서구 군분로221번길 4,1,매입임대,9,일치
30704766,2,1,8,1,전남광주통합특별시 서구 군분로222번길 4-1,1,매입임대,8,일치
30704767,3,1,12,1,전남광주통합특별시 서구 금호만호길 90,1,매입임대,12,일치
30704768,3,1,9,1,전남광주통합특별시 서구 금화로481번길 8,1,매입임대,9,일치
30704769,3,1,12,1,전남광주통합특별시 서구 금화로482번길 15,1,매입임대,12,일치
30704770,3,1,6,1,전남광주통합특별시 서구 금화로482번길 15-1,1,매입임대,6,일치
30704771,4,1,9,1,전남광주통합특별시 서구 금화로73번길 14,1,매입임대,9,일치
30704772,4,1,15,1,전남광주통합특별시 서구 내방로350번길 3-6,1,매입임대,15,일치
30704773,3,1,12,1,전남광주통합특별시 서구 내방로404번길 25,1,매입임대,12,일치
30704774,2,1,9,1,전남광주통합특별시 서구 내방마을2길 6-14,1,매입임대,9,일치
30704775,2,1,12,1,전남광주통합특별시 서구 내방마을2길 6-16,1,매입임대,12,일치
30704776,4,1,12,1,전남광주통합특별시 서구 대남대로450번길 10-10,1,매입임대,12,일치
30704777,4,1,12,1,전남광주통합특별시 서구 대남대로450번길 10-12,1,매입임대,12,일치
30704778,3,1,9,1,전남광주통합특별시 서구 대남대로461번길 3,1,매입임대,9,일치
30704779,3,1,12,1,전남광주통합특별시 서구 대남대로462번길 2,1,매입임대,12,일치
30704780,2,1,12,1,전남광주통합특별시 서구 상무대로1005번길 11-33,1,매입임대,12,일치
30704781,1,1,12,1,전남광주통합특별시 서구 상무대로1005번길 17-19,1,매입임대,12,일치
30704782,5,1,18,1,전남광주통합특별시 서구 상무대로1005번길 39-5,1,매입임대,18,일치
30704783,3,1,12,1,전남광주통합특별시 서구 상무대로1171번길 4,1,매입임대,12,일치
30704784,3,1,12,1,전남광주통합특별시 서구 상무대로884번길 26,1,매입임대,12,일치
30704785,2,1,18,1,전남광주통합특별시 서구 상무오월로38번길 27-11,1,매입임대,18,일치
30704786,6,1,18,1,전남광주통합특별시 서구 월드컵4강로181번길 6-8,1,매입임대,18,일치
30704787,3,1,12,1,전남광주통합특별시 서구 월산로225번길 13-18,1,매입임대,12,일치
30704788,2,1,12,1,전남광주통합특별시 서구 월산로225번길 13-22,1,매입임대,12,일치
30704789,3,1,12,1,전남광주통합특별시 서구 풍금로12번길 13,1,매입임대,12,일치
30704790,2,1,12,1,전남광주통합특별시 서구 풍금로24번길 5-1,1,매입임대,12,일치
30704791,2,1,6,1,전남광주통합특별시 서구 풍암신흥로11번길 38-20,1,매입임대,6,일치
30704792,2,1,6,1,전남광주통합특별시 서구 풍암신흥로50번길 31,1,매입임대,6,일치
30704793,2,1,6,1,전남광주통합특별시 서구 풍암신흥로50번길 35,1,매입임대,6,일치
30704794,2,1,6,1,전남광주통합특별시 서구 풍암신흥로50번길 5,1,매입임대,6,일치
30704795,4,1,9,1,전남광주통합특별시 서구 풍암신흥로62번길 3-68,1,매입임대,9,일치
30704796,5,1,8,1,전남광주통합특별시 서구 풍암신흥안길 11-8,1,매입임대,8,일치
30704797,6,1,11,1,전남광주통합특별시 서구 풍암신흥안길 27-5,1,매입임대,11,일치
30704798,2,1,9,1,전남광주통합특별시 서구 풍암신흥안길 7,1,매입임대,9,일치
30704799,2,1,6,1,전남광주통합특별시 서구 풍암운리로33번길 9,1,매입임대,6,일치
30704800,4,1,12,1,전남광주통합특별시 서구 풍암중앙로91번길 4-30,1,매입임대,12,일치
30704801,3,1,9,1,전남광주통합특별시 서구 화개1로1번길 23,1,매입임대,9,일치
30704802,5,1,11,1,전남광주통합특별시 서구 화개2로20번길 28-17,1,매입임대,11,일치
30704803,1,1,6,1,전남광주통합특별시 서구 화개2로20번길 32-17,1,매입임대,6,일치
30704804,5,1,8,1,전남광주통합특별시 서구 화개2로20번길 32-8,1,매입임대,8,일치
30704805,3,1,9,1,전남광주통합특별시 서구 화개2로9번길 9-10,1,매입임대,9,일치
30704806,2,1,9,1,전남광주통합특별시 서구 화개2로9번길 9-11,1,매입임대,9,일치
30704807,2,1,6,1,전남광주통합특별시 서구 화개중앙로3번길 12-10,1,매입임대,6,일치
30704808,2,1,12,1,전남광주통합특별시 서구 화운로100번길 6,1,매입임대,12,일치
30704809,3,1,9,1,전남광주통합특별시 서구 화운로110번길 5-10,1,매입임대,9,일치
30704811,5,1,12,1,전남광주통합특별시 서구 화운로175번길 5-15,1,매입임대,12,일치
30704812,2,1,12,1,전남광주통합특별시 서구 화정로21번길 8-9,1,매입임대,12,일치
30704813,2,1,12,1,전남광주통합특별시 서구 화정로253번길 11-1,1,매입임대,12,일치
30704814,3,1,12,1,전남광주통합특별시 서구 화정로253번길 7,1,매입임대,12,일치
30704815,3,1,12,1,전남광주통합특별시 서구 화정로271번길 11,1,매입임대,12,일치
30704816,2,1,12,1,전남광주통합특별시 서구 화정로279번길 19,1,매입임대,12,일치
30704817,5,1,11,1,전남광주통합특별시 서구 화정로279번길 4,1,매입임대,11,일치
30704818,6,1,16,1,전남광주통합특별시 서구 화정로293번길 6-13,1,매입임대,16,일치
30704819,3,1,11,1,전남광주통합특별시 서구 화정로49번길 34-9,1,매입임대,11,일치
30704820,6,1,10,1,전남광주통합특별시 서구 동림2지구길 15,1,매입임대,10,일치
30704821,5,1,10,1,전남광주통합특별시 서구 동림2지구길 31,1,매입임대,10,일치
30704822,4,1,18,1,전남광주통합특별시 남구 금화로 456,1,매입임대,18,일치
30704823,5,1,12,1,전남광주통합특별시 남구 제중로 24-9,1,매입임대,12,일치
30704824,4,1,10,1,전남광주통합특별시 남구 진다리로 31,1,매입임대,10,일치
30704825,5,1,11,1,전남광주통합특별시 남구 진다리로 49-2,1,매입임대,11,일치
30704826,2,1,9,1,전남광주통합특별시 남구 화정로260번길 18,1,매입임대,9,일치
30704827,4,1,12,1,전남광주통합특별시 남구 화정로272번길 23,1,매입임대,12,일치
30704828,7,1,11,1,전남광주통합특별시 남구 월산로151번길 5-7,1,매입임대,11,일치
30704829,4,1,12,1,전남광주통합특별시 남구 금화로482번길 14,1,매입임대,12,일치
30704830,4,1,6,1,전남광주통합특별시 남구 구성로78번길 21,1,매입임대,6,일치
30704831,1,1,6,1,전남광주통합특별시 남구 금화로394번길 7,1,매입임대,6,일치
30704832,5,1,11,1,전남광주통합특별시 남구 금화로415번길 12,1,매입임대,11,일치
30704833,3,1,12,1,전남광주통합특별시 남구 금화로422번길 13,1,매입임대,12,일치
30704834,3,1,12,1,전남광주통합특별시 남구 금화로422번길 8,1,매입임대,12,일치
30704835,3,1,12,1,전남광주통합특별시 남구 금화로440번길 14,1,매입임대,12,일치
30704836,2,1,12,1,전남광주통합특별시 남구 금화로446번가길 15,1,매입임대,12,일치
30704837,4,1,9,1,전남광주통합특별시 남구 금화로456번길 19,1,매입임대,9,일치
30704838,2,1,10,1,전남광주통합특별시 남구 금화로470번길 19,1,매입임대,10,일치
30704839,4,1,9,1,전남광주통합특별시 남구 대남대로181번길 15-3,1,매입임대,9,일치
30704840,4,1,12,1,전남광주통합특별시 남구 대남대로340번길 17,1,매입임대,12,일치
30704841,3,1,8,1,전남광주통합특별시 남구 대남대로350번길 37,1,매입임대,8,일치
30704842,2,1,10,1,전남광주통합특별시 남구 대남대로350번길 45,1,매입임대,10,일치
30704843,3,1,9,1,전남광주통합특별시 남구 대남대로350번길 49,1,매입임대,9,일치
30704844,3,1,10,1,전남광주통합특별시 남구 대남대로372번안길 27-1,1,매입임대,10,일치
30704845,1,1,12,1,전남광주통합특별시 남구 대남대로390번길 16,1,매입임대,12,일치
30704846,1,1,6,1,전남광주통합특별시 남구 독립로10번길 32-1,1,매입임대,6,일치
30704847,5,1,9,1,전남광주통합특별시 남구 독립로10번길 62,1,매입임대,9,일치
30704848,4,1,9,1,전남광주통합특별시 남구 백양로51번길 3,1,매입임대,9,일치
30704849,8,1,18,1,전남광주통합특별시 남구 백양로61번길 6,1,매입임대,18,일치
30704850,1,1,6,1,전남광주통합특별시 남구 백운로44번길 6-4,1,매입임대,6,일치
30704851,1,1,6,1,전남광주통합특별시 남구 백운로44번길 6-6,1,매입임대,6,일치
30704852,3,1,12,1,전남광주통합특별시 남구 백운로5번길 29-1,1,매입임대,12,일치
30704853,2,1,12,1,전남광주통합특별시 남구 백운로5번길 44-1,1,매입임대,12,일치
30704854,2,1,9,1,전남광주통합특별시 남구 봉선로51번길 30-2,1,매입임대,9,일치
30704855,3,1,15,1,전남광주통합특별시 남구 봉선중앙로134번길 21,1,매입임대,15,일치
30704856,4,1,9,1,전남광주통합특별시 남구 봉주5길 8,1,매입임대,9,일치
30704857,5,1,9,1,전남광주통합특별시 남구 봉주5길 8,1,매입임대,9,일치
30704858,4,1,8,1,전남광주통합특별시 남구 봉주5길 8,1,매입임대,8,일치
30704859,5,1,18,1,전남광주통합특별시 남구 수박등로47번길 12,1,매입임대,18,일치
30704860,4,1,9,1,전남광주통합특별시 남구 월광1길 24-1,1,매입임대,9,일치
30704861,3,1,12,1,전남광주통합특별시 남구 월광1길 27,1,매입임대,12,일치
30704862,2,1,12,1,전남광주통합특별시 남구 월광길 50,1,매입임대,12,일치
30704863,4,1,11,1,전남광주통합특별시 남구 제석로80번길 14,1,매입임대,11,일치
30704864,4,1,9,1,전남광주통합특별시 남구 중앙로33번길 10-1,1,매입임대,9,일치
30704865,3,1,12,1,전남광주통합특별시 남구 진다리로13번서길 1,1,매입임대,12,일치
30704866,2,1,12,1,전남광주통합특별시 남구 진다리로13번서길 3,1,매입임대,12,일치
30704867,5,1,12,1,전남광주통합특별시 남구 진다리로13번서길 5,1,매입임대,12,일치
30704868,2,1,6,1,전남광주통합특별시 남구 회서로21번나길 10,1,매입임대,6,일치
30704869,4,1,8,1,전남광주통합특별시 남구 회재로1224번길 13,1,매입임대,8,일치
30704870,4,1,8,1,전남광주통합특별시 남구 회재로1224번길 15,1,매입임대,8,일치
30704871,4,1,8,1,전남광주통합특별시 남구 회재로1224번길 15-1,1,매입임대,8,일치
30704872,4,1,10,1,전남광주통합특별시 서구 동림2지구길 21-3,1,매입임대,10,일치
30704873,5,1,7,1,전남광주통합특별시 서구 동림2지구길 32,1,매입임대,7,일치
30704874,4,1,12,1,전남광주통합특별시 북구 경양로 95,1,매입임대,12,일치
30704875,8,1,18,1,전남광주통합특별시 북구 군왕로 109,1,매입임대,18,일치
30704876,2,1,12,1,전남광주통합특별시 북구 상촌로 42,1,매입임대,12,일치
30704877,3,1,17,1,전남광주통합특별시 북구 서하로 240-12,1,매입임대,17,일치
30704878,2,1,12,1,전남광주통합특별시 북구 안산로 20-3,1,매입임대,12,일치
30704879,2,1,12,1,전남광주통합특별시 북구 양산택지소로 35,1,매입임대,12,일치
30704880,5,1,18,1,전남광주통합특별시 북구 양산택지소로 43,1,매입임대,18,일치
30704881,6,1,12,1,전남광주통합특별시 북구 우치로 239-5,1,매입임대,12,일치
30704882,6,1,6,1,전남광주통합특별시 북구 우치로 240-12,1,매입임대,6,일치
30704883,7,1,11,1,전남광주통합특별시 북구 우치로 240-14,1,매입임대,11,일치
30704884,5,1,13,1,전남광주통합특별시 북구 월동로 12,1,매입임대,13,일치
30704885,4,1,9,1,전남광주통합특별시 북구 월동로 16-4,1,매입임대,9,일치
30704886,4,1,8,1,전남광주통합특별시 북구 일곡로 19-1,1,매입임대,8,일치
30704887,4,1,12,1,전남광주통합특별시 북구 일곡마을로 82-7,1,매입임대,12,일치
30704888,5,1,9,1,전남광주통합특별시 북구 자라봉로 18,1,매입임대,9,일치
30704889,3,1,18,1,전남광주통합특별시 북구 자라봉로 60,1,매입임대,18,일치
30704890,5,1,12,1,전남광주통합특별시 북구 참판로 177,1,매입임대,12,일치
30704891,6,1,9,1,전남광주통합특별시 북구 참판로 189,1,매입임대,9,일치
30704892,4,1,9,1,전남광주통합특별시 북구 참판로 67,1,매입임대,9,일치
30704893,3,1,12,1,전남광주통합특별시 북구 감적길 18,1,매입임대,12,일치
30704894,3,1,12,1,전남광주통합특별시 북구 경양로103번길 27-5,1,매입임대,12,일치
30704895,3,1,12,1,전남광주통합특별시 북구 경양로119번길 10-8,1,매입임대,12,일치
30704896,4,1,12,1,전남광주통합특별시 북구 경양로183번길 30-6,1,매입임대,12,일치
30704897,4,1,12,1,전남광주통합특별시 북구 경양로183번길 8,1,매입임대,12,일치
30704898,4,1,12,1,전남광주통합특별시 북구 경양로183번길 8-8,1,매입임대,12,일치
30704899,3,1,9,1,전남광주통합특별시 북구 경양로97번길 26-8,1,매입임대,9,일치
30704900,6,1,15,1,전남광주통합특별시 북구 경열로211번길 30-3,1,매입임대,15,일치
30704901,3,1,9,1,전남광주통합특별시 북구 군왕로105번길 10-8,1,매입임대,9,일치
30704902,5,1,8,1,전남광주통합특별시 북구 군왕로18번길 33,1,매입임대,8,일치
30704903,3,1,9,1,전남광주통합특별시 북구 군왕로32번길 5-2,1,매입임대,9,일치
30704904,8,1,9,1,전남광주통합특별시 북구 대천로157번길 13-10,1,매입임대,9,일치
30704905,2,1,12,1,전남광주통합특별시 북구 독립로367번길 49,1,매입임대,12,일치
30704906,4,1,12,1,전남광주통합특별시 북구 동문대로112번길 90,1,매입임대,12,일치
30704907,3,1,9,1,전남광주통합특별시 북구 무등로164번길 23,1,매입임대,9,일치
30704908,7,1,15,1,전남광주통합특별시 북구 본촌마을길102번길 62,1,매입임대,15,일치
30704909,7,1,15,1,전남광주통합특별시 북구 본촌마을길102번길 64,1,매입임대,15,일치
30704910,4,1,11,1,전남광주통합특별시 북구 본촌택지로30번길 8-5,1,매입임대,11,일치
30704911,2,1,12,1,전남광주통합특별시 북구 상촌로43번길 66,1,매입임대,12,일치
30704912,1,1,12,1,전남광주통합특별시 북구 서방로181번길 76,1,매입임대,12,일치
30704913,2,1,12,1,전남광주통합특별시 북구 서암대로160번길 20,1,매입임대,12,일치
30704914,3,1,9,1,전남광주통합특별시 북구 서암대로18번길 9-4,1,매입임대,9,일치
30704915,2,1,12,1,전남광주통합특별시 북구 서하로274번길 9-13,1,매입임대,12,일치
30704916,4,1,8,1,전남광주통합특별시 북구 설죽로196번길 7,1,매입임대,8,일치
30704917,4,1,12,1,전남광주통합특별시 북구 설죽로251번길 8-3,1,매입임대,12,일치
30704918,3,1,6,1,전남광주통합특별시 북구 설죽로455번길 18-12,1,매입임대,6,일치
30704919,3,1,12,1,전남광주통합특별시 북구 설죽로471번길 34-13,1,매입임대,12,일치
30704920,6,1,9,1,전남광주통합특별시 북구 설죽로471번길 57-1,1,매입임대,9,일치
30704921,3,1,9,1,전남광주통합특별시 북구 설죽로471번길 78-7,1,매입임대,9,일치
30704922,2,1,9,1,전남광주통합특별시 북구 설죽로471번길 82-8,1,매입임대,9,일치
30704923,3,1,6,1,전남광주통합특별시 북구 송해로4번길 7-6,1,매입임대,6,일치
30704924,4,1,18,1,전남광주통합특별시 북구 신촌로23번길 20,1,매입임대,18,일치
30704925,4,1,6,1,전남광주통합특별시 북구 신촌로23번길 27,1,매입임대,6,일치
30704926,3,1,18,1,전남광주통합특별시 북구 양산택지로33번길 25-5,1,매입임대,18,일치
30704927,2,1,12,1,전남광주통합특별시 북구 양산택지로37번길 30,1,매입임대,12,일치
30704928,6,1,18,1,전남광주통합특별시 북구 양산택지로37번길 68,1,매입임대,18,일치
30704929,4,1,12,1,전남광주통합특별시 북구 양산택지로37번길 97,1,매입임대,12,일치
30704930,5,1,9,1,전남광주통합특별시 북구 양산택지로79번길 34-3,1,매입임대,9,일치
30704931,3,1,10,1,전남광주통합특별시 북구 양산택지로79번길 38-10,1,매입임대,10,일치
30704932,2,1,12,1,전남광주통합특별시 북구 양산택지로79번길 38-7,1,매입임대,12,일치
30704933,2,1,9,1,전남광주통합특별시 북구 양산택지로79번길 38-9,1,매입임대,9,일치
30704934,4,1,9,1,전남광주통합특별시 북구 양일로344번길 30-8,1,매입임대,9,일치
30704935,4,1,12,1,전남광주통합특별시 북구 양일로344번길 52,1,매입임대,12,일치
30704936,3,1,12,1,전남광주통합특별시 북구 어매마을길17번길 10,1,매입임대,12,일치
30704937,2,1,12,1,전남광주통합특별시 북구 연양로105번길 10,1,매입임대,12,일치
30704938,2,1,12,1,전남광주통합특별시 북구 연양로105번길 14,1,매입임대,12,일치
30704939,4,1,12,1,전남광주통합특별시 북구 연양로105번길 24-2,1,매입임대,12,일치
30704940,2,1,5,1,전남광주통합특별시 북구 우치로257번길 20-3,1,매입임대,5,일치
30704941,4,1,9,1,전남광주통합특별시 북구 우치로264번길 23,1,매입임대,9,일치
30704942,4,1,9,1,전남광주통합특별시 북구 우치로264번길 25,1,매입임대,9,일치
30704943,3,1,12,1,전남광주통합특별시 북구 우치로2번길 58,1,매입임대,12,일치
30704944,6,1,9,1,전남광주통합특별시 북구 우치로2번길 9-12,1,매입임대,9,일치
30704945,4,1,12,1,전남광주통합특별시 북구 우치로311번길 13-3,1,매입임대,12,일치
30704946,6,1,17,1,전남광주통합특별시 북구 운신북길 137,1,매입임대,17,일치
30704947,4,1,13,1,전남광주통합특별시 북구 자동차로48번길 16,1,매입임대,13,일치
30704948,4,1,12,1,전남광주통합특별시 북구 자미로26번길 9,1,매입임대,12,일치
30704949,4,1,9,1,전남광주통합특별시 북구 자미로6번길 23-5,1,매입임대,9,일치
30704950,3,1,9,1,전남광주통합특별시 북구 중흥로163번길 5,1,매입임대,9,일치
30704951,3,1,9,1,전남광주통합특별시 북구 중흥로163번길 8-8,1,매입임대,9,일치
30704952,2,1,12,1,전남광주통합특별시 북구 중흥로173번길 6,1,매입임대,12,일치
30704953,4,1,12,1,전남광주통합특별시 북구 천지인로105번길 12,1,매입임대,12,일치
30704954,2,1,12,1,전남광주통합특별시 북구 천지인로105번길 12-1,1,매입임대,12,일치
30704955,4,1,15,1,전남광주통합특별시 북구 천지인로105번길 19,1,매입임대,15,일치
30704956,5,1,12,1,전남광주통합특별시 북구 호동로73번길 5,1,매입임대,12,일치
30704957,3,1,9,1,전남광주통합특별시 광산구 금봉로 46-1,1,매입임대,9,일치
30704958,2,1,12,1,전남광주통합특별시 광산구 금봉로 90,1,매입임대,12,일치
30704959,1,1,12,1,전남광주통합특별시 광산구 사암로 72-19,1,매입임대,12,일치
30704960,1,1,6,1,전남광주통합특별시 광산구 신가삼효로 12-12,1,매입임대,6,일치
30704961,1,1,6,1,전남광주통합특별시 광산구 신가삼효로 8,1,매입임대,6,일치
30704962,4,1,12,1,전남광주통합특별시 광산구 신가삼효로 8-10,1,매입임대,12,일치
30704963,3,1,12,1,전남광주통합특별시 광산구 우산로 78,1,매입임대,12,일치
30704964,2,1,5,1,전남광주통합특별시 광산구 월곡반월로 64,1,매입임대,5,일치
30704965,2,1,6,1,전남광주통합특별시 광산구 월곡반월로 75,1,매입임대,6,일치
30704966,5,1,8,1,전남광주통합특별시 광산구 광산로78번길 24,1,매입임대,8,일치
30704967,4,1,11,1,전남광주통합특별시 광산구 금봉로54번길 9-5,1,매입임대,11,일치
30704968,3,1,12,1,전남광주통합특별시 광산구 금봉로63번길 19,1,매입임대,12,일치
30704969,2,1,12,1,전남광주통합특별시 광산구 남동길30번길 9-7,1,매입임대,12,일치
30704970,2,1,12,1,전남광주통합특별시 광산구 내상로33번길 62,1,매입임대,12,일치
30704971,3,1,12,1,전남광주통합특별시 광산구 목련로219번길 120,1,매입임대,12,일치
30704972,9,1,12,1,전남광주통합특별시 광산구 목련로219번길 120,1,매입임대,12,일치
30704973,2,1,12,1,전남광주통합특별시 광산구 목련로394번길 10-7,1,매입임대,12,일치
30704974,2,1,12,1,전남광주통합특별시 광산구 목련로394번길 16-8,1,매입임대,12,일치
30704975,1,1,6,1,전남광주통합특별시 광산구 목련로397번안길 8-3,1,매입임대,6,일치
30704976,4,1,15,1,전남광주통합특별시 광산구 사암로118번길 47-8,1,매입임대,15,일치
30704977,4,1,9,1,전남광주통합특별시 광산구 사암로118번길 97-7,1,매입임대,9,일치
30704978,4,1,9,1,전남광주통합특별시 광산구 사암로118번길 97-7,1,매입임대,9,일치
30704979,4,1,9,1,전남광주통합특별시 광산구 사암로118번길 97-7,1,매입임대,9,일치
30704980,3,1,12,1,전남광주통합특별시 광산구 사암로130번길 85,1,매입임대,12,일치
30704981,5,1,8,1,전남광주통합특별시 광산구 사암로131번길 39,1,매입임대,8,일치
30704982,4,1,12,1,전남광주통합특별시 광산구 사암로27번길 30,1,매입임대,12,일치
30704983,3,1,9,1,전남광주통합특별시 광산구 사암로92번길 12,1,매입임대,9,일치
30704984,1,1,12,1,전남광주통합특별시 광산구 사암로92번길 46,1,매입임대,12,일치
30704985,3,1,12,1,전남광주통합특별시 광산구 사암로95번길 21-9,1,매입임대,12,일치
30704986,4,1,18,1,전남광주통합특별시 광산구 산정로37번길 7,1,매입임대,18,일치
30704987,2,1,12,1,전남광주통합특별시 광산구 송도로208번길 8,1,매입임대,12,일치
30704988,5,1,14,1,전남광주통합특별시 광산구 송도로284번길 31-1,1,매입임대,14,일치
30704989,5,1,12,1,전남광주통합특별시 광산구 송정로8번길 59-12,1,매입임대,12,일치
30704991,2,1,9,1,전남광주통합특별시 광산구 신창로106번길 15-8,1,매입임대,9,일치
30704992,2,1,9,1,전남광주통합특별시 광산구 신창로138번길 23-15,1,매입임대,9,일치
30704993,3,1,10,1,전남광주통합특별시 광산구 신창로138번길 23-9,1,매입임대,10,일치
30704994,2,1,10,1,전남광주통합특별시 광산구 신창로138번길 24-8,1,매입임대,10,일치
30704995,3,1,5,1,전남광주통합특별시 광산구 신창로48번길 23,1,매입임대,5,일치
30704996,3,1,5,1,전남광주통합특별시 광산구 신창로48번길 8,1,매입임대,5,일치
30704997,6,1,10,1,전남광주통합특별시 광산구 왕버들로322번길 21,1,매입임대,10,일치
30704998,4,1,6,1,전남광주통합특별시 광산구 왕버들로322번길 31-12,1,매입임대,6,일치
30704999,5,1,11,1,전남광주통합특별시 광산구 왕버들로322번길 7,1,매입임대,11,일치
30705000,5,1,12,1,전남광주통합특별시 광산구 월계로16번길 8-6,1,매입임대,12,일치
30705001,4,1,5,1,전남광주통합특별시 광산구 월계로34번길 31-14,1,매입임대,5,일치
30705002,3,1,8,1,전남광주통합특별시 광산구 월곡로71번길 14,1,매입임대,8,일치
30705003,2,1,6,1,전남광주통합특별시 광산구 월곡반월로76번길 5-4,1,매입임대,6,일치
30705004,4,1,7,1,전남광주통합특별시 광산구 장신로309번길 12-24,1,매입임대,7,일치
30705005,5,1,5,1,전남광주통합특별시 광산구 장신로333번길 13,1,매입임대,5,일치
30819506,5,1,9,1,전남광주통합특별시 북구 북문대로249번길 27,1,매입임대,9,일치
30819507,2,1,9,1,전남광주통합특별시 북구 양산택지로34번길 16-1,1,매입임대,9,일치
30819508,4,1,9,1,전남광주통합특별시 북구 중흥로174번길 18-4,1,매입임대,9,일치
30819524,3,1,12,1,전남광주통합특별시 북구 상촌로31번길 26-12,1,매입임대,12,일치
30819525,4,1,12,1,전남광주통합특별시 북구 양산택지로79번길 38-8,1,매입임대,12,일치
30819533,3,1,9,1,전남광주통합특별시 북구 북문대로249번길 25-8,1,매입임대,9,일치
30819534,4,1,18,1,전남광주통합특별시 북구 설죽로436번길 16,1,매입임대,18,일치
30819547,4,1,18,1,전남광주통합특별시 북구 설죽로436번길 14,1,매입임대,18,일치
30819548,7,1,18,1,전남광주통합특별시 북구 양산택지로51번길 4,1,매입임대,18,일치
30819559,2,1,12,1,전남광주통합특별시 북구 양산택지로79번길 34-7,1,매입임대,12,일치
30819560,4,1,9,1,전남광주통합특별시 북구 중흥로174번길 18-8,1,매입임대,9,일치
30819561,4,1,9,1,전남광주통합특별시 북구 중흥로40번길 11-5,1,매입임대,9,일치
30819573,4,1,12,1,전남광주통합특별시 북구 하서로 373-6,1,매입임대,12,일치
30819574,3,1,9,1,전남광주통합특별시 북구 대천로157번길 59,1,매입임대,9,일치
30819575,3,1,9,1,전남광주통합특별시 북구 설죽로471번길 52,1,매입임대,9,일치
30830405,5,1,9,1,전남광주통합특별시 동구 필문대로205번길 41-30,1,매입임대,9,일치
30830407,1,1,1,1,전남광주통합특별시 북구 하서로466번길 79,1,매입임대,1,일치
30830408,1,1,1,1,전남광주통합특별시 북구 우치로264번길 9,1,매입임대,1,일치
30830409,1,1,1,1,전남광주통합특별시 북구 우치로 292-1,1,매입임대,1,일치
30830410,1,1,1,1,전남광주통합특별시 북구 우치로264번길 5,1,매입임대,1,일치
30830411,1,1,1,1,전남광주통합특별시 북구 본촌택지로 20,1,매입임대,1,일치
30830412,1,1,1,1,전남광주통합특별시 북구 대천로27번길 13-3,1,매입임대,1,일치
30830413,1,1,1,1,전남광주통합특별시 북구 본촌택지로30번길 6-10,1,매입임대,1,일치
30830912,4,1,11,1,전남광주통합특별시 북구 대천로27번길 13-3,1,매입임대,11,일치
30830913,6,1,13,1,전남광주통합특별시 북구 본촌택지로 20,1,매입임대,13,일치
30830914,6,1,13,1,전남광주통합특별시 북구 본촌택지로30번길 6-10,1,매입임대,13,일치
30830915,3,1,18,1,전남광주통합특별시 서구 월산로245번길 23,1,매입임대,18,일치
30830916,4,1,17,1,전남광주통합특별시 북구 우치로 292-1,1,매입임대,17,일치
30830917,3,1,11,1,전남광주통합특별시 북구 하서로466번길 79,1,매입임대,11,일치
30830918,2,1,8,1,전남광주통합특별시 북구 우치로264번길 9,1,매입임대,8,일치
30830919,7,1,8,1,전남광주통합특별시 북구 우치로264번길 5,1,매입임대,8,일치
30835592,3,1,12,1,전남광주통합특별시 북구 신촌로 29,1,매입임대,12,일치
30835593,3,1,12,1,전남광주통합특별시 북구 본촌택지로30번길 42,1,매입임대,12,일치
30835594,3,1,9,1,전남광주통합특별시 북구 하서로466번길 91,1,매입임대,9,일치
30835596,6,1,14,1,전남광주통합특별시 북구 본촌택지로 21,1,매입임대,14,일치
30835597,3,1,12,1,전남광주통합특별시 북구 하서로466번길 85,1,매입임대,12,일치
30835598,2,1,9,1,전남광주통합특별시 북구 양산택지로79번길 8-4,1,매입임대,9,일치
30835599,5,1,15,1,전남광주통합특별시 북구 본촌택지로29번길 3-9,1,매입임대,15,일치
30835600,3,1,9,1,전남광주통합특별시 북구 양산택지로79번길 8-2,1,매입임대,9,일치
30835601,3,1,12,1,전남광주통합특별시 북구 본촌택지로30번길 44,1,매입임대,12,일치
30853077,7,1,12,1,전남광주통합특별시 북구 군왕로51번길 110,1,매입임대,12,일치
30853078,2,1,12,1,전남광주통합특별시 북구 중흥로163번길 11,1,매입임대,12,일치
30853079,6,1,12,1,전남광주통합특별시 북구 군왕로51번길 106,1,매입임대,12,일치
30853080,2,1,12,1,전남광주통합특별시 북구 중흥로163번길 9,1,매입임대,12,일치
30853081,1,1,6,1,전남광주통합특별시 북구 효열로 28,1,매입임대,6,일치
30853082,2,1,12,1,전남광주통합특별시 북구 서방로148번길 10-13,1,매입임대,12,일치
30853083,2,1,12,1,전남광주통합특별시 북구 서방로148번길 10-9,1,매입임대,12,일치
30976214,2,1,18,1,전남광주통합특별시 북구 양산택지로33번길 29-4,1,매입임대,18,일치
30976215,3,1,12,1,전남광주통합특별시 북구 우치로241번길 13,1,매입임대,12,일치
30976216,3,1,9,1,전남광주통합특별시 광산구 목련로219번길 130,1,매입임대,9,일치
30976217,7,1,18,1,전남광주통합특별시 서구 화정로279번길 15,1,매입임대,18,일치
30976218,3,1,12,1,전남광주통합특별시 북구 양산택지로37번길 17,1,매입임대,12,일치
30976219,2,1,12,1,전남광주통합특별시 북구 독립로367번길 13,1,매입임대,12,일치
30976220,4,1,12,1,전남광주통합특별시 북구 안산로 89,1,매입임대,12,일치
30976221,2,1,12,1,전남광주통합특별시 동구 필문대로137번길 5-15,1,매입임대,12,일치
30976222,3,1,9,1,전남광주통합특별시 북구 금남로13번길 10,1,매입임대,9,일치
30976223,3,1,12,1,전남광주통합특별시 북구 중가로3번길 13,1,매입임대,12,일치
30976224,4,1,12,1,전남광주통합특별시 북구 독립로367번길 66,1,매입임대,12,일치
30976225,2,1,12,1,전남광주통합특별시 서구 화정로279번길 8,1,매입임대,12,일치
30976226,5,1,12,1,전남광주통합특별시 북구 중가로3번길 15,1,매입임대,12,일치
30976227,7,1,13,1,전남광주통합특별시 북구 군왕로117번길 9-3,1,매입임대,13,일치
30976228,2,1,18,1,전남광주통합특별시 북구 서하로 272,1,매입임대,18,일치
30976229,3,1,9,1,전남광주통합특별시 광산구 목련로219번길 132,1,매입임대,9,일치
30976231,2,1,9,1,전남광주통합특별시 동구 필문대로192번길 22,1,매입임대,9,일치
30976232,4,1,12,1,전남광주통합특별시 북구 독립로367번길 64,1,매입임대,12,일치
30976233,10,1,15,1,전남광주통합특별시 남구 용대로183번안길 12-1,1,매입임대,15,일치
30976234,4,1,9,1,전남광주통합특별시 북구 서하로455번길 6,1,매입임대,9,일치
30976235,2,1,18,1,전남광주통합특별시 북구 신촌로7번길 11,1,매입임대,18,일치
30976236,4,1,18,1,전남광주통합특별시 북구 자라봉로63번길 15-3,1,매입임대,18,일치
30976237,4,1,8,1,전남광주통합특별시 서구 발산로45번길 27-1,1,매입임대,8,일치
30976238,4,1,9,1,전남광주통합특별시 북구 경양로 98-1,1,매입임대,9,일치
30978942,4,1,133,1,전남광주통합특별시 남구 효우2로 90,1,10년임대,133,일치
31001425,7,1,14,1,전남광주통합특별시 북구 저불로31번길 14-2,1,매입임대,14,일치
31001433,7,1,14,1,전남광주통합특별시 북구 저불로31번길 10-3,1,매입임대,14,일치
31001434,7,1,18,1,전남광주통합특별시 북구 청계로 22,1,매입임대,18,일치
31006941,1,1,6,1,전남광주통합특별시 북구 연양로117번길 3-1,1,매입임대,6,일치
31006942,6,1,10,1,전남광주통합특별시 북구 우치로257번길 20-1,1,매입임대,10,일치
31006943,3,1,12,1,전남광주통합특별시 광산구 남동길30번길 9-20,1,매입임대,12,일치
31006944,2,1,12,1,전남광주통합특별시 광산구 사암로118번길 7,1,매입임대,12,일치
31006945,6,1,9,1,전남광주통합특별시 서구 월산로194번길 11,1,매입임대,9,일치
31006946,5,1,15,1,전남광주통합특별시 북구 서하로257번길 5-8,1,매입임대,15,일치
31006947,3,1,9,1,전남광주통합특별시 북구 경양로103번길 27-10,1,매입임대,9,일치
31006950,3,1,9,1,전남광주통합특별시 북구 자동차로47번길 75,1,매입임대,9,일치
31006951,4,1,10,1,전남광주통합특별시 북구 우치로257번길 20-11,1,매입임대,10,일치
31006953,8,1,12,1,전남광주통합특별시 서구 상무대로1194번길 20,1,매입임대,12,일치
31006954,7,1,15,1,전남광주통합특별시 남구 백양로51번길 9,1,매입임대,15,일치
31006955,5,1,8,1,전남광주통합특별시 남구 구성로20번길 14,1,매입임대,8,일치
31006956,3,1,12,1,전남광주통합특별시 북구 중문로 38,1,매입임대,12,일치
31006957,3,1,12,1,전남광주통합특별시 북구 독립로367번길 40-6,1,매입임대,12,일치
31006958,2,1,9,1,전남광주통합특별시 광산구 사암로92번길 89-30,1,매입임대,9,일치
31006961,9,1,18,1,전남광주통합특별시 서구 금화로481번길 6-9,1,매입임대,18,일치
31006963,2,1,18,1,전남광주통합특별시 남구 금화로394번길 30,1,매입임대,18,일치
31006964,1,1,6,1,전남광주통합특별시 북구 연양로117번길 1,1,매입임대,6,일치
31006966,3,1,9,1,전남광주통합특별시 남구 백운로52번길 4,1,매입임대,9,일치
31006967,5,1,15,1,전남광주통합특별시 북구 북문대로249번길 13-1,1,매입임대,15,일치
31006968,5,1,15,1,전남광주통합특별시 광산구 내상로33번길 14,1,매입임대,15,일치
31036841,3,1,9,1,전남광주통합특별시 동구 산수길35번길 22,1,매입임대,9,일치
31036842,3,1,9,1,전남광주통합특별시 동구 산수길35번길 20-7,1,매입임대,9,일치
31036843,4,1,9,1,전남광주통합특별시 서구 천변좌로130번길 18,1,매입임대,9,일치
31036844,3,1,9,1,전남광주통합특별시 서구 월산로225번길 13-13,1,매입임대,9,일치
31036845,3,1,9,1,전남광주통합특별시 동구 무등로449번길 36,1,매입임대,9,일치
31036846,6,1,15,1,전남광주통합특별시 서구 쌍촌로47번길 31,1,매입임대,15,일치
31036847,3,1,9,1,전남광주통합특별시 남구 금화로446번나길 14,1,매입임대,9,일치
31036848,4,1,6,1,전남광주통합특별시 남구 구성로78번길 35,1,매입임대,6,일치
31036849,6,1,16,1,전남광주통합특별시 광산구 소촌로46번길 3-20,1,매입임대,16,일치
31036851,3,1,9,1,전남광주통합특별시 동구 산수길35번길 24,1,매입임대,9,일치
31036853,4,1,9,1,전남광주통합특별시 서구 천변좌로130번길 16-1,1,매입임대,9,일치
31036854,4,1,9,1,전남광주통합특별시 서구 천변좌로130번길 16,1,매입임대,9,일치
31041265,3,1,9,1,전남광주통합특별시 동구 산수길39번길 21,1,매입임대,9,일치
31041266,2,1,12,1,전남광주통합특별시 서구 천변좌로130번길 17,1,매입임대,12,일치
31041267,3,1,9,1,전남광주통합특별시 북구 오문로38번길 17,1,매입임대,9,일치
31041268,4,1,18,1,전남광주통합특별시 북구 비엔날레로93번길 23-5,1,매입임대,18,일치
31041269,3,1,9,1,전남광주통합특별시 동구 산수길39번길 25-1,1,매입임대,9,일치
31041270,3,1,9,1,전남광주통합특별시 동구 산수길39번길 23,1,매입임대,9,일치
31041271,3,1,9,1,전남광주통합특별시 동구 산수길35번길 28,1,매입임대,9,일치
31041272,1,1,18,1,전남광주통합특별시 광산구 월전로 6-55,1,매입임대,18,일치
31041273,2,1,12,1,전남광주통합특별시 북구 신촌로13번길 15,1,매입임대,12,일치
31041274,1,1,18,1,전남광주통합특별시 광산구 월전로 6-51,1,매입임대,18,일치
31041275,3,1,9,1,전남광주통합특별시 동구 산수길35번길 26,1,매입임대,9,일치
31041276,6,1,15,1,전남광주통합특별시 광산구 월전로 6-59,1,매입임대,15,일치
31041277,3,1,18,1,전남광주통합특별시 광산구 월전로 6-39,1,매입임대,18,일치
31041278,3,1,9,1,전남광주통합특별시 동구 산수길39번길 25,1,매입임대,9,일치
31041279,3,1,9,1,전남광주통합특별시 북구 오문로38번길 15,1,매입임대,9,일치
31045688,4,1,12,1,전남광주통합특별시 북구 군왕로51번길 114,1,매입임대,12,일치
31046399,5,1,520,1,전남광주통합특별시 광산구 선운로 65,1,10년임대,520,일치
31055979,4,1,18,1,전남광주통합특별시 남구 월산로116번길 20-11,1,매입임대,18,일치
31055980,5,1,16,1,전남광주통합특별시 광산구 월전로 22-55,1,매입임대,16,일치
31055981,2,1,18,1,전남광주통합특별시 남구 월산로116번길 20-9,1,매입임대,18,일치
31055982,6,1,18,1,전남광주통합특별시 남구 사직안길 6,1,매입임대,18,일치
31055984,3,1,9,1,전남광주통합특별시 서구 월드컵4강로71번길 19,1,매입임대,9,일치
31101996,7,1,902,1,전남광주통합특별시 남구 행암길 9,1,행복주택,902,일치
31105740,5,1,11,1,전남광주통합특별시 북구 용봉택지로13번길 17-1,1,매입임대,11,일치
31105741,4,1,8,1,전남광주통합특별시 북구 일곡마을로124번길 37,1,매입임대,8,일치
31105743,4,1,18,1,전남광주통합특별시 북구 군왕로 101,1,매입임대,18,일치
31105744,4,1,8,1,전남광주통합특별시 북구 일곡마을로124번길 41,1,매입임대,8,일치
31105745,4,1,8,1,전남광주통합특별시 광산구 우산로 74-18,1,매입임대,8,일치
31111837,5,1,8,1,전남광주통합특별시 서구 상무대로1194번길 8-19,1,매입임대,8,일치
31111838,3,1,9,1,전남광주통합특별시 남구 대남대로340번길 41,1,매입임대,9,일치
31111842,6,1,18,1,전남광주통합특별시 서구 화정로49번길 15,1,매입임대,18,일치
31111844,8,1,18,1,전남광주통합특별시 서구 화정로49번길 15-1,1,매입임대,18,일치
31111845,3,1,18,1,전남광주통합특별시 북구 중흥로17번길 7,1,매입임대,18,일치
31113253,3,1,6,1,전남광주통합특별시 광산구 월곡로71번길 19-7,1,매입임대,6,일치
31113254,4,1,12,1,전남광주통합특별시 북구 천지인로105번길 11-11,1,매입임대,12,일치
31113256,2,1,12,1,전남광주통합특별시 북구 중가로37번길 9,1,매입임대,12,일치
31118712,1,1,1,1,전남광주통합특별시 북구 반룡로27번길 10-7,1,매입임대,1,일치
31118713,1,1,1,1,전남광주통합특별시 북구 반룡로27번길 10-7,1,매입임대,1,일치
31122371,1,1,1,1,전남광주통합특별시 동구 충장로58번길 14,1,매입임대,1,일치
31122482,1,1,1,1,전남광주통합특별시 동구 충장로58번길 14,1,매입임대,1,일치
31122483,1,1,1,1,전남광주통합특별시 동구 충장로58번길 14,1,매입임대,1,일치
31122484,1,1,1,1,전남광주통합특별시 동구 충장로58번길 14,1,매입임대,1,일치
31135041,6,1,18,1,전남광주통합특별시 광산구 송도로 348-3,1,매입임대,18,일치
31135043,3,1,9,1,전남광주통합특별시 광산구 송도로 348-2,1,매입임대,9,일치
31135045,2,1,9,1,전남광주통합특별시 남구 구성로 104-1,1,매입임대,9,일치
31135046,4,1,12,1,전남광주통합특별시 북구 경열로234번길 46,1,매입임대,12,일치
31135047,4,1,18,1,전남광주통합특별시 광산구 송도로 348-1,1,매입임대,18,일치
31150837,6,1,18,1,전남광주통합특별시 광산구 소촌로 90-16,1,매입임대,18,일치
31151685,3,1,9,1,전남광주통합특별시 서구 양동로17번길 17,1,매입임대,9,일치
31160885,3,1,6,1,전남광주통합특별시 북구 일곡마을로 129-14,1,매입임대,6,일치
31170284,1,1,1,1,전남광주통합특별시 북구 반룡로27번길 10-7,1,매입임대,1,일치
31170700,1,1,1,1,전남광주통합특별시 북구 반룡로27번길 10-7,1,매입임대,1,일치
31170701,1,1,1,1,전남광주통합특별시 북구 반룡로27번길 10-7,1,매입임대,1,일치
31170702,1,1,1,1,전남광주통합특별시 북구 반룡로27번길 10-7,1,매입임대,1,일치
31170703,1,1,1,1,전남광주통합특별시 북구 반룡로27번길 10-7,1,매입임대,1,일치
31170704,1,1,1,1,전남광주통합특별시 북구 반룡로27번길 10-7,1,매입임대,1,일치
31170705,1,1,1,1,전남광주통합특별시 북구 반룡로27번길 10-7,1,매입임대,1,일치
31170706,1,1,1,1,전남광주통합특별시 북구 반룡로27번길 10-7,1,매입임대,1,일치
31173635,2,1,9,1,전남광주통합특별시 남구 월광2길 45,1,매입임대,9,일치
31173636,3,1,18,1,전남광주통합특별시 북구 우치로383번길 9,1,매입임대,18,일치
31173642,15,1,18,1,전남광주통합특별시 서구 화정로21번길 10,1,매입임대,18,일치
31182436,1,1,1,1,전남광주통합특별시 서구 상무민주로5번길 9,1,매입임대,1,일치
31187238,3,1,18,1,전남광주통합특별시 서구 양동로17번길 18,1,매입임대,18,일치
31189001,1,1,1,1,전남광주통합특별시 서구 상무민주로5번길 9,1,매입임대,1,일치
31189201,3,1,460,1,전남광주통합특별시 남구 노대실로 9,1,행복주택,460,일치
31189423,1,1,1,1,전남광주통합특별시 북구 면앙로32번길 8-7,1,매입임대,1,일치
31189424,1,1,1,1,전남광주통합특별시 북구 면앙로32번길 8-7,1,매입임대,1,일치
31189456,1,1,1,1,전남광주통합특별시 북구 면앙로32번길 8-7,1,매입임대,1,일치
31189481,1,1,1,1,전남광주통합특별시 북구 면앙로32번길 8-7,1,매입임대,1,일치
31189482,1,1,1,1,전남광주통합특별시 북구 면앙로32번길 8-7,1,매입임대,1,일치
31189483,1,1,1,1,전남광주통합특별시 북구 면앙로32번길 8-7,1,매입임대,1,일치
31189484,1,1,1,1,전남광주통합특별시 북구 면앙로32번길 8-7,1,매입임대,1,일치
31189539,1,1,1,1,전남광주통합특별시 북구 면앙로32번길 8-7,1,매입임대,1,일치
31189540,1,1,1,1,전남광주통합특별시 북구 면앙로32번길 8-7,1,매입임대,1,일치
31189541,1,1,1,1,전남광주통합특별시 북구 면앙로32번길 8-7,1,매입임대,1,일치
31189542,1,1,1,1,전남광주통합특별시 북구 면앙로32번길 8-7,1,매입임대,1,일치
31189543,1,1,1,1,전남광주통합특별시 북구 면앙로32번길 8-7,1,매입임대,1,일치
31189599,1,1,1,1,전남광주통합특별시 북구 면앙로32번길 8-7,1,매입임대,1,일치
31189625,1,1,1,1,전남광주통합특별시 북구 면앙로32번길 8-7,1,매입임대,1,일치
31189626,1,1,1,1,전남광주통합특별시 북구 면앙로32번길 8-7,1,매입임대,1,일치
31190046,2,1,9,1,전남광주통합특별시 북구 경양로87번길 8-8,1,매입임대,9,일치
31190049,4,1,18,1,전남광주통합특별시 서구 화정로21번길 10-1,1,매입임대,18,일치
31190053,4,1,8,1,전남광주통합특별시 북구 설죽로 390-15,1,매입임대,8,일치
31191163,2,1,9,1,전남광주통합특별시 남구 금화로456번길 26,1,매입임대,9,일치
31191164,4,1,9,1,전남광주통합특별시 북구 우치로 375-15,1,매입임대,9,일치
31191171,3,1,18,1,전남광주통합특별시 북구 양산신촌길 56,1,매입임대,18,일치
31191172,8,1,18,1,전남광주통합특별시 북구 우치로361번길 4,1,매입임대,18,일치
31191173,6,1,18,1,전남광주통합특별시 북구 우치로361번길 6,1,매입임대,18,일치
31191176,4,1,9,1,전남광주통합특별시 북구 오산정길 12-3,1,매입임대,9,일치
31194471,1,1,6,1,전남광주통합특별시 북구 무등로39번길 7,1,매입임대,6,일치
31196584,4,1,18,1,전남광주통합특별시 북구 상촌로31번길 12-6,1,매입임대,18,일치
31196585,4,1,12,1,전남광주통합특별시 북구 연양로117번길 3-4,1,매입임대,12,일치
31196588,1,1,6,1,전남광주통합특별시 북구 연양로117번길 9-5,1,매입임대,6,일치
31196589,3,1,9,1,전남광주통합특별시 북구 우치로275번길 16-6,1,매입임대,9,일치
31196590,2,1,9,1,전남광주통합특별시 광산구 어등대로577번길 45,1,매입임대,9,일치
31196591,5,1,12,1,전남광주통합특별시 광산구 목련로382번길 94-13,1,매입임대,12,일치
31196593,6,1,18,1,전남광주통합특별시 광산구 금봉로59번길 19,1,매입임대,18,일치
31196826,3,1,300,1,전남광주통합특별시 광산구 용아로 175-6,1,행복주택,300,일치
31196828,2,1,9,1,전남광주통합특별시 북구 동문대로122번길 55,1,매입임대,9,일치
31196832,2,1,12,1,전남광주통합특별시 북구 자라봉로56번길 15-6,1,매입임대,12,일치
31197169,4,1,18,1,전남광주통합특별시 서구 운천로154번길 30-5,1,매입임대,18,일치
31197181,2,1,18,1,전남광주통합특별시 서구 운천로154번길 30-7,1,매입임대,18,일치
31200704,2,1,44,1,전남광주통합특별시 서구 천변좌로140번길 20,1,매입임대,44,일치
31201283,4,1,15,1,전남광주통합특별시 서구 천변좌로140번길 18,1,매입임대,15,일치
31202181,4,1,9,1,전남광주통합특별시 북구 서방로148번길 10-15,1,매입임대,9,일치
31204495,1,1,1,1,전남광주통합특별시 서구 상무민주로 10,1,매입임대,1,일치
31204768,1,1,1,1,전남광주통합특별시 서구 상무민주로 10,1,매입임대,1,일치
31214869,1,1,1,1,전남광주통합특별시 북구 대자로 55,1,매입임대,1,일치
31214963,1,1,1,1,전남광주통합특별시 서구 경열로45번길 13,1,매입임대,1,일치
31215145,1,1,1,1,전남광주통합특별시 북구 대자로 55,1,매입임대,1,일치
31215427,1,1,1,1,전남광주통합특별시 북구 대자로 55,1,매입임대,1,일치
31218463,2,1,18,1,전남광주통합특별시 광산구 어등대로665번길 18-6,1,매입임대,18,일치
31218464,2,1,11,1,전남광주통합특별시 북구 경열로233번길 47-5,1,매입임대,11,일치
31218465,4,1,16,1,전남광주통합특별시 광산구 소촌로46번길 33,1,매입임대,16,일치
31222867,3,1,16,1,전남광주통합특별시 북구 우치로311번길 7-16,1,매입임대,16,일치
31224138,1,1,1,1,전남광주통합특별시 광산구 목련로 41,1,매입임대,1,일치
31224139,1,1,1,1,전남광주통합특별시 광산구 선운중앙로 45,1,매입임대,1,일치
31224142,1,1,1,1,전남광주통합특별시 광산구 목련로 15,1,매입임대,1,일치
31224146,1,1,1,1,전남광주통합특별시 서구 내방로 337,1,매입임대,1,일치
31224149,1,1,1,1,전남광주통합특별시 서구 내방로 337,1,매입임대,1,일치
31224150,1,1,1,1,전남광주통합특별시 광산구 신창로161번길 34,1,매입임대,1,일치
31224156,1,1,1,1,전남광주통합특별시 서구 무진대로772번길 4,1,매입임대,1,일치
31224157,1,1,1,1,전남광주통합특별시 북구 무등로111번길 30,1,매입임대,1,일치
31224158,1,1,1,1,전남광주통합특별시 광산구 목련로 41,1,매입임대,1,일치
31224159,1,1,1,1,전남광주통합특별시 광산구 목련로 42,1,매입임대,1,일치
31224160,1,1,1,1,전남광주통합특별시 광산구 목련로 42,1,매입임대,1,일치
31224161,1,1,1,1,전남광주통합특별시 광산구 목련로 41,1,매입임대,1,일치
31224163,1,1,1,1,전남광주통합특별시 서구 내방로 337,1,매입임대,1,일치
31224164,1,1,1,1,전남광주통합특별시 북구 양산택지로37번길 78,1,매입임대,1,일치
31226645,1,1,1,1,전남광주통합특별시 남구 효우2로 21,1,매입임대,1,일치
31226646,1,1,1,1,전남광주통합특별시 북구 양산택지소로 20,1,매입임대,1,일치
31226647,1,1,1,1,전남광주통합특별시 북구 서방로40번길 13,1,매입임대,1,일치
31226649,1,1,1,1,전남광주통합특별시 광산구 목련로 41,1,매입임대,1,일치
31226650,1,1,1,1,전남광주통합특별시 광산구 산월로 81,1,매입임대,1,일치
31226651,1,1,1,1,전남광주통합특별시 광산구 목련로 41,1,매입임대,1,일치
31226653,1,1,1,1,전남광주통합특별시 동구 남문로 307,1,매입임대,1,일치
31226654,1,1,1,1,전남광주통합특별시 남구 방림로 31,1,매입임대,1,일치
31226655,1,1,1,1,전남광주통합특별시 광산구 목련로 15,1,매입임대,1,일치
31226657,1,1,1,1,전남광주통합특별시 남구 노대실로 89,1,매입임대,1,일치
31229626,1,1,1,1,전남광주통합특별시 광산구 송도로320번길 1-16,1,매입임대,1,일치
31229627,1,1,1,1,전남광주통합특별시 남구 노대실로 33,1,매입임대,1,일치
31229629,1,1,1,1,전남광주통합특별시 광산구 목련로 15,1,매입임대,1,일치
31229630,1,1,1,1,전남광주통합특별시 광산구 목련로 15,1,매입임대,1,일치
31229631,1,1,1,1,전남광주통합특별시 북구 태봉로 37,1,매입임대,1,일치
31229632,1,1,1,1,전남광주통합특별시 남구 노대실로 33,1,매입임대,1,일치
31229633,1,1,1,1,전남광주통합특별시 북구 하백로6번길 12,1,매입임대,1,일치
31229634,1,1,1,1,전남광주통합특별시 광산구 목련로 41,1,매입임대,1,일치
31229636,1,1,1,1,전남광주통합특별시 남구 노대실로 89,1,매입임대,1,일치
31229637,1,1,1,1,전남광주통합특별시 남구 노대실로 33,1,매입임대,1,일치
31229638,1,1,1,1,전남광주통합특별시 남구 노대실로 33,1,매입임대,1,일치
31229965,2,1,264,1,전남광주통합특별시 동구 용산2로 20,1,국민임대,264,일치
31229966,3,1,264,1,전남광주통합특별시 동구 용산2로 20,1,행복주택,264,일치
31232548,1,1,1,1,전남광주통합특별시 남구 노대실로 33,1,매입임대,1,일치
31232549,1,1,1,1,전남광주통합특별시 광산구 목련로 15,1,매입임대,1,일치
31232550,1,1,1,1,전남광주통합특별시 광산구 신창로71번길 33,1,매입임대,1,일치
31235681,3,1,8,1,전남광주통합특별시 북구 우치로241번길 32,1,매입임대,8,일치
31235682,2,1,9,1,전남광주통합특별시 북구 우치로241번길 28,1,매입임대,9,일치
31237239,1,1,1,1,전남광주통합특별시 광산구 목련로 15,1,매입임대,1,일치
31237244,1,1,1,1,전남광주통합특별시 남구 효우2로 45,1,매입임대,1,일치
31237462,1,1,1,1,전남광주통합특별시 광산구 신창로161번길 34,1,매입임대,1,일치
31237463,1,1,1,1,전남광주통합특별시 광산구 신창로161번길 34,1,매입임대,1,일치
31237464,1,1,1,1,전남광주통합특별시 광산구 신창로161번길 34,1,매입임대,1,일치
31237465,1,1,1,1,전남광주통합특별시 광산구 신창로35번길 20,1,매입임대,1,일치
31237466,1,1,1,1,전남광주통합특별시 광산구 신창로35번길 80,1,매입임대,1,일치
31237468,1,1,1,1,전남광주통합특별시 광산구 신창로35번길 80,1,매입임대,1,일치
31237472,1,1,1,1,전남광주통합특별시 광산구 소촌로86번길 20-17,1,매입임대,1,일치
31237473,1,1,1,1,전남광주통합특별시 광산구 신창로161번길 19,1,매입임대,1,일치
31237474,1,1,1,1,전남광주통합특별시 광산구 신창로35번길 20,1,매입임대,1,일치
31237477,1,1,1,1,전남광주통합특별시 광산구 선운로 33,1,매입임대,1,일치
31237478,1,1,1,1,전남광주통합특별시 광산구 신창로161번길 19,1,매입임대,1,일치
31237479,1,1,1,1,전남광주통합특별시 광산구 신창로161번길 34,1,매입임대,1,일치
31237743,1,1,1,1,전남광주통합특별시 북구 양일로 52,1,매입임대,1,일치
31237744,1,1,1,1,전남광주통합특별시 북구 하서로 71,1,매입임대,1,일치
31237747,1,1,1,1,전남광주통합특별시 북구 동운로 192,1,매입임대,1,일치
31237748,1,1,1,1,전남광주통합특별시 북구 첨단연신로 184,1,매입임대,1,일치
31237750,1,1,1,1,전남광주통합특별시 북구 문화소통로 313,1,매입임대,1,일치
31237751,1,1,1,1,전남광주통합특별시 북구 서강로54번길 11,1,매입임대,1,일치
31237752,1,1,1,1,전남광주통합특별시 북구 서방로40번길 13,1,매입임대,1,일치
31237755,1,1,1,1,전남광주통합특별시 북구 하서로 71,1,매입임대,1,일치
31237760,1,1,1,1,전남광주통합특별시 북구 서강로54번길 10,1,매입임대,1,일치
31237763,1,1,1,1,전남광주통합특별시 북구 문화소통로 313,1,매입임대,1,일치
31237764,1,1,1,1,전남광주통합특별시 북구 설죽로148번길 10,1,매입임대,1,일치
31238077,1,1,1,1,전남광주통합특별시 동구 무등로 374,1,매입임대,1,일치
31238078,1,1,1,1,전남광주통합특별시 동구 남문로693번길 11,1,매입임대,1,일치
31238079,1,1,1,1,전남광주통합특별시 동구 남문로693번길 11,1,매입임대,1,일치
31238080,1,1,1,1,전남광주통합특별시 동구 동명로69번길 20,1,매입임대,1,일치
31238081,1,1,1,1,전남광주통합특별시 남구 노대실로 89,1,매입임대,1,일치
31238082,1,1,1,1,전남광주통합특별시 남구 독립로80번길 7,1,매입임대,1,일치
31238083,1,1,1,1,전남광주통합특별시 남구 독립로80번길 7,1,매입임대,1,일치
31238095,1,1,1,1,전남광주통합특별시 남구 효우2로 45,1,매입임대,1,일치
31238096,1,1,1,1,전남광주통합특별시 남구 독립로80번길 7,1,매입임대,1,일치
31238097,1,1,1,1,전남광주통합특별시 남구 독립로80번길 7,1,매입임대,1,일치
31238098,1,1,1,1,전남광주통합특별시 남구 독립로80번길 7,1,매입임대,1,일치
31238099,1,1,1,1,전남광주통합특별시 남구 독립로80번길 7,1,매입임대,1,일치
31238107,1,1,1,1,전남광주통합특별시 동구 무등로 374,1,매입임대,1,일치
31238108,1,1,1,1,전남광주통합특별시 동구 무등로 374,1,매입임대,1,일치
31238109,1,1,1,1,전남광주통합특별시 동구 무등로 374,1,매입임대,1,일치
31238110,1,1,1,1,전남광주통합특별시 서구 발산로 36,1,매입임대,1,일치
31238111,1,1,1,1,전남광주통합특별시 서구 동천로18번길 19,1,매입임대,1,일치
31238112,1,1,1,1,전남광주통합특별시 남구 노대실로 33,1,매입임대,1,일치
31238113,1,1,1,1,전남광주통합특별시 남구 효우2로 21,1,매입임대,1,일치
31238114,1,1,1,1,전남광주통합특별시 남구 효우2로 21,1,매입임대,1,일치
31238115,1,1,1,1,전남광주통합특별시 남구 서문대로704번길 10,1,매입임대,1,일치
31238124,1,1,1,1,전남광주통합특별시 동구 무등로 374,1,매입임대,1,일치
31238125,1,1,1,1,전남광주통합특별시 남구 독립로80번길 7,1,매입임대,1,일치
31238126,1,1,1,1,전남광주통합특별시 남구 독립로80번길 7,1,매입임대,1,일치
31238137,1,1,1,1,전남광주통합특별시 동구 남문로693번길 11,1,매입임대,1,일치
31238138,1,1,1,1,전남광주통합특별시 동구 남문로693번길 11,1,매입임대,1,일치
31238139,1,1,1,1,전남광주통합특별시 서구 동천로 11,1,매입임대,1,일치
31238140,1,1,1,1,전남광주통합특별시 남구 노대실로 33,1,매입임대,1,일치
31238141,1,1,1,1,전남광주통합특별시 남구 효우2로 21,1,매입임대,1,일치
31238142,1,1,1,1,전남광주통합특별시 남구 효우2로 45,1,매입임대,1,일치
31238143,1,1,1,1,전남광주통합특별시 남구 효우2로 45,1,매입임대,1,일치
31238144,1,1,1,1,전남광주통합특별시 남구 독립로80번길 7,1,매입임대,1,일치
31238145,1,1,1,1,전남광주통합특별시 남구 독립로80번길 7,1,매입임대,1,일치
31238146,1,1,1,1,전남광주통합특별시 남구 독립로80번길 7,1,매입임대,1,일치
31238147,1,1,1,1,전남광주통합특별시 남구 독립로80번길 7,1,매입임대,1,일치
31238148,1,1,1,1,전남광주통합특별시 남구 독립로80번길 7,1,매입임대,1,일치
31238158,1,1,1,1,전남광주통합특별시 남구 효우2로 45,1,매입임대,1,일치
31238159,1,1,1,1,전남광주통합특별시 남구 독립로80번길 7,1,매입임대,1,일치
31238175,1,1,1,1,전남광주통합특별시 동구 무등로 374,1,매입임대,1,일치
31238176,1,1,1,1,전남광주통합특별시 동구 남문로693번길 11,1,매입임대,1,일치
31238177,1,1,1,1,전남광주통합특별시 서구 동천로18번길 19,1,매입임대,1,일치
31238178,1,1,1,1,전남광주통합특별시 남구 효우2로 21,1,매입임대,1,일치
31238179,1,1,1,1,전남광주통합특별시 남구 독립로80번길 7,1,매입임대,1,일치
31238180,1,1,1,1,전남광주통합특별시 남구 독립로80번길 7,1,매입임대,1,일치
31238181,1,1,1,1,전남광주통합특별시 남구 독립로80번길 7,1,매입임대,1,일치
31238189,1,1,1,1,전남광주통합특별시 동구 무등로 374,1,매입임대,1,일치
31238190,1,1,1,1,전남광주통합특별시 동구 무등로 374,1,매입임대,1,일치
31238191,1,1,1,1,전남광주통합특별시 서구 무진대로772번길 4,1,매입임대,1,일치
31238192,1,1,1,1,전남광주통합특별시 남구 노대실로 33,1,매입임대,1,일치
31238193,1,1,1,1,전남광주통합특별시 남구 제중로 11,1,매입임대,1,일치
31238194,1,1,1,1,전남광주통합특별시 남구 효우2로 21,1,매입임대,1,일치
31238195,1,1,1,1,전남광주통합특별시 남구 효우2로 45,1,매입임대,1,일치
31238196,1,1,1,1,전남광주통합특별시 남구 효우2로 45,1,매입임대,1,일치
31238197,1,1,1,1,전남광주통합특별시 남구 독립로80번길 7,1,매입임대,1,일치
31238198,1,1,1,1,전남광주통합특별시 남구 독립로80번길 7,1,매입임대,1,일치
31238199,1,1,1,1,전남광주통합특별시 남구 독립로80번길 7,1,매입임대,1,일치
31239688,1,1,1,1,전남광주통합특별시 북구 서강로54번길 11,1,매입임대,1,일치
31240622,1,1,1,1,전남광주통합특별시 광산구 목련로 41,1,매입임대,1,일치
31240625,1,1,1,1,전남광주통합특별시 광산구 목련로 41,1,매입임대,1,일치
31240627,1,1,1,1,전남광주통합특별시 광산구 목련로 41,1,매입임대,1,일치
31240631,1,1,1,1,전남광주통합특별시 광산구 목련로 42,1,매입임대,1,일치
31240635,1,1,1,1,전남광주통합특별시 광산구 신창로35번길 80,1,매입임대,1,일치
31240964,1,1,1,1,전남광주통합특별시 동구 무등로 374,1,매입임대,1,일치
31240965,1,1,1,1,전남광주통합특별시 동구 남문로693번길 11,1,매입임대,1,일치
31240966,1,1,1,1,전남광주통합특별시 남구 독립로80번길 7,1,매입임대,1,일치
31240967,1,1,1,1,전남광주통합특별시 남구 효우2로 21,1,매입임대,1,일치
31240970,3,1,8,1,전남광주통합특별시 서구 월산로245번길 10-4,1,매입임대,8,일치
31240971,1,1,1,1,전남광주통합특별시 남구 효우2로 21,1,매입임대,1,일치
31240972,1,1,1,1,전남광주통합특별시 남구 독립로80번길 7,1,매입임대,1,일치
31240973,1,1,1,1,전남광주통합특별시 남구 효우2로 45,1,매입임대,1,일치
31240974,1,1,1,1,전남광주통합특별시 동구 남문로 307,1,매입임대,1,일치
31240975,1,1,1,1,전남광주통합특별시 남구 효우2로 21,1,매입임대,1,일치
31240979,1,1,1,1,전남광주통합특별시 남구 노대실로 33,1,매입임대,1,일치
31240980,1,1,1,1,전남광주통합특별시 남구 노대실로 89,1,매입임대,1,일치
31240981,1,1,1,1,전남광주통합특별시 남구 독립로80번길 7,1,매입임대,1,일치
31240982,1,1,1,1,전남광주통합특별시 남구 독립로80번길 7,1,매입임대,1,일치
31240985,1,1,1,1,전남광주통합특별시 남구 효우2로 21,1,매입임대,1,일치
31240986,1,1,1,1,전남광주통합특별시 남구 원효천1길 16,1,매입임대,1,일치
31240989,1,1,1,1,전남광주통합특별시 동구 무등로 374,1,매입임대,1,일치
31240990,1,1,1,1,전남광주통합특별시 서구 동천로 11,1,매입임대,1,일치
31241941,2,1,6,1,전남광주통합특별시 북구 서하로183번길 62,1,매입임대,6,일치
31241959,2,1,12,1,전남광주통합특별시 북구 무등로218번길 33,1,매입임대,12,일치
31241964,7,1,15,1,전남광주통합특별시 북구 서하로183번길 62-1,1,매입임대,15,일치
31243414,1,1,1,1,전남광주통합특별시 북구 양산택지로34번길 22,1,매입임대,1,일치
31243415,1,1,1,1,전남광주통합특별시 북구 천변우로79번길 45,1,매입임대,1,일치
31243417,1,1,1,1,전남광주통합특별시 북구 첨단연신로 184,1,매입임대,1,일치
31243418,1,1,1,1,전남광주통합특별시 북구 천변우로 11,1,매입임대,1,일치
31243421,1,1,1,1,전남광주통합특별시 북구 용주로30번길 60,1,매입임대,1,일치
31243713,1,1,1,1,전남광주통합특별시 남구 노대실로 89,1,매입임대,1,일치
31243714,1,1,1,1,전남광주통합특별시 광산구 목련로 15,1,매입임대,1,일치
31243715,1,1,1,1,전남광주통합특별시 광산구 신창로71번길 33,1,매입임대,1,일치
31243724,1,1,1,1,전남광주통합특별시 광산구 신창로161번길 19,1,매입임대,1,일치
31243737,1,1,1,1,전남광주통합특별시 남구 효우2로 89,1,매입임대,1,일치
31243745,1,1,1,1,전남광주통합특별시 남구 노대실로 33,1,매입임대,1,일치
31243746,1,1,1,1,전남광주통합특별시 남구 대남대로85번길 3,1,매입임대,1,일치
31243747,1,1,1,1,전남광주통합특별시 광산구 선운로 33,1,매입임대,1,일치
31243748,1,1,1,1,전남광주통합특별시 광산구 신창로71번길 33,1,매입임대,1,일치
31243749,1,1,1,1,전남광주통합특별시 광산구 신창로71번길 33,1,매입임대,1,일치
31243750,1,1,1,1,전남광주통합특별시 광산구 장신로265번길 22,1,매입임대,1,일치
31243760,1,1,1,1,전남광주통합특별시 서구 동천로 11,1,매입임대,1,일치
31243761,1,1,1,1,전남광주통합특별시 남구 광복마을4길 39,1,매입임대,1,일치
31243762,1,1,1,1,전남광주통합특별시 남구 독립로80번길 7,1,매입임대,1,일치
31243763,1,1,1,1,전남광주통합특별시 광산구 목련로 15,1,매입임대,1,일치
31243764,1,1,1,1,전남광주통합특별시 광산구 신창로35번길 54,1,매입임대,1,일치
31243765,1,1,1,1,전남광주통합특별시 광산구 신창로71번길 33,1,매입임대,1,일치
31243766,1,1,1,1,전남광주통합특별시 광산구 장신로265번길 22,1,매입임대,1,일치
31243777,1,1,1,1,전남광주통합특별시 남구 효우2로 45,1,매입임대,1,일치
31243778,1,1,1,1,전남광주통합특별시 광산구 신창로161번길 34,1,매입임대,1,일치
31243785,1,1,1,1,전남광주통합특별시 광산구 목련로 15,1,매입임대,1,일치
31243786,1,1,1,1,전남광주통합특별시 광산구 신창로71번길 33,1,매입임대,1,일치
31243793,1,1,1,1,전남광주통합특별시 남구 효우2로 21,1,매입임대,1,일치
31243794,1,1,1,1,전남광주통합특별시 남구 독립로80번길 7,1,매입임대,1,일치
31243795,1,1,1,1,전남광주통합특별시 남구 효우2로 21,1,매입임대,1,일치
31243796,1,1,1,1,전남광주통합특별시 광산구 신창로35번길 54,1,매입임대,1,일치
31243797,1,1,1,1,전남광주통합특별시 광산구 신창로35번길 80,1,매입임대,1,일치
31245305,1,1,1,1,전남광주통합특별시 서구 무진대로772번길 4,1,매입임대,1,일치
31245306,1,1,1,1,전남광주통합특별시 남구 노대실로 33,1,매입임대,1,일치
31245307,1,1,1,1,전남광주통합특별시 광산구 선운중앙로 43,1,매입임대,1,일치
31245311,1,1,1,1,전남광주통합특별시 광산구 목련로 42,1,매입임대,1,일치
31245313,1,1,1,1,전남광주통합특별시 광산구 선운중앙로 43,1,매입임대,1,일치
31245319,1,1,1,1,전남광주통합특별시 광산구 신창로161번길 34,1,매입임대,1,일치
31245320,1,1,1,1,전남광주통합특별시 광산구 장덕로6번길 59,1,매입임대,1,일치
31245326,1,1,1,1,전남광주통합특별시 동구 남문로 307,1,매입임대,1,일치
31245327,1,1,1,1,전남광주통합특별시 광산구 신창로71번길 33,1,매입임대,1,일치
31245329,1,1,1,1,전남광주통합특별시 남구 노대실로 33,1,매입임대,1,일치
31245330,1,1,1,1,전남광주통합특별시 광산구 신창로71번길 33,1,매입임대,1,일치
31247248,1,1,1,1,전남광주통합특별시 남구 효우2로 45,1,매입임대,1,일치
31247249,1,1,1,1,전남광주통합특별시 동구 남문로 307,1,매입임대,1,일치
31247250,1,1,1,1,전남광주통합특별시 남구 효우2로 89,1,매입임대,1,일치
31247251,1,1,1,1,전남광주통합특별시 광산구 신창로35번길 54,1,매입임대,1,일치
31247252,1,1,1,1,전남광주통합특별시 광산구 목련로 42,1,매입임대,1,일치
31247253,1,1,1,1,전남광주통합특별시 동구 동명로69번길 20,1,매입임대,1,일치
31249450,6,1,361,1,전남광주통합특별시 광산구 무진대로 246-7,1,행복주택,361,일치
31249460,1,1,1,1,전남광주통합특별시 남구 노대실로 89,1,매입임대,1,일치
31249461,1,1,1,1,전남광주통합특별시 남구 독립로80번길 7,1,매입임대,1,일치
31249462,1,1,1,1,전남광주통합특별시 광산구 선운로 33,1,매입임대,1,일치
31249463,1,1,1,1,전남광주통합특별시 광산구 신창로35번길 54,1,매입임대,1,일치
31249479,1,1,1,1,전남광주통합특별시 광산구 신창로161번길 19,1,매입임대,1,일치
31251559,1,1,1,1,전남광주통합특별시 광산구 신창로161번길 34,1,매입임대,1,일치
31251560,1,1,1,1,전남광주통합특별시 광산구 왕버들로251번길 27,1,매입임대,1,일치
31251599,1,1,1,1,전남광주통합특별시 광산구 선운로 33,1,매입임대,1,일치
31251611,1,1,1,1,전남광주통합특별시 북구 대자로 55,1,매입임대,1,일치
31251635,1,1,1,1,전남광주통합특별시 남구 독립로80번길 7,1,매입임대,1,일치
31252684,1,1,1,1,전남광주통합특별시 광산구 목련로 41,1,매입임대,1,일치
31256359,3,1,20,1,전남광주통합특별시 서구 발산로11번길 17,1,매입임대,20,일치
31256367,1,1,1,1,전남광주통합특별시 동구 남문로 307,1,매입임대,1,일치
31256371,5,1,19,1,전남광주통합특별시 서구 발산로11번길 15,1,매입임대,19,일치
31256372,1,1,1,1,전남광주통합특별시 광산구 목련로 41,1,매입임대,1,일치
31256373,1,1,1,1,전남광주통합특별시 광산구 신창로71번길 33,1,매입임대,1,일치
31256378,4,1,28,1,전남광주통합특별시 북구 양산신촌길 50,1,매입임대,28,일치
31256380,1,1,1,1,전남광주통합특별시 남구 독립로80번길 7,1,매입임대,1,일치
31256381,1,1,1,1,전남광주통합특별시 광산구 신창로35번길 20,1,매입임대,1,일치
31258868,1,1,1,1,전남광주통합특별시 서구 화개중앙로 116,1,매입임대,1,일치
31258869,1,1,1,1,전남광주통합특별시 남구 노대실로 89,1,매입임대,1,일치
31258870,1,1,1,1,전남광주통합특별시 남구 독립로80번길 7,1,매입임대,1,일치
31258871,1,1,1,1,전남광주통합특별시 북구 천변우로79번길 45,1,매입임대,1,일치
31258872,1,1,1,1,전남광주통합특별시 광산구 목련로 15,1,매입임대,1,일치
31258873,1,1,1,1,전남광주통합특별시 광산구 신창로71번길 33,1,매입임대,1,일치
31258875,1,1,1,1,전남광주통합특별시 동구 남문로 307,1,매입임대,1,일치
31258876,1,1,1,1,전남광주통합특별시 서구 동천로 11,1,매입임대,1,일치
31258877,1,1,1,1,전남광주통합특별시 서구 동천로 11,1,매입임대,1,일치
31258878,1,1,1,1,전남광주통합특별시 남구 효우2로 21,1,매입임대,1,일치
31258879,1,1,1,1,전남광주통합특별시 남구 화산로73번길 3,1,매입임대,1,일치
31258880,1,1,1,1,전남광주통합특별시 북구 본촌마을길 178,1,매입임대,1,일치
31258881,1,1,1,1,전남광주통합특별시 북구 천변우로79번길 45,1,매입임대,1,일치
31258882,1,1,1,1,전남광주통합특별시 북구 천변우로79번길 45,1,매입임대,1,일치
31258883,1,1,1,1,전남광주통합특별시 북구 천변우로79번길 45,1,매입임대,1,일치
31258884,1,1,1,1,전남광주통합특별시 광산구 소촌로 100,1,매입임대,1,일치
31258885,1,1,1,1,전남광주통합특별시 광산구 선운로 33,1,매입임대,1,일치
31258886,1,1,1,1,전남광주통합특별시 광산구 소촌로86번길 20-17,1,매입임대,1,일치
31258887,1,1,1,1,전남광주통합특별시 광산구 신창로71번길 33,1,매입임대,1,일치
31258888,1,1,1,1,전남광주통합특별시 광산구 신창로71번길 33,1,매입임대,1,일치
31258891,1,1,1,1,전남광주통합특별시 남구 화산로 20,1,매입임대,1,일치
31258892,1,1,1,1,전남광주통합특별시 남구 화산로 75,1,매입임대,1,일치
31258893,1,1,1,1,전남광주통합특별시 남구 노대실로 33,1,매입임대,1,일치
31258894,1,1,1,1,전남광주통합특별시 남구 노대실로 89,1,매입임대,1,일치
31258895,1,1,1,1,전남광주통합특별시 남구 독립로80번길 7,1,매입임대,1,일치
31258896,1,1,1,1,전남광주통합특별시 남구 독립로80번길 7,1,매입임대,1,일치
31258897,1,1,1,1,전남광주통합특별시 남구 독립로80번길 7,1,매입임대,1,일치
31258898,1,1,1,1,전남광주통합특별시 남구 독립로80번길 7,1,매입임대,1,일치
31258899,1,1,1,1,전남광주통합특별시 남구 화산로73번길 3,1,매입임대,1,일치
31258900,1,1,1,1,전남광주통합특별시 북구 천변우로79번길 45,1,매입임대,1,일치
31258901,1,1,1,1,전남광주통합특별시 북구 천변우로79번길 45,1,매입임대,1,일치
31258902,1,1,1,1,전남광주통합특별시 광산구 광산로20번길 28,1,매입임대,1,일치
31258903,1,1,1,1,전남광주통합특별시 광산구 신창로71번길 16,1,매입임대,1,일치
31258904,1,1,1,1,전남광주통합특별시 광산구 신창로71번길 33,1,매입임대,1,일치
31258905,1,1,1,1,전남광주통합특별시 동구 남문로 307,1,매입임대,1,일치
31258906,1,1,1,1,전남광주통합특별시 서구 내방로 337,1,매입임대,1,일치
31258907,1,1,1,1,전남광주통합특별시 서구 내방로 337,1,매입임대,1,일치
31258908,1,1,1,1,전남광주통합특별시 서구 무진대로772번길 4,1,매입임대,1,일치
31258909,1,1,1,1,전남광주통합특별시 서구 동천로18번길 19,1,매입임대,1,일치
31258910,1,1,1,1,전남광주통합특별시 남구 노대실로 89,1,매입임대,1,일치
31258911,1,1,1,1,전남광주통합특별시 남구 효우2로 89,1,매입임대,1,일치
31258912,1,1,1,1,전남광주통합특별시 남구 독립로80번길 7,1,매입임대,1,일치
31258913,1,1,1,1,전남광주통합특별시 남구 원효천1길 16,1,매입임대,1,일치
31258914,1,1,1,1,전남광주통합특별시 북구 금호로24번길 18,1,매입임대,1,일치
31258915,1,1,1,1,전남광주통합특별시 북구 양산택지소로 30,1,매입임대,1,일치
31258916,1,1,1,1,전남광주통합특별시 광산구 목련로 41,1,매입임대,1,일치
31258917,1,1,1,1,전남광주통합특별시 광산구 목련로 41,1,매입임대,1,일치
31258918,1,1,1,1,전남광주통합특별시 광산구 소촌로 100,1,매입임대,1,일치
31258919,1,1,1,1,전남광주통합특별시 광산구 신창로71번길 33,1,매입임대,1,일치
31258920,1,1,1,1,전남광주통합특별시 광산구 신창로71번길 33,1,매입임대,1,일치
31258921,1,1,1,1,전남광주통합특별시 광산구 왕버들로251번길 27,1,매입임대,1,일치
31258925,1,1,1,1,전남광주통합특별시 서구 내방로 337,1,매입임대,1,일치
31258926,1,1,1,1,전남광주통합특별시 남구 화산로 20,1,매입임대,1,일치
31258927,1,1,1,1,전남광주통합특별시 남구 화산로 75,1,매입임대,1,일치
31258928,1,1,1,1,전남광주통합특별시 남구 노대실로 33,1,매입임대,1,일치
31258929,1,1,1,1,전남광주통합특별시 남구 노대실로 89,1,매입임대,1,일치
31258930,1,1,1,1,전남광주통합특별시 남구 효우2로 21,1,매입임대,1,일치
31258931,1,1,1,1,전남광주통합특별시 남구 독립로80번길 7,1,매입임대,1,일치
31258932,1,1,1,1,전남광주통합특별시 북구 천변우로79번길 45,1,매입임대,1,일치
31258933,1,1,1,1,전남광주통합특별시 북구 하백로6번길 12,1,매입임대,1,일치
31258934,1,1,1,1,전남광주통합특별시 광산구 선운로 55,1,매입임대,1,일치
31258935,1,1,1,1,전남광주통합특별시 광산구 신창로161번길 34,1,매입임대,1,일치
31258936,1,1,1,1,전남광주통합특별시 광산구 신창로71번길 33,1,매입임대,1,일치
31258939,1,1,1,1,전남광주통합특별시 동구 무등로 374,1,매입임대,1,일치
31258940,1,1,1,1,전남광주통합특별시 서구 동천로 11,1,매입임대,1,일치
31258941,1,1,1,1,전남광주통합특별시 남구 화산로 20,1,매입임대,1,일치
31258942,1,1,1,1,전남광주통합특별시 남구 화산로 75,1,매입임대,1,일치
31258943,1,1,1,1,전남광주통합특별시 남구 방림로 31,1,매입임대,1,일치
31258944,1,1,1,1,전남광주통합특별시 남구 효우2로 21,1,매입임대,1,일치
31258945,1,1,1,1,전남광주통합특별시 남구 효우2로 89,1,매입임대,1,일치
31258946,1,1,1,1,전남광주통합특별시 남구 독립로80번길 7,1,매입임대,1,일치
31258947,1,1,1,1,전남광주통합특별시 북구 하백로6번길 12,1,매입임대,1,일치
31258948,1,1,1,1,전남광주통합특별시 광산구 신창로161번길 34,1,매입임대,1,일치
31258949,1,1,1,1,전남광주통합특별시 광산구 신창로71번길 33,1,매입임대,1,일치
31258950,1,1,1,1,전남광주통합특별시 광산구 신창로71번길 33,1,매입임대,1,일치
31258952,1,1,1,1,전남광주통합특별시 남구 화산로 75,1,매입임대,1,일치
31258953,1,1,1,1,전남광주통합특별시 남구 효우2로 21,1,매입임대,1,일치
31258954,1,1,1,1,전남광주통합특별시 남구 효우2로 45,1,매입임대,1,일치
31258955,1,1,1,1,전남광주통합특별시 남구 독립로80번길 7,1,매입임대,1,일치
31258956,1,1,1,1,전남광주통합특별시 남구 독립로80번길 7,1,매입임대,1,일치
31258957,1,1,1,1,전남광주통합특별시 남구 독립로80번길 7,1,매입임대,1,일치
31258958,1,1,1,1,전남광주통합특별시 북구 천변우로79번길 45,1,매입임대,1,일치
31258959,1,1,1,1,전남광주통합특별시 광산구 신창로71번길 33,1,매입임대,1,일치
31258960,1,1,1,1,전남광주통합특별시 동구 남문로 307,1,매입임대,1,일치
31258961,1,1,1,1,전남광주통합특별시 동구 남문로 307,1,매입임대,1,일치
31258962,1,1,1,1,전남광주통합특별시 남구 화산로 20,1,매입임대,1,일치
31258963,1,1,1,1,전남광주통합특별시 남구 화산로 20,1,매입임대,1,일치
31258964,1,1,1,1,전남광주통합특별시 남구 광복마을4길 39,1,매입임대,1,일치
31258965,1,1,1,1,전남광주통합특별시 북구 하서로 71,1,매입임대,1,일치
31258966,1,1,1,1,전남광주통합특별시 북구 천변우로79번길 25,1,매입임대,1,일치
31258967,1,1,1,1,전남광주통합특별시 광산구 목련로 42,1,매입임대,1,일치
31258968,1,1,1,1,전남광주통합특별시 광산구 신창로35번길 80,1,매입임대,1,일치
31258969,1,1,1,1,전남광주통합특별시 광산구 신창로71번길 33,1,매입임대,1,일치
31258970,1,1,1,1,전남광주통합특별시 광산구 장덕로5번길 16,1,매입임대,1,일치
31261609,1,1,1,1,전남광주통합특별시 남구 화산로 20,1,매입임대,1,일치
31261610,1,1,1,1,전남광주통합특별시 북구 용주로30번길 60,1,매입임대,1,일치
31261614,1,1,1,1,전남광주통합특별시 남구 원효천1길 16,1,매입임대,1,일치
31261619,1,1,1,1,전남광주통합특별시 광산구 신창로71번길 33,1,매입임대,1,일치
31261639,1,1,1,1,전남광주통합특별시 남구 효우2로 89,1,매입임대,1,일치
31261640,1,1,1,1,전남광주통합특별시 광산구 선운로 55,1,매입임대,1,일치
31261641,1,1,1,1,전남광주통합특별시 광산구 광산로20번길 28,1,매입임대,1,일치
31261642,1,1,1,1,전남광주통합특별시 광산구 신창로161번길 34,1,매입임대,1,일치
31264664,1,1,1,1,전남광주통합특별시 서구 상무민주로 104,1,매입임대,1,일치
31264687,1,1,1,1,전남광주통합특별시 북구 동운로 192,1,매입임대,1,일치
31264700,1,1,1,1,전남광주통합특별시 서구 내방로 337,1,매입임대,1,일치
31264914,1,1,1,1,전남광주통합특별시 광산구 장덕로5번길 16,1,매입임대,1,일치
31264923,1,1,1,1,전남광주통합특별시 광산구 장덕로6번길 59,1,매입임대,1,일치
31264937,1,1,1,1,전남광주통합특별시 광산구 신창로71번길 33,1,매입임대,1,일치
31264938,1,1,1,1,전남광주통합특별시 광산구 장덕로6번길 59,1,매입임대,1,일치
31266220,1,1,1,1,전남광주통합특별시 북구 하서로 215-4,1,매입임대,1,일치
31266221,1,1,1,1,전남광주통합특별시 북구 하서로 215-4,1,매입임대,1,일치
31266222,1,1,1,1,전남광주통합특별시 북구 하서로 215-4,1,매입임대,1,일치
31266250,1,1,1,1,전남광주통합특별시 북구 하서로 215-4,1,매입임대,1,일치
31266251,1,1,1,1,전남광주통합특별시 북구 하서로 215-4,1,매입임대,1,일치
31266275,1,1,1,1,전남광주통합특별시 북구 하서로 215-4,1,매입임대,1,일치
31266276,1,1,1,1,전남광주통합특별시 북구 하서로 215-4,1,매입임대,1,일치
31266311,1,1,1,1,전남광주통합특별시 북구 하서로 215-4,1,매입임대,1,일치
31266342,1,1,1,1,전남광주통합특별시 북구 하서로 215-4,1,매입임대,1,일치
31266343,1,1,1,1,전남광주통합특별시 북구 하서로 215-4,1,매입임대,1,일치
31266344,1,1,1,1,전남광주통합특별시 북구 하서로 215-4,1,매입임대,1,일치
31266375,1,1,1,1,전남광주통합특별시 북구 하서로 215-4,1,매입임대,1,일치
31266404,1,1,1,1,전남광주통합특별시 북구 하서로 215-4,1,매입임대,1,일치
31266433,1,1,1,1,전남광주통합특별시 북구 하서로 215-4,1,매입임대,1,일치
31266434,1,1,1,1,전남광주통합특별시 북구 하서로 215-4,1,매입임대,1,일치
31266435,1,1,1,1,전남광주통합특별시 북구 하서로 215-4,1,매입임대,1,일치
31266436,1,1,1,1,전남광주통합특별시 북구 하서로 215-4,1,매입임대,1,일치
31267473,1,1,1,1,전남광주통합특별시 남구 노대실로 89,1,매입임대,1,일치
31267474,1,1,1,1,전남광주통합특별시 북구 서강로54번길 32,1,매입임대,1,일치
31267480,1,1,1,1,전남광주통합특별시 남구 독립로80번길 7,1,매입임대,1,일치
31267482,1,1,1,1,전남광주통합특별시 서구 동천로 11,1,매입임대,1,일치
31267483,1,1,1,1,전남광주통합특별시 북구 서강로54번길 32,1,매입임대,1,일치
31267495,1,1,1,1,전남광주통합특별시 남구 노대실로 89,1,매입임대,1,일치
31270206,1,1,1,1,전남광주통합특별시 광산구 목련로 15,1,매입임대,1,일치
31270708,1,1,1,1,전남광주통합특별시 광산구 목련로 41,1,매입임대,1,일치
31270734,1,1,1,1,전남광주통합특별시 북구 동운로 192,1,매입임대,1,일치
31270748,1,1,1,1,전남광주통합특별시 남구 독립로80번길 7,1,매입임대,1,일치
31272414,1,1,1,1,전남광주통합특별시 광산구 목련로 15,1,매입임대,1,일치
31272429,1,1,1,1,전남광주통합특별시 북구 하서로423번길 42,1,매입임대,1,일치
31272522,1,1,1,1,전남광주통합특별시 서구 동천로 11,1,매입임대,1,일치
31273164,3,1,24,1,전남광주통합특별시 북구 양산택지로79번길 24-7,1,매입임대,24,일치
31273167,3,1,8,1,전남광주통합특별시 북구 일곡마을로 132,1,매입임대,8,일치
31273173,4,1,8,1,전남광주통합특별시 북구 군왕로117번길 19,1,매입임대,8,일치
31273181,8,1,20,1,전남광주통합특별시 북구 자라봉로56번길 15-3,1,매입임대,20,일치
31274640,3,1,100,1,전남광주통합특별시 광산구 임방울대로825번길 9,1,행복주택,100,일치
31274641,3,1,200,1,전남광주통합특별시 광산구 임방울대로800번길 11-5,1,행복주택,200,일치
31274644,2,1,100,1,전남광주통합특별시 광산구 첨단중앙로152번길 6-8,1,행복주택,100,일치
31274911,1,1,1,1,전남광주통합특별시 광산구 목련로 41,1,매입임대,1,일치
31274915,1,1,1,1,전남광주통합특별시 북구 천변우로 11,1,매입임대,1,일치
31274916,1,1,1,1,전남광주통합특별시 광산구 신창로71번길 33,1,매입임대,1,일치
31274917,1,1,1,1,전남광주통합특별시 광산구 왕버들로251번길 27,1,매입임대,1,일치
31274921,1,1,1,1,전남광주통합특별시 광산구 신창로71번길 33,1,매입임대,1,일치
31275272,1,1,1,1,전남광주통합특별시 동구 남문로 307,1,매입임대,1,일치
31275273,1,1,1,1,전남광주통합특별시 동구 남문로693번길 11,1,매입임대,1,일치
31275274,1,1,1,1,전남광주통합특별시 서구 내방로 337,1,매입임대,1,일치
31275275,1,1,1,1,전남광주통합특별시 서구 동천로18번길 19,1,매입임대,1,일치
31275276,1,1,1,1,전남광주통합특별시 남구 방림로 31,1,매입임대,1,일치
31275277,1,1,1,1,전남광주통합특별시 남구 효우2로 21,1,매입임대,1,일치
31275278,1,1,1,1,전남광주통합특별시 남구 효우2로 89,1,매입임대,1,일치
31275279,1,1,1,1,전남광주통합특별시 남구 효우2로 89,1,매입임대,1,일치
31275280,1,1,1,1,전남광주통합특별시 남구 효우2로 89,1,매입임대,1,일치
31275281,1,1,1,1,전남광주통합특별시 남구 효우2로 89,1,매입임대,1,일치
31275282,1,1,1,1,전남광주통합특별시 남구 효우2로 89,1,매입임대,1,일치
31275283,1,1,1,1,전남광주통합특별시 남구 독립로80번길 7,1,매입임대,1,일치
31275284,1,1,1,1,전남광주통합특별시 북구 천변우로 11,1,매입임대,1,일치
31275285,1,1,1,1,전남광주통합특별시 북구 용두마을길 13,1,매입임대,1,일치
31275286,1,1,1,1,전남광주통합특별시 광산구 선운로 33,1,매입임대,1,일치
31275287,1,1,1,1,전남광주통합특별시 광산구 선운로 33,1,매입임대,1,일치
31275288,1,1,1,1,전남광주통합특별시 광산구 선운로 55,1,매입임대,1,일치
31275289,1,1,1,1,전남광주통합특별시 광산구 선운중앙로 43,1,매입임대,1,일치
31275290,1,1,1,1,전남광주통합특별시 광산구 신창로161번길 34,1,매입임대,1,일치
31275295,1,1,1,1,전남광주통합특별시 동구 남문로 307,1,매입임대,1,일치
31275296,1,1,1,1,전남광주통합특별시 동구 남문로 307,1,매입임대,1,일치
31275297,1,1,1,1,전남광주통합특별시 동구 남문로 307,1,매입임대,1,일치
31275298,1,1,1,1,전남광주통합특별시 서구 내방로 337,1,매입임대,1,일치
31275299,1,1,1,1,전남광주통합특별시 서구 내방로 337,1,매입임대,1,일치
31275300,1,1,1,1,전남광주통합특별시 서구 내방로 337,1,매입임대,1,일치
31275301,1,1,1,1,전남광주통합특별시 서구 내방로 337,1,매입임대,1,일치
31275302,1,1,1,1,전남광주통합특별시 서구 내방로 337,1,매입임대,1,일치
31275303,1,1,1,1,전남광주통합특별시 서구 내방로 337,1,매입임대,1,일치
31275304,1,1,1,1,전남광주통합특별시 서구 동천로 11,1,매입임대,1,일치
31275305,1,1,1,1,전남광주통합특별시 서구 동천로 11,1,매입임대,1,일치
31275306,1,1,1,1,전남광주통합특별시 남구 효우2로 89,1,매입임대,1,일치
31275307,1,1,1,1,전남광주통합특별시 남구 효우2로 89,1,매입임대,1,일치
31275308,1,1,1,1,전남광주통합특별시 북구 대자로 55,1,매입임대,1,일치
31275309,1,1,1,1,전남광주통합특별시 광산구 장신로 326,1,매입임대,1,일치
31275310,1,1,1,1,전남광주통합특별시 광산구 선운로 55,1,매입임대,1,일치
31275311,1,1,1,1,전남광주통합특별시 광산구 선운중앙로 43,1,매입임대,1,일치
31275312,1,1,1,1,전남광주통합특별시 광산구 신창로161번길 34,1,매입임대,1,일치
31275313,1,1,1,1,전남광주통합특별시 광산구 신창로161번길 34,1,매입임대,1,일치
31275314,1,1,1,1,전남광주통합특별시 광산구 풍영로101번길 22,1,매입임대,1,일치
31275318,1,1,1,1,전남광주통합특별시 서구 내방로 337,1,매입임대,1,일치
31275319,1,1,1,1,전남광주통합특별시 남구 노대실로 33,1,매입임대,1,일치
31275320,1,1,1,1,전남광주통합특별시 남구 노대실로 89,1,매입임대,1,일치
31275321,1,1,1,1,전남광주통합특별시 남구 효우2로 21,1,매입임대,1,일치
31275322,1,1,1,1,전남광주통합특별시 남구 효우2로 89,1,매입임대,1,일치
31275323,1,1,1,1,전남광주통합특별시 남구 독립로80번길 7,1,매입임대,1,일치
31275324,1,1,1,1,전남광주통합특별시 광산구 목련로 15,1,매입임대,1,일치
31275325,1,1,1,1,전남광주통합특별시 광산구 장신로 326,1,매입임대,1,일치
31275326,1,1,1,1,전남광주통합특별시 광산구 선운로 55,1,매입임대,1,일치
31275327,1,1,1,1,전남광주통합특별시 광산구 선운로 55,1,매입임대,1,일치
31275328,1,1,1,1,전남광주통합특별시 광산구 선운중앙로 45,1,매입임대,1,일치
31275329,1,1,1,1,전남광주통합특별시 광산구 신창로161번길 34,1,매입임대,1,일치
31275330,1,1,1,1,전남광주통합특별시 광산구 신창로161번길 34,1,매입임대,1,일치
31275331,1,1,1,1,전남광주통합특별시 광산구 신창로161번길 34,1,매입임대,1,일치
31275336,1,1,1,1,전남광주통합특별시 동구 남문로 307,1,매입임대,1,일치
31275337,1,1,1,1,전남광주통합특별시 동구 남문로 307,1,매입임대,1,일치
31275338,1,1,1,1,전남광주통합특별시 서구 내방로 337,1,매입임대,1,일치
31275339,1,1,1,1,전남광주통합특별시 서구 내방로 337,1,매입임대,1,일치
31275340,1,1,1,1,전남광주통합특별시 서구 동천로 11,1,매입임대,1,일치
31275341,1,1,1,1,전남광주통합특별시 남구 효우2로 21,1,매입임대,1,일치
31275342,1,1,1,1,전남광주통합특별시 남구 효우2로 21,1,매입임대,1,일치
31275343,1,1,1,1,전남광주통합특별시 남구 효우2로 21,1,매입임대,1,일치
31275344,1,1,1,1,전남광주통합특별시 남구 효우2로 89,1,매입임대,1,일치
31275345,1,1,1,1,전남광주통합특별시 남구 효우2로 89,1,매입임대,1,일치
31275346,1,1,1,1,전남광주통합특별시 남구 효우2로 89,1,매입임대,1,일치
31275347,1,1,1,1,전남광주통합특별시 북구 용두마을길 13,1,매입임대,1,일치
31275348,1,1,1,1,전남광주통합특별시 광산구 목련로 15,1,매입임대,1,일치
31275349,1,1,1,1,전남광주통합특별시 광산구 신창로161번길 34,1,매입임대,1,일치
31275358,1,1,1,1,전남광주통합특별시 동구 남문로 307,1,매입임대,1,일치
31275359,1,1,1,1,전남광주통합특별시 서구 내방로 337,1,매입임대,1,일치
31275360,1,1,1,1,전남광주통합특별시 서구 동천로18번길 19,1,매입임대,1,일치
31275361,1,1,1,1,전남광주통합특별시 남구 효우2로 21,1,매입임대,1,일치
31275362,1,1,1,1,전남광주통합특별시 남구 효우2로 89,1,매입임대,1,일치
31275363,1,1,1,1,전남광주통합특별시 남구 효우2로 89,1,매입임대,1,일치
31275364,1,1,1,1,전남광주통합특별시 북구 첨단연신로 184,1,매입임대,1,일치
31275365,1,1,1,1,전남광주통합특별시 광산구 소촌로 100,1,매입임대,1,일치
31275369,1,1,1,1,전남광주통합특별시 동구 남문로 307,1,매입임대,1,일치
31275370,1,1,1,1,전남광주통합특별시 동구 남문로693번길 11,1,매입임대,1,일치
31275371,1,1,1,1,전남광주통합특별시 서구 내방로 337,1,매입임대,1,일치
31275372,1,1,1,1,전남광주통합특별시 서구 내방로 337,1,매입임대,1,일치
31275373,1,1,1,1,전남광주통합특별시 서구 동천로 11,1,매입임대,1,일치
31275374,1,1,1,1,전남광주통합특별시 서구 동천로18번길 19,1,매입임대,1,일치
31275375,1,1,1,1,전남광주통합특별시 남구 방림로 31,1,매입임대,1,일치
31275376,1,1,1,1,전남광주통합특별시 남구 효우2로 21,1,매입임대,1,일치
31275377,1,1,1,1,전남광주통합특별시 남구 효우2로 45,1,매입임대,1,일치
31275378,1,1,1,1,전남광주통합특별시 남구 효우2로 89,1,매입임대,1,일치
31275379,1,1,1,1,전남광주통합특별시 광산구 신창로161번길 34,1,매입임대,1,일치
31275380,1,1,1,1,전남광주통합특별시 광산구 신창로35번길 80,1,매입임대,1,일치
31275391,1,1,1,1,전남광주통합특별시 서구 내방로 337,1,매입임대,1,일치
31275392,1,1,1,1,전남광주통합특별시 서구 내방로 337,1,매입임대,1,일치
31275393,1,1,1,1,전남광주통합특별시 서구 동천로 11,1,매입임대,1,일치
31275394,1,1,1,1,전남광주통합특별시 남구 봉선2로 51-1,1,매입임대,1,일치
31275395,1,1,1,1,전남광주통합특별시 남구 효우2로 89,1,매입임대,1,일치
31275396,1,1,1,1,전남광주통합특별시 남구 효우2로 89,1,매입임대,1,일치
31275397,1,1,1,1,전남광주통합특별시 남구 효우2로 89,1,매입임대,1,일치
31275398,1,1,1,1,전남광주통합특별시 북구 천변우로 11,1,매입임대,1,일치
31275399,1,1,1,1,전남광주통합특별시 광산구 장신로 326,1,매입임대,1,일치
31275400,1,1,1,1,전남광주통합특별시 광산구 신창로161번길 34,1,매입임대,1,일치
31275401,1,1,1,1,전남광주통합특별시 광산구 신창로161번길 34,1,매입임대,1,일치
31275402,1,1,1,1,전남광주통합특별시 광산구 신창로35번길 80,1,매입임대,1,일치
31275403,1,1,1,1,전남광주통합특별시 광산구 선운로20번길 47,1,매입임대,1,일치
31275410,1,1,1,1,전남광주통합특별시 동구 남문로 307,1,매입임대,1,일치
31275411,1,1,1,1,전남광주통합특별시 동구 남문로 307,1,매입임대,1,일치
31275412,1,1,1,1,전남광주통합특별시 동구 계림로30번길 15,1,매입임대,1,일치
31275413,1,1,1,1,전남광주통합특별시 서구 내방로 337,1,매입임대,1,일치
31275414,1,1,1,1,전남광주통합특별시 서구 내방로 337,1,매입임대,1,일치
31275415,1,1,1,1,전남광주통합특별시 서구 상무민주로 104,1,매입임대,1,일치
31275416,1,1,1,1,전남광주통합특별시 서구 동천로18번길 19,1,매입임대,1,일치
31275417,1,1,1,1,전남광주통합특별시 남구 효우2로 89,1,매입임대,1,일치
31275418,1,1,1,1,전남광주통합특별시 남구 효우2로 89,1,매입임대,1,일치
31275419,1,1,1,1,전남광주통합특별시 남구 효우2로 89,1,매입임대,1,일치
31275420,1,1,1,1,전남광주통합특별시 북구 효열로29번길 37,1,매입임대,1,일치
31275421,1,1,1,1,전남광주통합특별시 광산구 목련로 15,1,매입임대,1,일치
31275422,1,1,1,1,전남광주통합특별시 광산구 소촌로 100,1,매입임대,1,일치
31275423,1,1,1,1,전남광주통합특별시 광산구 선운로 55,1,매입임대,1,일치
31275424,1,1,1,1,전남광주통합특별시 광산구 신창로161번길 34,1,매입임대,1,일치
31275425,1,1,1,1,전남광주통합특별시 광산구 신창로161번길 34,1,매입임대,1,일치
31275426,1,1,1,1,전남광주통합특별시 광산구 신창로161번길 34,1,매입임대,1,일치
31275427,1,1,1,1,전남광주통합특별시 광산구 신창로35번길 80,1,매입임대,1,일치
31275428,1,1,1,1,전남광주통합특별시 광산구 신창로35번길 80,1,매입임대,1,일치
31281191,4,1,264,1,전남광주통합특별시 남구 효천중앙로 35,1,행복주택,264,일치
31281247,1,1,1,1,전남광주통합특별시 남구 노대실로 33,1,매입임대,1,일치
31281249,1,1,1,1,전남광주통합특별시 광산구 신창로35번길 20,1,매입임대,1,일치
31281260,1,1,1,1,전남광주통합특별시 서구 동천로18번길 19,1,매입임대,1,일치
31281261,1,1,1,1,전남광주통합특별시 서구 동천로18번길 19,1,매입임대,1,일치
31281262,1,1,1,1,전남광주통합특별시 서구 동천로18번길 19,1,매입임대,1,일치
31281263,1,1,1,1,전남광주통합특별시 남구 효우2로 89,1,매입임대,1,일치
31281267,1,1,1,1,전남광주통합특별시 서구 상무민주로 104,1,매입임대,1,일치
31281268,1,1,1,1,전남광주통합특별시 서구 동천로18번길 19,1,매입임대,1,일치
31281274,1,1,1,1,전남광주통합특별시 북구 동운로 130,1,매입임대,1,일치
31281276,1,1,1,1,전남광주통합특별시 서구 동천로 11,1,매입임대,1,일치
31281594,1,1,1,1,전남광주통합특별시 광산구 신창로161번길 34,1,매입임대,1,일치
31281595,1,1,1,1,전남광주통합특별시 광산구 신창로35번길 80,1,매입임대,1,일치
31281599,1,1,1,1,전남광주통합특별시 광산구 장신로 326,1,매입임대,1,일치
31281603,1,1,1,1,전남광주통합특별시 광산구 신창로161번길 34,1,매입임대,1,일치
31281607,1,1,1,1,전남광주통합특별시 광산구 선운로 33,1,매입임대,1,일치
31281608,1,1,1,1,전남광주통합특별시 광산구 선운로 55,1,매입임대,1,일치
31281611,1,1,1,1,전남광주통합특별시 광산구 목련로 15,1,매입임대,1,일치
31281612,1,1,1,1,전남광주통합특별시 광산구 선운중앙로 43,1,매입임대,1,일치
31281613,1,1,1,1,전남광주통합특별시 광산구 신창로35번길 80,1,매입임대,1,일치
31281615,1,1,1,1,전남광주통합특별시 광산구 목련로 15,1,매입임대,1,일치
31281617,1,1,1,1,전남광주통합특별시 광산구 신창로161번길 34,1,매입임대,1,일치
31281618,1,1,1,1,전남광주통합특별시 광산구 신창로161번길 34,1,매입임대,1,일치
31285958,4,1,10,1,전남광주통합특별시 서구 양동로25번길 7,1,매입임대,10,일치
31286001,6,1,48,1,전남광주통합특별시 광산구 신창로35번길 29-19,1,매입임대,48,일치
31290275,8,1,18,1,전남광주통합특별시 북구 양산택지로33번길 29-9,1,매입임대,18,일치
31291105,4,1,7,1,전남광주통합특별시 서구 상무대로1066번길 19,1,매입임대,7,일치
31291106,4,1,7,1,전남광주통합특별시 서구 쌍학로8번길 6-1,1,매입임대,7,일치
31297381,4,1,710,1,전남광주통합특별시 남구 효천로 176,1,국민임대,710,일치
31297410,3,1,21,1,전남광주통합특별시 서구 신촌길 8,1,행복주택,21,일치
31297441,3,1,7,1,전남광주통합특별시 서구 상무대로1019번길 27,1,매입임대,7,일치
31297442,4,1,13,1,전남광주통합특별시 서구 쌍촌로20번길 7-6,1,매입임대,13,일치
31297443,3,1,5,1,전남광주통합특별시 서구 월드컵4강로104번길 19-5,1,매입임대,5,일치
31297444,3,1,10,1,전남광주통합특별시 서구 화정로138번길 25-1,1,매입임대,10,일치
31297474,4,1,12,1,전남광주통합특별시 동구 중흥로227번길 20-8,1,매입임대,12,일치
31297476,2,1,10,1,전남광주통합특별시 북구 중문로 96-19,1,매입임대,10,일치
31297478,3,1,11,1,전남광주통합특별시 북구 동문대로121번길 59,1,매입임대,11,일치
31297533,3,1,10,1,전남광주통합특별시 서구 화정로138번길 25,1,매입임대,10,일치
31297534,1,1,6,1,전남광주통합특별시 남구 회재로1223번길 26-14,1,매입임대,6,일치
31297563,1,1,15,1,전남광주통합특별시 서구 월드컵4강로71번길 19-1,1,매입임대,15,일치
31297564,2,1,15,1,전남광주통합특별시 서구 월드컵4강로81번길 11-1,1,매입임대,15,일치
31297565,2,1,6,1,전남광주통합특별시 남구 양림로 2-18,1,매입임대,6,일치
31297600,3,1,6,1,전남광주통합특별시 서구 화정로49번길 32-8,1,매입임대,6,일치
31297603,5,1,11,1,전남광주통합특별시 북구 신임로32번길 16,1,매입임대,11,일치
31297632,2,1,5,1,전남광주통합특별시 북구 서방로172번길 30-12,1,매입임대,5,일치
31297633,1,1,9,1,전남광주통합특별시 북구 신촌로7번길 43,1,매입임대,9,일치
31297634,1,1,9,1,전남광주통합특별시 북구 천지인로93번길 12-4,1,매입임대,9,일치
31297668,2,1,5,1,전남광주통합특별시 남구 경열로76번길 25,1,매입임대,5,일치
31297669,2,1,17,1,전남광주통합특별시 북구 대천로21번길 26,1,매입임대,17,일치
31297670,3,1,7,1,전남광주통합특별시 북구 서하로233번길 29-2,1,매입임대,7,일치
31297671,8,1,19,1,전남광주통합특별시 북구 탁영로15번길 16-12,1,매입임대,19,일치
31303205,5,1,16,1,전남광주통합특별시 광산구 신가삼효로 19-7,1,매입임대,16,일치
31303206,3,1,9,1,전남광주통합특별시 북구 고운로5번길 84,1,매입임대,9,일치
31303208,6,1,8,1,전남광주통합특별시 광산구 신창로35번길 85-6,1,매입임대,8,일치
31303209,4,1,24,1,전남광주통합특별시 북구 양산택지로37번길 112,1,매입임대,24,일치
31303210,4,1,10,1,전남광주통합특별시 광산구 사암로118번길 117-13,1,매입임대,10,일치
31303212,2,1,12,1,전남광주통합특별시 북구 독립로349번길 54,1,매입임대,12,일치
31306284,1,1,1,1,전남광주통합특별시 서구 내방로 337,1,매입임대,1,일치
31306285,1,1,1,1,전남광주통합특별시 서구 동천로18번길 19,1,매입임대,1,일치
31306286,1,1,1,1,전남광주통합특별시 서구 내방로 337,1,매입임대,1,일치
31306287,1,1,1,1,전남광주통합특별시 남구 효우2로 89,1,매입임대,1,일치
31306288,1,1,1,1,전남광주통합특별시 광산구 장덕로6번길 59,1,매입임대,1,일치
31306290,1,1,1,1,전남광주통합특별시 서구 내방로 337,1,매입임대,1,일치
31306291,1,1,1,1,전남광주통합특별시 남구 노대실로 89,1,매입임대,1,일치
31306292,1,1,1,1,전남광주통합특별시 남구 노대실로 89,1,매입임대,1,일치
31306293,1,1,1,1,전남광주통합특별시 남구 효우2로 89,1,매입임대,1,일치
31306294,1,1,1,1,전남광주통합특별시 북구 하백로6번길 12,1,매입임대,1,일치
31306295,1,1,1,1,전남광주통합특별시 북구 하백로6번길 12,1,매입임대,1,일치
31306296,1,1,1,1,전남광주통합특별시 광산구 장덕로6번길 59,1,매입임대,1,일치
31306297,1,1,1,1,전남광주통합특별시 광산구 장덕로6번길 59,1,매입임대,1,일치
31306303,1,1,1,1,전남광주통합특별시 서구 내방로 337,1,매입임대,1,일치
31306304,1,1,1,1,전남광주통합특별시 서구 내방로 337,1,매입임대,1,일치
31306305,1,1,1,1,전남광주통합특별시 남구 노대실로 33,1,매입임대,1,일치
31306306,1,1,1,1,전남광주통합특별시 남구 노대실로 89,1,매입임대,1,일치
31306307,1,1,1,1,전남광주통합특별시 남구 효우2로 21,1,매입임대,1,일치
31306308,1,1,1,1,전남광주통합특별시 남구 효우2로 45,1,매입임대,1,일치
31306309,1,1,1,1,전남광주통합특별시 남구 독립로80번길 7,1,매입임대,1,일치
31306311,1,1,1,1,전남광주통합특별시 서구 동천로 11,1,매입임대,1,일치
31306312,1,1,1,1,전남광주통합특별시 남구 독립로80번길 7,1,매입임대,1,일치
31306313,1,1,1,1,전남광주통합특별시 남구 독립로80번길 7,1,매입임대,1,일치
31306314,1,1,1,1,전남광주통합특별시 남구 독립로80번길 7,1,매입임대,1,일치
31306315,1,1,1,1,전남광주통합특별시 광산구 장덕로6번길 59,1,매입임대,1,일치
31306321,1,1,1,1,전남광주통합특별시 서구 동천로 11,1,매입임대,1,일치
31306322,1,1,1,1,전남광주통합특별시 서구 내방로 337,1,매입임대,1,일치
31306323,1,1,1,1,전남광주통합특별시 서구 내방로 337,1,매입임대,1,일치
31306324,1,1,1,1,전남광주통합특별시 서구 내방로 337,1,매입임대,1,일치
31306325,1,1,1,1,전남광주통합특별시 남구 원효천1길 5,1,매입임대,1,일치
31306326,1,1,1,1,전남광주통합특별시 남구 노대실로 89,1,매입임대,1,일치
31306327,1,1,1,1,전남광주통합특별시 남구 효우2로 45,1,매입임대,1,일치
31306328,1,1,1,1,전남광주통합특별시 남구 독립로80번길 7,1,매입임대,1,일치
31306329,1,1,1,1,전남광주통합특별시 남구 노대실로 89,1,매입임대,1,일치
31306330,1,1,1,1,전남광주통합특별시 남구 독립로80번길 7,1,매입임대,1,일치
31306331,1,1,1,1,전남광주통합특별시 남구 독립로80번길 7,1,매입임대,1,일치
31306332,1,1,1,1,전남광주통합특별시 남구 효우2로 89,1,매입임대,1,일치
31306333,1,1,1,1,전남광주통합특별시 북구 하백로6번길 12,1,매입임대,1,일치
31306334,1,1,1,1,전남광주통합특별시 광산구 장덕로6번길 59,1,매입임대,1,일치
31306339,1,1,1,1,전남광주통합특별시 서구 동천로 11,1,매입임대,1,일치
31306340,1,1,1,1,전남광주통합특별시 서구 동천로 11,1,매입임대,1,일치
31306341,1,1,1,1,전남광주통합특별시 서구 동천로 11,1,매입임대,1,일치
31306342,1,1,1,1,전남광주통합특별시 서구 동천로 11,1,매입임대,1,일치
31306343,1,1,1,1,전남광주통합특별시 서구 동천로 11,1,매입임대,1,일치
31306344,1,1,1,1,전남광주통합특별시 남구 독립로80번길 7,1,매입임대,1,일치
31306345,1,1,1,1,전남광주통합특별시 남구 노대실로 89,1,매입임대,1,일치
31306349,1,1,1,1,전남광주통합특별시 서구 내방로 337,1,매입임대,1,일치
31306350,1,1,1,1,전남광주통합특별시 남구 노대실로 89,1,매입임대,1,일치
31306351,1,1,1,1,전남광주통합특별시 남구 노대실로 89,1,매입임대,1,일치
31306352,1,1,1,1,전남광주통합특별시 남구 효우2로 45,1,매입임대,1,일치
31306354,1,1,1,1,전남광주통합특별시 서구 동천로 11,1,매입임대,1,일치
31306355,1,1,1,1,전남광주통합특별시 서구 내방로 337,1,매입임대,1,일치
31306356,1,1,1,1,전남광주통합특별시 남구 원효천1길 5,1,매입임대,1,일치
31306357,1,1,1,1,전남광주통합특별시 남구 독립로80번길 7,1,매입임대,1,일치
31306358,1,1,1,1,전남광주통합특별시 남구 효우2로 21,1,매입임대,1,일치
31316868,4,1,30,1,전남광주통합특별시 남구 구성로8번길 5-6,1,행복주택,30,일치
31326587,12,1,14,1,전남광주통합특별시 광산구 송도로226번길 41,1,매입임대,14,일치
31326591,7,1,36,1,전남광주통합특별시 북구 안산로 65,1,매입임대,36,일치
31326597,12,1,18,1,전남광주통합특별시 남구 입하2안길 32,1,매입임대,18,일치
31326598,5,1,8,1,전남광주통합특별시 남구 금당로124번길 3,1,매입임대,8,일치
31326599,5,1,24,1,전남광주통합특별시 북구 상촌로31번길 12-1,1,매입임대,24,일치
31326600,5,1,12,1,전남광주통합특별시 북구 오문로38번길 18,1,매입임대,12,일치
31326601,8,1,15,1,전남광주통합특별시 북구 우치로303번길 8,1,매입임대,15,일치
31326608,9,1,12,1,전남광주통합특별시 북구 비엔날레로3번길 10,1,매입임대,12,일치
31328345,2,1,6,1,전남광주통합특별시 동구 계림로30번길 15,1,매입임대,6,일치
31328346,1,1,2,1,전남광주통합특별시 남구 효우2로 45,1,매입임대,2,일치
31328347,1,1,1,1,전남광주통합특별시 남구 원효천1길 5,1,매입임대,1,일치
31328348,2,1,2,1,전남광주통합특별시 북구 천변우로 11,1,매입임대,2,일치
31328349,1,1,1,1,전남광주통합특별시 북구 서강로54번길 32,1,매입임대,1,일치
31328350,2,1,2,1,전남광주통합특별시 광산구 장덕로6번길 35,1,매입임대,2,일치
31328351,1,1,1,1,전남광주통합특별시 광산구 목련로 15,1,매입임대,1,일치
31328354,1,1,2,1,전남광주통합특별시 동구 남문로 307,1,매입임대,2,일치
31328355,3,1,4,1,전남광주통합특별시 남구 독립로80번길 7,1,매입임대,4,일치
31328356,1,1,1,1,전남광주통합특별시 남구 독립로80번길 7,1,매입임대,1,일치
31328357,3,1,6,1,전남광주통합특별시 남구 효우2로 89,1,매입임대,6,일치
31328358,1,1,1,1,전남광주통합특별시 남구 원효천1길 5,1,매입임대,1,일치
31328359,3,1,4,1,전남광주통합특별시 북구 양일1로 52,1,매입임대,4,일치
31328360,1,1,2,1,전남광주통합특별시 광산구 장덕로5번길 16,1,매입임대,2,일치
31328361,2,1,2,1,전남광주통합특별시 광산구 목련로 15,1,매입임대,2,일치
31328362,2,1,2,1,전남광주통합특별시 광산구 선운로 55,1,매입임대,2,일치
31328364,1,1,4,1,전남광주통합특별시 서구 동천로 11,1,매입임대,4,일치
31328365,1,1,1,1,전남광주통합특별시 남구 노대실로 33,1,매입임대,1,일치
31328366,1,1,1,1,전남광주통합특별시 북구 용두마을길 13,1,매입임대,1,일치
31328367,3,1,4,1,전남광주통합특별시 북구 천변우로 11,1,매입임대,4,일치
31328368,1,1,3,1,전남광주통합특별시 북구 대자로 55,1,매입임대,3,일치
31328372,5,1,6,1,전남광주통합특별시 북구 설죽로148번길 10,1,매입임대,6,일치
31328373,2,1,2,1,전남광주통합특별시 북구 각화대로69번길 16,1,매입임대,2,일치
31328374,1,1,1,1,전남광주통합특별시 북구 서강로54번길 32,1,매입임대,1,일치
31328375,5,1,7,1,전남광주통합특별시 광산구 선운로 33,1,매입임대,7,일치
31328376,3,1,5,1,전남광주통합특별시 광산구 소촌로 100,1,매입임대,5,일치
31328377,1,1,1,1,전남광주통합특별시 광산구 선운로 33,1,매입임대,1,일치
31328378,1,1,1,1,전남광주통합특별시 광산구 목련로 15,1,매입임대,1,일치
31328383,1,1,1,1,전남광주통합특별시 서구 동천로 11,1,매입임대,1,일치
31328384,4,1,6,1,전남광주통합특별시 남구 봉선로84번길 16,1,매입임대,6,일치
31328385,2,1,3,1,전남광주통합특별시 남구 화산로 115,1,매입임대,3,일치
31328386,1,1,1,1,전남광주통합특별시 남구 효우2로 21,1,매입임대,1,일치
31328387,1,1,3,1,전남광주통합특별시 남구 효우2로 45,1,매입임대,3,일치
31328388,2,1,3,1,전남광주통합특별시 남구 효우2로 45,1,매입임대,3,일치
31328389,1,1,2,1,전남광주통합특별시 남구 원효천1길 5,1,매입임대,2,일치
31328390,1,1,1,1,전남광주통합특별시 북구 태봉로 37,1,매입임대,1,일치
31328391,1,1,1,1,전남광주통합특별시 광산구 산월로 64,1,매입임대,1,일치
31328392,1,1,1,1,전남광주통합특별시 광산구 목련로 15,1,매입임대,1,일치
31328393,1,1,1,1,전남광주통합특별시 광산구 목련로 15,1,매입임대,1,일치
31328397,1,1,4,1,전남광주통합특별시 서구 동천로 11,1,매입임대,4,일치
31328398,1,1,2,1,전남광주통합특별시 서구 동천로18번길 19,1,매입임대,2,일치
31328399,1,1,2,1,전남광주통합특별시 서구 내방로 337,1,매입임대,2,일치
31328400,2,1,6,1,전남광주통합특별시 남구 제중로 111,1,매입임대,6,일치
31328401,1,1,2,1,전남광주통합특별시 남구 효우2로 89,1,매입임대,2,일치
31328402,1,1,1,1,전남광주통합특별시 남구 화산로 115,1,매입임대,1,일치
31328403,1,1,2,1,전남광주통합특별시 북구 대자로 55,1,매입임대,2,일치
31328404,1,1,1,1,전남광주통합특별시 광산구 선운로 55,1,매입임대,1,일치
31328405,1,1,1,1,전남광주통합특별시 동구 무등로 374,1,매입임대,1,일치
31328406,1,1,1,1,전남광주통합특별시 동구 남문로 307,1,매입임대,1,일치
31328407,1,1,3,1,전남광주통합특별시 서구 동천로18번길 19,1,매입임대,3,일치
31328408,1,1,3,1,전남광주통합특별시 서구 동천로18번길 19,1,매입임대,3,일치
31328409,1,1,1,1,전남광주통합특별시 남구 노대실로 89,1,매입임대,1,일치
31328410,1,1,1,1,전남광주통합특별시 광산구 목련로 15,1,매입임대,1,일치
31328411,2,1,2,1,전남광주통합특별시 광산구 선운중앙로 43,1,매입임대,2,일치
31328413,3,1,4,1,전남광주통합특별시 동구 계림로30번길 15,1,매입임대,4,일치
31328414,1,1,1,1,전남광주통합특별시 남구 효우2로 21,1,매입임대,1,일치
31328415,1,1,1,1,전남광주통합특별시 남구 노대실로 89,1,매입임대,1,일치
31328416,2,1,3,1,전남광주통합특별시 광산구 선운로20번길 47,1,매입임대,3,일치
31328417,1,1,3,1,전남광주통합특별시 광산구 장덕로5번길 16,1,매입임대,3,일치
31328418,1,1,1,1,전남광주통합특별시 광산구 선운로 55,1,매입임대,1,일치
31328419,2,1,6,1,전남광주통합특별시 광산구 선운로 55,1,매입임대,6,일치
31338562,1,1,6,1,전남광주통합특별시 광산구 월곡산정로 12,1,영구임대,6,일치
31338563,1,1,7,1,전남광주통합특별시 북구 군왕로207번길 20,1,영구임대,7,일치
31342168,1,1,1,1,전남광주통합특별시 동구 남문로 307,1,매입임대,1,일치
31342169,1,1,1,1,전남광주통합특별시 남구 효우2로 21,1,매입임대,1,일치
31342170,1,1,1,1,전남광주통합특별시 남구 효우2로 21,1,매입임대,1,일치
31342171,1,1,1,1,전남광주통합특별시 남구 노대실로 33,1,매입임대,1,일치
31342172,1,1,2,1,전남광주통합특별시 북구 서강로 38,1,매입임대,2,일치
31342173,2,1,9,1,전남광주통합특별시 광산구 장신로 306,1,매입임대,9,일치
31342174,1,1,1,1,전남광주통합특별시 광산구 신창로71번길 16,1,매입임대,1,일치
31342175,1,1,1,1,전남광주통합특별시 광산구 신창로35번길 80,1,매입임대,1,일치
31342182,1,1,2,1,전남광주통합특별시 서구 동천로 11,1,매입임대,2,일치
31342183,1,1,1,1,전남광주통합특별시 남구 노대실로 33,1,매입임대,1,일치
31342184,2,1,2,1,전남광주통합특별시 북구 서강로 38,1,매입임대,2,일치
31342185,1,1,1,1,전남광주통합특별시 광산구 신창로35번길 20,1,매입임대,1,일치
31342186,1,1,1,1,전남광주통합특별시 광산구 목련로 41,1,매입임대,1,일치
31342187,1,1,1,1,전남광주통합특별시 광산구 신창로71번길 33,1,매입임대,1,일치
31342191,1,1,1,1,전남광주통합특별시 광산구 목련로 41,1,매입임대,1,일치
31342194,1,1,4,1,전남광주통합특별시 서구 동천로 11,1,매입임대,4,일치
31342195,1,1,3,1,전남광주통합특별시 남구 효우2로 89,1,매입임대,3,일치
31342196,1,1,1,1,전남광주통합특별시 남구 노대실로 33,1,매입임대,1,일치
31342199,1,1,1,1,전남광주통합특별시 서구 동천로 11,1,매입임대,1,일치
31342200,1,1,1,1,전남광주통합특별시 서구 동천로18번길 19,1,매입임대,1,일치
31342201,1,1,3,1,전남광주통합특별시 광산구 목련로 41,1,매입임대,3,일치
31342205,1,1,1,1,전남광주통합특별시 동구 남문로 307,1,매입임대,1,일치
31342206,1,1,1,1,전남광주통합특별시 서구 동천로18번길 19,1,매입임대,1,일치
31342208,1,1,2,1,전남광주통합특별시 동구 남문로 307,1,매입임대,2,일치
31342209,2,1,4,1,전남광주통합특별시 서구 동천로18번길 19,1,매입임대,4,일치
31342210,1,1,1,1,전남광주통합특별시 남구 효우2로 45,1,매입임대,1,일치
31342211,1,1,1,1,전남광주통합특별시 광산구 신창로71번길 33,1,매입임대,1,일치
31342212,1,1,3,1,전남광주통합특별시 광산구 신창로161번길 34,1,매입임대,3,일치
31349025,3,1,9,1,전남광주통합특별시 북구 안산로 20-8,1,매입임대,9,일치
31349026,10,1,20,1,전남광주통합특별시 광산구 금봉로64번길 6,1,매입임대,20,일치
31349030,4,1,9,1,전남광주통합특별시 북구 부남길 6,1,매입임대,9,일치
31349035,2,1,9,1,전남광주통합특별시 남구 군분로77번길 35-8,1,매입임대,9,일치
31349036,2,1,6,1,전남광주통합특별시 서구 군분로200번길 6-1,1,매입임대,6,일치
31349037,7,1,28,1,전남광주통합특별시 서구 화정로39번길 8-15,1,매입임대,28,일치
31349038,4,1,8,1,전남광주통합특별시 북구 군왕로105번길 49,1,매입임대,8,일치
31349039,3,1,28,1,전남광주통합특별시 광산구 평동로1120번길 70-6,1,매입임대,28,일치
31349043,27,1,103,1,전남광주통합특별시 북구 초당로7번길 8,1,매입임대,103,일치
31349049,11,1,26,1,전남광주통합특별시 남구 백운로75번나길 3,1,매입임대,26,일치
31350930,2,1,28,1,전남광주통합특별시 광산구 송도로212번길 15,1,매입임대,28,일치
31350931,3,1,18,1,전남광주통합특별시 광산구 송도로212번길 15,1,매입임대,18,일치
31371456,1,1,1,1,전남광주통합특별시 남구 효우2로 89,1,매입임대,1,일치
31371457,1,1,1,1,전남광주통합특별시 남구 효우2로 21,1,매입임대,1,일치
31371458,1,1,1,1,전남광주통합특별시 광산구 목련로 15,1,매입임대,1,일치
31371460,1,1,3,1,전남광주통합특별시 서구 동천로18번길 19,1,매입임대,3,일치
31371461,1,1,1,1,전남광주통합특별시 서구 동천로18번길 19,1,매입임대,1,일치
31371462,2,1,17,1,전남광주통합특별시 서구 내방로 337,1,매입임대,17,일치
31371465,1,1,1,1,전남광주통합특별시 동구 남문로 307,1,매입임대,1,일치
31371466,1,1,1,1,전남광주통합특별시 서구 시청로 92,1,매입임대,1,일치
31371468,1,1,1,1,전남광주통합특별시 북구 첨단연신로 166,1,매입임대,1,일치
31371469,3,1,3,1,전남광주통합특별시 광산구 무진대로 278-11,1,매입임대,3,일치
31371470,1,1,1,1,전남광주통합특별시 광산구 소촌로 100,1,매입임대,1,일치
31371471,1,1,2,1,전남광주통합특별시 광산구 목련로 15,1,매입임대,2,일치
31371472,1,1,1,1,전남광주통합특별시 서구 동천로18번길 19,1,매입임대,1,일치
31371473,1,1,1,1,전남광주통합특별시 남구 효우2로 21,1,매입임대,1,일치
31371474,1,1,2,1,전남광주통합특별시 북구 군왕로 311,1,매입임대,2,일치
31371475,1,1,1,1,전남광주통합특별시 광산구 선운중앙로 45,1,매입임대,1,일치
31371476,2,1,2,1,전남광주통합특별시 광산구 목련로 41,1,매입임대,2,일치
31371478,1,1,1,1,전남광주통합특별시 동구 남문로 307,1,매입임대,1,일치
31371479,1,1,1,1,전남광주통합특별시 남구 노대실로 33,1,매입임대,1,일치
31371480,1,1,1,1,전남광주통합특별시 남구 노대실로 33,1,매입임대,1,일치
31371481,2,1,3,1,전남광주통합특별시 광산구 무진대로 278-11,1,매입임대,3,일치
31371482,1,1,1,1,전남광주통합특별시 광산구 목련로 41,1,매입임대,1,일치
31371483,1,1,1,1,전남광주통합특별시 광산구 목련로 15,1,매입임대,1,일치
31371485,1,1,1,1,전남광주통합특별시 남구 효우2로 45,1,매입임대,1,일치
31371486,1,1,1,1,전남광주통합특별시 남구 노대실로 89,1,매입임대,1,일치
31371487,3,1,3,1,전남광주통합특별시 북구 서강로 38,1,매입임대,3,일치
31371488,1,1,1,1,전남광주통합특별시 광산구 목련로 41,1,매입임대,1,일치
31371489,1,1,1,1,전남광주통합특별시 광산구 신창로161번길 34,1,매입임대,1,일치
31371493,1,1,1,1,전남광주통합특별시 서구 동천로 11,1,매입임대,1,일치
31371494,1,1,1,1,전남광주통합특별시 남구 노대실로 33,1,매입임대,1,일치
31371495,1,1,1,1,전남광주통합특별시 광산구 소촌로 100,1,매입임대,1,일치
31371496,1,1,1,1,전남광주통합특별시 광산구 신창로161번길 34,1,매입임대,1,일치
31371497,1,1,3,1,전남광주통합특별시 광산구 신창로161번길 34,1,매입임대,3,일치
31371500,1,1,1,1,전남광주통합특별시 서구 시청로 92,1,매입임대,1,일치
31371501,1,1,1,1,전남광주통합특별시 남구 효우2로 45,1,매입임대,1,일치
31371502,2,1,2,1,전남광주통합특별시 남구 노대실로 33,1,매입임대,2,일치
31371503,3,1,5,1,전남광주통합특별시 북구 서강로 38,1,매입임대,5,일치
31371504,1,1,1,1,전남광주통합특별시 북구 서강로54번길 32,1,매입임대,1,일치
31374074,3,1,9,1,전남광주통합특별시 서구 월드컵4강로42번길 39-11,1,매입임대,9,일치
31374078,4,1,15,1,전남광주통합특별시 북구 면앙로209번길 20,1,매입임대,15,일치
31374085,3,1,12,1,전남광주통합특별시 북구 삼정로66번길 85,1,매입임대,12,일치
31374090,3,1,9,1,전남광주통합특별시 서구 월드컵4강로28번길 3-16,1,매입임대,9,일치
31374762,4,1,50,1,전남광주통합특별시 광산구 송정로52번길 86,1,행복주택,50,일치
31375319,4,1,60,1,전남광주통합특별시 서구 월산로 242,1,행복주택,60,일치
31377792,11,1,57,1,전남광주통합특별시 광산구 내상로33번길 40,1,매입임대,57,일치
31377793,1,1,1,1,전남광주통합특별시 서구 양동로17번길 18,1,매입임대,1,일치
31377794,9,1,11,1,전남광주통합특별시 남구 금화로 450,1,매입임대,11,일치
31377796,4,1,6,1,전남광주통합특별시 남구 금화로456번길 21-2,1,매입임대,6,일치
31378475,3,1,44,1,전남광주통합특별시 북구 고운로 25,1,매입임대,44,일치
31378478,15,1,22,1,전남광주통합특별시 광산구 우산로73번길 11,1,매입임대,22,일치
31378780,4,1,12,1,전남광주통합특별시 서구 상무대로1177번길 20,1,매입임대,12,일치
31379007,5,1,10,1,전남광주통합특별시 북구 평교로29번길 7-6,1,매입임대,10,일치
31379008,3,1,8,1,전남광주통합특별시 북구 평교로18번길 6-2,1,매입임대,8,일치
31381028,1,1,1,1,전남광주통합특별시 서구 동천로18번길 19,1,매입임대,1,일치
31381029,1,1,1,1,전남광주통합특별시 서구 동천로18번길 19,1,매입임대,1,일치
31381030,1,1,1,1,전남광주통합특별시 남구 진제길 28,1,매입임대,1,일치
31381031,1,1,1,1,전남광주통합특별시 광산구 목련로 41,1,매입임대,1,일치
31381032,1,1,1,1,전남광주통합특별시 광산구 신창로161번길 34,1,매입임대,1,일치
31381035,1,1,1,1,전남광주통합특별시 서구 동천로18번길 19,1,매입임대,1,일치
31381036,2,1,2,1,전남광주통합특별시 서구 동천로18번길 19,1,매입임대,2,일치
31381037,1,1,1,1,전남광주통합특별시 남구 노대실로 33,1,매입임대,1,일치
31381038,1,1,1,1,전남광주통합특별시 광산구 신창로161번길 34,1,매입임대,1,일치
31381040,1,1,1,1,전남광주통합특별시 남구 노대실로 33,1,매입임대,1,일치
31381041,1,1,1,1,전남광주통합특별시 북구 설죽로148번길 10,1,매입임대,1,일치
31381042,1,1,1,1,전남광주통합특별시 광산구 목련로 41,1,매입임대,1,일치
31381044,1,1,1,1,전남광주통합특별시 남구 노대실로 33,1,매입임대,1,일치
31381045,1,1,1,1,전남광주통합특별시 광산구 목련로 15,1,매입임대,1,일치
31381046,1,1,1,1,전남광주통합특별시 광산구 신창로161번길 34,1,매입임대,1,일치
31381048,1,1,1,1,전남광주통합특별시 남구 노대실로 89,1,매입임대,1,일치
31381049,1,1,1,1,전남광주통합특별시 남구 노대실로 89,1,매입임대,1,일치
31381050,1,1,1,1,전남광주통합특별시 광산구 신창로161번길 34,1,매입임대,1,일치
31381051,1,1,1,1,전남광주통합특별시 서구 동천로18번길 19,1,매입임대,1,일치
31381052,1,1,1,1,전남광주통합특별시 광산구 목련로 41,1,매입임대,1,일치
31384401,7,1,288,1,전남광주통합특별시 남구 서문대로809번길 22,1,영구임대,288,일치
31384402,14,1,700,1,전남광주통합특별시 북구 서암대로 268,1,행복주택,700,일치
31384403,6,1,498,1,전남광주통합특별시 서구 월산로 164-3,1,영구임대,498,일치
31384862,4,1,414,1,전남광주통합특별시 광산구 용아로379번길 25-2,1,영구임대,414,일치
31390248,1,1,1,1,전남광주통합특별시 남구 원효천1길 5,1,매입임대,1,일치
31390249,1,1,1,1,전남광주통합특별시 남구 효우2로 89,1,매입임대,1,일치
31390250,1,1,1,1,전남광주통합특별시 남구 독립로80번길 7,1,매입임대,1,일치
31390251,1,1,1,1,전남광주통합특별시 광산구 목련로 15,1,매입임대,1,일치
31390252,1,1,1,1,전남광주통합특별시 남구 독립로80번길 7,1,매입임대,1,일치
31390253,1,1,1,1,전남광주통합특별시 광산구 소촌로 100,1,매입임대,1,일치
31402217,12,1,48,1,전남광주통합특별시 동구 동계천로 80,1,매입임대,48,일치
31411808,4,1,42,1,전남광주통합특별시 남구 대남대로85번길 5,1,매입임대,42,일치
31411836,2,1,14,1,전남광주통합특별시 북구 동운로 212,1,매입임대,14,일치
31412843,2,1,8,1,전남광주통합특별시 광산구 사암로130번길 35,1,매입임대,8,일치
31412854,6,1,12,1,전남광주통합특별시 북구 중흥로173번길 7-5,1,매입임대,12,일치
31412857,1,1,12,1,전남광주통합특별시 광산구 목련로382번길 94-11,1,매입임대,12,일치
31413447,12,1,28,1,전남광주통합특별시 광산구 내상로33번길 42,1,매입임대,28,일치
31414642,15,1,40,1,전남광주통합특별시 북구 고운로13번길 14-2,1,매입임대,40,일치
31446654,2,1,16,1,전남광주통합특별시 광산구 사암로92번길 99-33,1,매입임대,16,일치
31452300,6,1,24,1,전남광주통합특별시 남구 백운로34번길 5-8,1,매입임대,24,일치
31457276,2,1,44,1,전남광주통합특별시 북구 중흥로40번길 17,1,매입임대,44,일치
31469906,4,1,12,1,전남광주통합특별시 북구 저불로73번길 37,1,매입임대,12,일치
31471659,3,1,16,1,전남광주통합특별시 남구 봉주길 39,1,매입임대,16,일치
31471660,2,1,28,1,전남광주통합특별시 북구 비엔날레로 154-3,1,매입임대,28,일치
31474443,4,1,15,1,전남광주통합특별시 광산구 하남마항로29번길 39,1,매입임대,15,일치
31474445,6,1,19,1,전남광주통합특별시 서구 화정로39번길 14,1,매입임대,19,일치
31482733,3,1,47,1,전남광주통합특별시 북구 반룡로5번길 45,1,매입임대,47,일치
31485263,4,2,"159, 447",1,전남광주통합특별시 광산구 선암로 19,2,영구임대 | 국민임대,,불일치
31488421,5,1,20,1,전남광주통합특별시 동구 의재로88번길 9-7,1,매입임대,20,일치
31489479,3,1,12,1,전남광주통합특별시 광산구 도산로38번길 15,1,매입임대,12,일치
31495771,2,1,2,1,전남광주통합특별시 북구 본촌택지로 37,1,매입임대,2,일치
31495772,1,1,1,1,전남광주통합특별시 북구 상촌로31번길 12-10,1,매입임대,1,일치
31495773,1,1,2,1,전남광주통합특별시 북구 상촌로43번길 51,1,매입임대,2,일치
31495774,2,1,2,1,전남광주통합특별시 북구 상촌로43번길 55,1,매입임대,2,일치
31495775,1,1,2,1,전남광주통합특별시 북구 상촌로43번길 14,1,매입임대,2,일치
31495776,1,1,2,1,전남광주통합특별시 북구 서양로49번길 39,1,매입임대,2,일치
31495777,2,1,2,1,전남광주통합특별시 북구 연양로105번길 40-8,1,매입임대,2,일치
31495778,1,1,6,1,전남광주통합특별시 북구 연양로117번길 2,1,매입임대,6,일치
31495779,2,1,2,1,전남광주통합특별시 북구 오문로38번길 7-12,1,매입임대,2,일치
31495780,4,1,5,1,전남광주통합특별시 북구 유림로160번길 22,1,매입임대,5,일치
31495785,2,1,2,1,전남광주통합특별시 서구 금호운천길 13,1,매입임대,2,일치
31495786,3,1,3,1,전남광주통합특별시 북구 용두택지로 56,1,매입임대,3,일치
31495787,1,1,1,1,전남광주통합특별시 북구 동문대로134번길 58,1,매입임대,1,일치
31495788,2,1,2,1,전남광주통합특별시 북구 양산택지로34번길 11,1,매입임대,2,일치
31495789,3,1,5,1,전남광주통합특별시 북구 양산택지로51번길 6-17,1,매입임대,5,일치
31495792,1,1,1,1,전남광주통합특별시 북구 오산정길19번길 4,1,매입임대,1,일치
31495794,1,1,1,1,전남광주통합특별시 북구 무등로 282-9,1,매입임대,1,일치
31495795,3,1,5,1,전남광주통합특별시 북구 양산로 57-6,1,매입임대,5,일치
31495796,2,1,2,1,전남광주통합특별시 북구 양산택지로37번길 14-1,1,매입임대,2,일치
31495797,2,1,3,1,전남광주통합특별시 북구 하서로466번길 36,1,매입임대,3,일치
31495798,1,1,1,1,전남광주통합특별시 서구 화운로193번길 22,1,매입임대,1,일치
31495799,1,1,1,1,전남광주통합특별시 북구 동문대로134번길 60,1,매입임대,1,일치
31495800,1,1,3,1,전남광주통합특별시 북구 삼정로87번길 65-17,1,매입임대,3,일치
31495801,1,1,4,1,전남광주통합특별시 북구 양산택지로37번길 106,1,매입임대,4,일치
31495802,2,1,2,1,전남광주통합특별시 북구 연양로117번길 3-2,1,매입임대,2,일치
31495803,2,1,2,1,전남광주통합특별시 북구 자라봉로63번길 15-4,1,매입임대,2,일치
31495804,1,1,3,1,전남광주통합특별시 북구 천지인로115번길 15,1,매입임대,3,일치
31495812,2,1,6,1,전남광주통합특별시 북구 상촌로43번길 11-8,1,매입임대,6,일치
31495816,1,1,1,1,전남광주통합특별시 북구 양산택지로 102,1,매입임대,1,일치
31495817,2,1,2,1,전남광주통합특별시 북구 참판로 215,1,매입임대,2,일치
31495818,2,1,2,1,전남광주통합특별시 북구 상촌로43번길 11-7,1,매입임대,2,일치
31495825,3,1,5,1,전남광주통합특별시 북구 본촌택지로30번길 2,1,매입임대,5,일치
31495826,1,1,1,1,전남광주통합특별시 북구 서방로181번길 36,1,매입임대,1,일치
31495827,1,1,1,1,전남광주통합특별시 북구 양산택지로34번길 15,1,매입임대,1,일치
31495828,1,1,1,1,전남광주통합특별시 북구 양산택지로37번길 8,1,매입임대,1,일치
31495829,1,1,2,1,전남광주통합특별시 북구 하서로466번길 60,1,매입임대,2,일치
31497088,3,1,18,1,전남광주통합특별시 북구 문화소통로 238-2,1,매입임대,18,일치
31497090,3,1,10,1,전남광주통합특별시 북구 서하로355번길 39,1,매입임대,10,일치
31497091,3,1,10,1,전남광주통합특별시 북구 송월로20번길 19-9,1,매입임대,10,일치
31497959,3,1,38,1,전남광주통합특별시 광산구 신창로48번길 56,1,매입임대,38,일치
31499841,4,1,32,1,전남광주통합특별시 북구 오산정길 16,1,매입임대,32,일치
31499842,2,1,29,1,전남광주통합특별시 북구 설죽로315번길 25,1,매입임대,29,일치
31501249,1,1,7,1,전남광주통합특별시 광산구 산정공원로28번길 7-2,1,매입임대,7,일치
31503800,2,1,9,1,전남광주통합특별시 북구 신촌로23번길 39,1,매입임대,9,일치
31508844,1,1,24,1,전남광주통합특별시 동구 천변우로 361-15,1,매입임대,24,일치
31520203,1,1,36,1,전남광주통합특별시 동구 문화전당로23번길 26,1,매입임대,36,일치
31520262,1,1,10,1,전남광주통합특별시 남구 대남대로 219,1,매입임대,10,일치
31521280,2,1,36,1,전남광주통합특별시 광산구 목련로219번길 76,1,매입임대,36,일치
31522991,4,1,27,1,전남광주통합특별시 동구 의재로88번길 9-2,1,매입임대,27,일치
31670112,3,1,147,1,전남광주통합특별시 광산구 선운중앙로 89,1,행복주택,147,일치
31670114,4,1,336,1,전남광주통합특별시 광산구 선암1로 43,1,행복주택,336,일치
31692701,2,1,16,1,전남광주통합특별시 광산구 도산로12번길 17-55,1,매입임대,16,일치
31692702,3,1,22,1,전남광주통합특별시 광산구 신가삼효로 25-1,1,매입임대,22,일치
31711093,4,1,39,1,전남광주통합특별시 남구 금화로376번길 8,1,매입임대,39,일치
31731588,1,1,1,1,전남광주통합특별시 광산구 임방울대로825번길 19,1,매입임대,1,일치
31731589,1,1,1,1,전남광주통합특별시 광산구 사암로171번길 90-4,1,매입임대,1,일치
31731590,1,1,2,1,전남광주통합특별시 광산구 임방울대로826번길 60-5,1,매입임대,2,일치
31740346,1,1,1,1,전남광주통합특별시 광산구 임방울대로825번길 19,1,매입임대,1,일치
31742620,1,1,1,1,전남광주통합특별시 광산구 임방울대로826번길 60-5,1,매입임대,1,일치
31758070,1,1,1,1,전남광주통합특별시 광산구 첨단중앙로152번길 6-13,1,매입임대,1,일치
31760098,6,1,20,1,전남광주통합특별시 북구 우치로238번길 18,1,매입임대,20,일치
31771601,1,1,1,1,전남광주통합특별시 북구 서양로 20,1,매입임대,1,일치
31771602,1,1,1,1,전남광주통합특별시 광산구 첨단중앙로170번길 87,1,매입임대,1,일치
31771603,1,1,1,1,전남광주통합특별시 동구 중앙로 248,1,매입임대,1,일치
31779477,1,1,1,1,전남광주통합특별시 광산구 첨단중앙로152번길 17-12,1,매입임대,1,일치
31779478,1,1,1,1,전남광주통합특별시 광산구 첨단중앙로170번길 87,1,매입임대,1,일치
31779479,1,1,1,1,전남광주통합특별시 북구 용봉택지로 16,1,매입임대,1,일치
31779481,1,1,1,1,전남광주통합특별시 광산구 첨단중앙로152번길 17-6,1,매입임대,1,일치
31779482,2,1,3,1,전남광주통합특별시 광산구 사암로171번길 90-4,1,매입임대,3,일치
31784130,1,1,1,1,전남광주통합특별시 광산구 첨단중앙로152번길 6-13,1,매입임대,1,일치
31788890,1,1,1,1,전남광주통합특별시 광산구 임방울대로826번길 60-5,1,매입임대,1,일치
31788891,1,1,1,1,전남광주통합특별시 광산구 첨단중앙로182번길 50,1,매입임대,1,일치
31788893,1,1,2,1,전남광주통합특별시 광산구 첨단중앙로170번길 87,1,매입임대,2,일치
31788895,2,1,2,1,전남광주통합특별시 광산구 사암로171번길 90-4,1,매입임대,2,일치
31788897,1,1,1,1,전남광주통합특별시 북구 용봉택지로 16,1,매입임대,1,일치
31791305,1,1,1,1,전남광주통합특별시 광산구 첨단중앙로182번길 50,1,매입임대,1,일치
31791566,1,1,1,1,전남광주통합특별시 광산구 첨단중앙로106번길 65-11,1,매입임대,1,일치
31791567,1,1,1,1,전남광주통합특별시 광산구 월계로 223-20,1,매입임대,1,일치
31796617,2,1,18,1,전남광주통합특별시 광산구 하남울로 51,1,매입임대,18,일치
31798983,1,1,1,1,전남광주통합특별시 광산구 첨단중앙로182번길 50,1,매입임대,1,일치
31800066,1,1,1,1,전남광주통합특별시 남구 경열로76번길 33-5,1,매입임대,1,일치
31800067,2,1,2,1,전남광주통합특별시 광산구 임방울대로826번길 60-5,1,매입임대,2,일치
31800072,1,1,1,1,전남광주통합특별시 광산구 첨단중앙로170번길 87,1,매입임대,1,일치
31804859,1,1,1,1,전남광주통합특별시 광산구 임방울대로825번길 19,1,매입임대,1,일치
31804860,1,1,1,1,전남광주통합특별시 광산구 첨단중앙로170번길 87,1,매입임대,1,일치
31804861,1,1,1,1,전남광주통합특별시 광산구 첨단중앙로182번길 50,1,매입임대,1,일치
31809556,1,1,1,1,전남광주통합특별시 광산구 임방울대로825번길 19,1,매입임대,1,일치
31810070,5,1,22,1,전남광주통합특별시 남구 군분로23번길 27,1,매입임대,22,일치
31811917,1,1,1,1,전남광주통합특별시 광산구 첨단중앙로170번길 87,1,매입임대,1,일치
31811918,1,1,1,1,전남광주통합특별시 서구 상무중앙로 114,1,매입임대,1,일치
31815370,1,1,1,1,전남광주통합특별시 광산구 첨단중앙로170번길 87,1,매입임대,1,일치
31815372,1,1,1,1,전남광주통합특별시 광산구 첨단중앙로182번길 50,1,매입임대,1,일치
31816245,1,1,1,1,전남광주통합특별시 광산구 첨단중앙로106번길 65-11,1,매입임대,1,일치
31816272,2,1,2,1,전남광주통합특별시 광산구 임방울대로826번길 60-5,1,매입임대,2,일치
31821891,1,1,1,1,전남광주통합특별시 광산구 첨단중앙로152번길 17-12,1,매입임대,1,일치
31821892,1,1,1,1,전남광주통합특별시 광산구 첨단중앙로170번길 87,1,매입임대,1,일치
31821898,1,1,1,1,전남광주통합특별시 광산구 첨단중앙로170번길 87,1,매입임대,1,일치
31821899,1,1,1,1,전남광주통합특별시 광산구 월계로 223-20,1,매입임대,1,일치
31821914,1,1,1,1,전남광주통합특별시 광산구 첨단중앙로182번길 50,1,매입임대,1,일치
31824737,1,1,1,1,전남광주통합특별시 북구 서암대로 66,1,매입임대,1,일치
31827966,1,1,1,1,전남광주통합특별시 서구 내방로 433,1,매입임대,1,일치
31827967,1,1,1,1,전남광주통합특별시 광산구 첨단중앙로170번길 87,1,매입임대,1,일치
31827968,1,1,1,1,전남광주통합특별시 광산구 첨단중앙로106번길 65-4,1,매입임대,1,일치
31827969,1,1,1,1,전남광주통합특별시 광산구 첨단중앙로152번길 17-6,1,매입임대,1,일치
31827970,1,1,1,1,전남광주통합특별시 광산구 첨단중앙로170번길 87,1,매입임대,1,일치
31827977,1,1,1,1,전남광주통합특별시 광산구 임방울대로825번길 19,1,매입임대,1,일치
31827980,1,1,1,1,전남광주통합특별시 광산구 첨단중앙로182번길 50,1,매입임대,1,일치
31829690,1,1,1,1,전남광주통합특별시 광산구 첨단중앙로170번길 87,1,매입임대,1,일치
31829691,1,1,1,1,전남광주통합특별시 동구 금남로 185,1,매입임대,1,일치
31829904,1,1,2,1,전남광주통합특별시 남구 월산로95번길 6,1,매입임대,2,일치
31829906,2,1,7,1,전남광주통합특별시 남구 월산로95번길 6,1,매입임대,7,일치
31829907,2,1,6,1,전남광주통합특별시 남구 월산로95번길 6,1,매입임대,6,일치
31829908,1,1,5,1,전남광주통합특별시 남구 월산로95번길 6,1,매입임대,5,일치
31829909,1,1,5,1,전남광주통합특별시 남구 월산로95번길 6,1,매입임대,5,일치
31829911,2,1,3,1,전남광주통합특별시 남구 월산로95번길 6,1,매입임대,3,일치
31829912,1,1,1,1,전남광주통합특별시 남구 월산로95번길 6,1,매입임대,1,일치
31833108,1,1,1,1,전남광주통합특별시 동구 금남로 185,1,매입임대,1,일치
31833109,1,1,1,1,전남광주통합특별시 광산구 월계로 223-20,1,매입임대,1,일치
31833135,1,1,1,1,전남광주통합특별시 광산구 첨단중앙로152번길 17-12,1,매입임대,1,일치
31833485,1,1,1,1,전남광주통합특별시 동구 중앙로 248,1,매입임대,1,일치
31833487,1,1,1,1,전남광주통합특별시 광산구 첨단중앙로170번길 87,1,매입임대,1,일치
31837523,1,1,1,1,전남광주통합특별시 동구 금남로 185,1,매입임대,1,일치
31838169,13,1,31,1,전남광주통합특별시 남구 금화로415번길 27,1,매입임대,31,일치
31839389,1,1,1,1,전남광주통합특별시 광산구 첨단중앙로182번길 50,1,매입임대,1,일치
31839390,1,1,1,1,전남광주통합특별시 광산구 첨단중앙로170번길 87,1,매입임대,1,일치
31839391,2,1,3,1,전남광주통합특별시 광산구 첨단중앙로170번길 87,1,매입임대,3,일치
31839394,1,1,1,1,전남광주통합특별시 북구 평교로 45,1,매입임대,1,일치
31839396,1,1,1,1,전남광주통합특별시 동구 구성로148번길 10-2,1,매입임대,1,일치
31839397,1,1,1,1,전남광주통합특별시 광산구 첨단중앙로106번길 65-11,1,매입임대,1,일치
31842610,1,1,1,1,전남광주통합특별시 광산구 월계로 223-17,1,매입임대,1,일치
31842611,1,1,1,1,전남광주통합특별시 광산구 첨단중앙로152번길 17-12,1,매입임대,1,일치
31842621,1,1,1,1,전남광주통합특별시 동구 금남로 185,1,매입임대,1,일치
31842637,1,1,2,1,전남광주통합특별시 광산구 첨단중앙로170번길 87,1,매입임대,2,일치
31842643,1,1,1,1,전남광주통합특별시 광산구 첨단중앙로170번길 87,1,매입임대,1,일치
31842869,2,1,36,1,전남광주통합특별시 북구 우치로361번길 15,1,매입임대,36,일치
31846371,1,1,1,1,전남광주통합특별시 광산구 첨단중앙로170번길 87,1,매입임대,1,일치
31846373,1,1,1,1,전남광주통합특별시 광산구 첨단중앙로170번길 87,1,매입임대,1,일치
31846375,1,1,1,1,전남광주통합특별시 동구 중앙로 248,1,매입임대,1,일치
31846376,1,1,1,1,전남광주통합특별시 서구 운천로162번길 35,1,매입임대,1,일치
31846378,1,1,1,1,전남광주통합특별시 광산구 첨단강변로99번길 21,1,매입임대,1,일치
31856411,1,1,1,1,전남광주통합특별시 서구 내방로 433,1,매입임대,1,일치
31856412,1,1,1,1,전남광주통합특별시 광산구 첨단중앙로170번길 87,1,매입임대,1,일치
31856601,1,1,1,1,전남광주통합특별시 광산구 첨단중앙로170번길 87,1,매입임대,1,일치
31858817,1,1,2,1,전남광주통합특별시 광산구 월계로 223-20,1,매입임대,2,일치
31859718,1,1,1,1,전남광주통합특별시 광산구 사암로171번길 90-4,1,매입임대,1,일치
31859950,1,1,1,1,전남광주통합특별시 광산구 임방울대로826번길 60-5,1,매입임대,1,일치
31859957,1,1,1,1,전남광주통합특별시 광산구 도산로9번길 35,1,매입임대,1,일치
31859960,1,1,1,1,전남광주통합특별시 광산구 임방울대로825번길 19,1,매입임대,1,일치
