주소,단지ID수,단지ID,공급유형,원본행수
전남광주통합특별시 광산구 광산로20번길 28,2,"31261641, 31258902",매입임대,2
전남광주통합특별시 광산구 목련로 15,28,"31390251, 31381045, 31371483, 31371471, 31371458, 31328410, 31328393, 31328392, 31328378, 31328361, 31328351, 31281615, 31281611, 31275421, 31275348, 31275324, 31272414, 31270206, 31258872, 31243785, 31243763, 31243714, 31237239, 31232549, 31229630, 31229629, 31226655, 31224142",매입임대,29
전남광주통합특별시 광산구 목련로 41,24,"31381052, 31381042, 31381031, 31371488, 31371482, 31371476, 31342201, 31342191, 31342186, 31274911, 31270708, 31258917, 31258916, 31256372, 31252684, 31240627, 31240625, 31240622, 31229634, 31226651, 31226649, 31224161, 31224158, 31224138",매입임대,25
전남광주통합특별시 광산구 목련로 42,6,"31258967, 31247252, 31245311, 31240631, 31224160, 31224159",매입임대,6
전남광주통합특별시 광산구 목련로219번길 120,2,"30704972, 30704971",매입임대,12
전남광주통합특별시 광산구 무진대로 278-11,2,"31371481, 31371469",매입임대,5
전남광주통합특별시 광산구 사암로118번길 97-7,3,"30704979, 30704978, 30704977",매입임대,12
전남광주통합특별시 광산구 사암로171번길 90-4,4,"31859718, 31788895, 31779482, 31731589",매입임대,6
전남광주통합특별시 광산구 선운로 33,10,"31328377, 31328375, 31281607, 31275287, 31275286, 31258885, 31251599, 31249462, 31243747, 31237477",매입임대,14
전남광주통합특별시 광산구 선운로 55,12,"31328419, 31328418, 31328404, 31328362, 31281608, 31275423, 31275327, 31275326, 31275310, 31275288, 31261640, 31258934",매입임대,14
전남광주통합특별시 광산구 선운로20번길 47,2,"31328416, 31275403",매입임대,3
전남광주통합특별시 광산구 선운중앙로 43,6,"31328411, 31281612, 31275311, 31275289, 31245313, 31245307",매입임대,7
전남광주통합특별시 광산구 선운중앙로 45,3,"31371475, 31275328, 31224139",매입임대,3
전남광주통합특별시 광산구 소촌로 100,8,"31390253, 31371495, 31371470, 31328376, 31275422, 31275365, 31258918, 31258884",매입임대,10
전남광주통합특별시 광산구 소촌로86번길 20-17,2,"31258886, 31237472",매입임대,2
전남광주통합특별시 광산구 송도로212번길 15,2,"31350931, 31350930",매입임대,5
전남광주통합특별시 광산구 신창로161번길 19,4,"31249479, 31243724, 31237478, 31237473",매입임대,4
전남광주통합특별시 광산구 신창로161번길 34,37,"31381050, 31381046, 31381038, 31381032, 31371497, 31371496, 31371489, 31342212, 31281618, 31281617, 31281603, 31281594, 31275426, 31275425, 31275424, 31275401, 31275400, 31275379, 31275349, 31275331, 31275330, 31275329, 31275313, 31275312, 31275290, 31261642, 31258948, 31258935, 31251559, 31245319, 31243778, 31237479, 31237464, 31237463, 31237462, 31224150, 30473592",매입임대,37
전남광주통합특별시 광산구 신창로35번길 20,5,"31342185, 31281249, 31256381, 31237474, 31237465",매입임대,5
전남광주통합특별시 광산구 신창로35번길 54,4,"31249463, 31247251, 31243796, 31243764",매입임대,4
전남광주통합특별시 광산구 신창로35번길 80,12,"31342175, 31281613, 31281595, 31275428, 31275427, 31275402, 31275380, 31258968, 31243797, 31240635, 31237468, 31237466",매입임대,12
전남광주통합특별시 광산구 신창로71번길 16,2,"31342174, 31258903",매입임대,2
전남광주통합특별시 광산구 신창로71번길 33,26,"31342211, 31342187, 31274921, 31274916, 31264937, 31261619, 31258969, 31258959, 31258950, 31258949, 31258936, 31258920, 31258919, 31258904, 31258888, 31258887, 31258873, 31256373, 31245330, 31245327, 31243786, 31243765, 31243749, 31243748, 31243715, 31232550",매입임대,26
전남광주통합특별시 광산구 왕버들로251번길 27,3,"31274917, 31258921, 31251560",매입임대,3
전남광주통합특별시 광산구 월계로 223-17,2,"31842610, 30473593",매입임대,3
전남광주통합특별시 광산구 월계로 223-20,4,"31858817, 31833109, 31821899, 31791567",매입임대,4
전남광주통합특별시 광산구 월곡산정로 12,2,"31338562, 30700134",영구임대,4
전남광주통합특별시 광산구 임방울대로825번길 19,6,"31859960, 31827977, 31809556, 31804859, 31740346, 31731588",매입임대,6
전남광주통합특별시 광산구 임방울대로826번길 60-5,6,"31859950, 31816272, 31800067, 31788890, 31742620, 31731590",매입임대,8
전남광주통합특별시 광산구 장덕로5번길 16,4,"31328417, 31328360, 31264914, 31258970",매입임대,4
전남광주통합특별시 광산구 장덕로6번길 59,8,"31306334, 31306315, 31306297, 31306296, 31306288, 31264938, 31264923, 31245320",매입임대,8
전남광주통합특별시 광산구 장신로 326,4,"31281599, 31275399, 31275325, 31275309",매입임대,4
전남광주통합특별시 광산구 장신로265번길 22,2,"31243766, 31243750",매입임대,2
전남광주통합특별시 광산구 첨단중앙로106번길 65-11,3,"31839397, 31816245, 31791566",매입임대,3
전남광주통합특별시 광산구 첨단중앙로152번길 17-12,4,"31842611, 31833135, 31821891, 31779477",매입임대,4
전남광주통합특별시 광산구 첨단중앙로152번길 17-6,2,"31827969, 31779481",매입임대,2
전남광주통합특별시 광산구 첨단중앙로152번길 6-13,2,"31784130, 31758070",매입임대,2
전남광주통합특별시 광산구 첨단중앙로170번길 87,21,"31856601, 31856412, 31846373, 31846371, 31842643, 31842637, 31839391, 31839390, 31833487, 31829690, 31827970, 31827967, 31821898, 31821892, 31815370, 31811917, 31804860, 31800072, 31788893, 31779478, 31771602",매입임대,22
전남광주통합특별시 광산구 첨단중앙로182번길 50,8,"31839389, 31827980, 31821914, 31815372, 31804861, 31798983, 31791305, 31788891",매입임대,8
전남광주통합특별시 남구 광복마을4길 39,2,"31258964, 31243761",매입임대,2
전남광주통합특별시 남구 노대실로 33,28,"31381044, 31381040, 31381037, 31371502, 31371494, 31371480, 31371479, 31342196, 31342183, 31342171, 31328365, 31306305, 31281247, 31275319, 31258928, 31258893, 31245329, 31245306, 31243745, 31240979, 31238192, 31238140, 31238112, 31232548, 31229638, 31229637, 31229632, 31229627",매입임대,29
전남광주통합특별시 남구 노대실로 89,26,"31381049, 31381048, 31371486, 31328415, 31328409, 31306351, 31306350, 31306345, 31306329, 31306326, 31306306, 31306292, 31306291, 31275320, 31267495, 31267473, 31258929, 31258910, 31258894, 31258869, 31249460, 31243713, 31240980, 31238081, 31229636, 31226657",매입임대,26
전남광주통합특별시 남구 독립로80번길 7,57,"31390252, 31390250, 31328356, 31328355, 31306357, 31306344, 31306331, 31306330, 31306328, 31306314, 31306313, 31306312, 31306309, 31275323, 31275283, 31270748, 31267480, 31258957, 31258956, 31258955, 31258946, 31258931, 31258912, 31258898, 31258897, 31258896, 31258895, 31258870, 31256380, 31251635, 31249461, 31243794, 31243762, 31240982, 31240981, 31240972, 31240966, 31238199, 31238198, 31238197, 31238181, 31238180, 31238179, 31238159, 31238148, 31238147, 31238146, 31238145, 31238144, 31238126, 31238125, 31238099, 31238098, 31238097, 31238096, 31238083, 31238082",매입임대,59
전남광주통합특별시 남구 방림로 31,4,"31275375, 31275276, 31258943, 31226654",매입임대,4
전남광주통합특별시 남구 봉주5길 8,3,"30704858, 30704857, 30704856",매입임대,13
전남광주통합특별시 남구 원효천1길 16,3,"31261614, 31258913, 31240986",매입임대,3
전남광주통합특별시 남구 원효천1길 5,6,"31390248, 31328389, 31328358, 31328347, 31306356, 31306325",매입임대,6
전남광주통합특별시 남구 월산로95번길 6,7,"31829912, 31829911, 31829909, 31829908, 31829907, 31829906, 31829904",매입임대,10
전남광주통합특별시 남구 화산로 115,2,"31328402, 31328385",매입임대,3
전남광주통합특별시 남구 화산로 20,6,"31261609, 31258963, 31258962, 31258941, 31258926, 31258891",매입임대,6
전남광주통합특별시 남구 화산로 75,4,"31258952, 31258942, 31258927, 31258892",매입임대,4
전남광주통합특별시 남구 화산로73번길 3,2,"31258899, 31258879",매입임대,2
전남광주통합특별시 남구 효우2로 21,31,"31371473, 31371457, 31342170, 31342169, 31328414, 31328386, 31306358, 31306307, 31275376, 31275361, 31275343, 31275342, 31275341, 31275321, 31275277, 31258953, 31258944, 31258930, 31258878, 31243795, 31243793, 31240985, 31240975, 31240971, 31240967, 31238194, 31238178, 31238141, 31238114, 31238113, 31226645",매입임대,31
전남광주통합특별시 남구 효우2로 45,21,"31371501, 31371485, 31342210, 31328388, 31328387, 31328346, 31306352, 31306327, 31306308, 31275377, 31258954, 31247248, 31243777, 31240973, 31238196, 31238195, 31238158, 31238143, 31238142, 31238095, 31237244",매입임대,22
전남광주통합특별시 남구 효우2로 89,34,"31390249, 31371456, 31342195, 31328401, 31328357, 31306332, 31306293, 31306287, 31281263, 31275419, 31275418, 31275417, 31275397, 31275396, 31275395, 31275378, 31275363, 31275362, 31275346, 31275345, 31275344, 31275322, 31275307, 31275306, 31275282, 31275281, 31275280, 31275279, 31275278, 31261639, 31258945, 31258911, 31247250, 31243737",매입임대,36
전남광주통합특별시 동구 계림로30번길 15,3,"31328413, 31328345, 31275412",매입임대,6
전남광주통합특별시 동구 금남로 185,4,"31842621, 31837523, 31833108, 31829691",매입임대,4
전남광주통합특별시 동구 남문로 307,26,"31371478, 31371465, 31342208, 31342205, 31342168, 31328406, 31328354, 31275411, 31275410, 31275369, 31275358, 31275337, 31275336, 31275297, 31275296, 31275295, 31275272, 31258961, 31258960, 31258905, 31258875, 31256367, 31247249, 31245326, 31240974, 31226653",매입임대,26
전남광주통합특별시 동구 남문로693번길 11,8,"31275370, 31275273, 31240965, 31238176, 31238138, 31238137, 31238079, 31238078",매입임대,8
전남광주통합특별시 동구 동명로69번길 20,2,"31247253, 31238080",매입임대,2
전남광주통합특별시 동구 무등로 374,12,"31328405, 31258939, 31240989, 31240964, 31238190, 31238189, 31238175, 31238124, 31238109, 31238108, 31238107, 31238077",매입임대,12
전남광주통합특별시 동구 용산2로 20,2,"31229966, 31229965",행복주택 | 국민임대,5
전남광주통합특별시 동구 중앙로 248,3,"31846375, 31833485, 31771603",매입임대,3
전남광주통합특별시 동구 충장로58번길 14,4,"31122484, 31122483, 31122482, 31122371",매입임대,4
전남광주통합특별시 북구 군왕로207번길 20,2,"31338563, 30700137",영구임대,3
전남광주통합특별시 북구 대자로 55,7,"31328403, 31328368, 31275308, 31251611, 31215427, 31215145, 31214869",매입임대,7
전남광주통합특별시 북구 대천로27번길 13-3,2,"30830912, 30830412",매입임대,5
전남광주통합특별시 북구 동운로 192,3,"31270734, 31264687, 31237747",매입임대,3
전남광주통합특별시 북구 면앙로32번길 8-7,15,"31189626, 31189625, 31189599, 31189543, 31189542, 31189541, 31189540, 31189539, 31189484, 31189483, 31189482, 31189481, 31189456, 31189424, 31189423",매입임대,15
전남광주통합특별시 북구 문화소통로 313,2,"31237763, 31237750",매입임대,2
전남광주통합특별시 북구 반룡로27번길 10-7,10,"31170706, 31170705, 31170704, 31170703, 31170702, 31170701, 31170700, 31170284, 31118713, 31118712",매입임대,10
전남광주통합특별시 북구 본촌택지로 20,2,"30830913, 30830411",매입임대,7
전남광주통합특별시 북구 본촌택지로30번길 6-10,2,"30830914, 30830413",매입임대,7
전남광주통합특별시 북구 서강로 38,4,"31371503, 31371487, 31342184, 31342172",매입임대,9
전남광주통합특별시 북구 서강로54번길 11,2,"31239688, 31237751",매입임대,2
전남광주통합특별시 북구 서강로54번길 32,5,"31371504, 31328374, 31328349, 31267483, 31267474",매입임대,5
전남광주통합특별시 북구 서방로40번길 13,2,"31237752, 31226647",매입임대,2
전남광주통합특별시 북구 설죽로148번길 10,3,"31381041, 31328372, 31237764",매입임대,7
전남광주통합특별시 북구 용두마을길 13,3,"31328366, 31275347, 31275285",매입임대,3
전남광주통합특별시 북구 용봉택지로 16,2,"31788897, 31779479",매입임대,2
전남광주통합특별시 북구 용주로30번길 60,2,"31261610, 31243421",매입임대,2
전남광주통합특별시 북구 우치로 292-1,2,"30830916, 30830409",매입임대,5
전남광주통합특별시 북구 우치로264번길 5,2,"30830919, 30830410",매입임대,8
전남광주통합특별시 북구 우치로264번길 9,2,"30830918, 30830408",매입임대,3
전남광주통합특별시 북구 참판로 172,4,"30703369, 30703368, 30703367, 30703366",매입임대,13
전남광주통합특별시 북구 천변우로 11,6,"31328367, 31328348, 31275398, 31275284, 31274915, 31243418",매입임대,9
전남광주통합특별시 북구 천변우로79번길 45,9,"31258958, 31258932, 31258901, 31258900, 31258883, 31258882, 31258881, 31258871, 31243415",매입임대,9
전남광주통합특별시 북구 첨단연신로 184,3,"31275364, 31243417, 31237748",매입임대,3
전남광주통합특별시 북구 태봉로 37,2,"31328390, 31229631",매입임대,2
전남광주통합특별시 북구 하백로6번길 12,6,"31306333, 31306295, 31306294, 31258947, 31258933, 31229633",매입임대,6
전남광주통합특별시 북구 하서로 215-4,17,"31266436, 31266435, 31266434, 31266433, 31266404, 31266375, 31266344, 31266343, 31266342, 31266311, 31266276, 31266275, 31266251, 31266250, 31266222, 31266221, 31266220",매입임대,17
전남광주통합특별시 북구 하서로 71,3,"31258965, 31237755, 31237744",매입임대,3
전남광주통합특별시 북구 하서로466번길 79,2,"30830917, 30830407",매입임대,4
전남광주통합특별시 서구 경열로45번길 13,2,"31214963, 30473902",매입임대,2
전남광주통합특별시 서구 내방로 337,36,"31371462, 31328399, 31306355, 31306349, 31306324, 31306323, 31306322, 31306304, 31306303, 31306290, 31306286, 31306284, 31275414, 31275413, 31275392, 31275391, 31275372, 31275371, 31275359, 31275339, 31275338, 31275318, 31275303, 31275302, 31275301, 31275300, 31275299, 31275298, 31275274, 31264700, 31258925, 31258907, 31258906, 31224163, 31224149, 31224146",매입임대,37
전남광주통합특별시 서구 내방로 433,2,"31856411, 31827966",매입임대,2
전남광주통합특별시 서구 동천로 11,29,"31371493, 31342199, 31342194, 31342182, 31328397, 31328383, 31328364, 31306354, 31306343, 31306342, 31306341, 31306340, 31306339, 31306321, 31306311, 31281276, 31275393, 31275373, 31275340, 31275305, 31275304, 31272522, 31267482, 31258940, 31258877, 31258876, 31243760, 31240990, 31238139",매입임대,29
전남광주통합특별시 서구 동천로18번길 19,26,"31381051, 31381036, 31381035, 31381029, 31381028, 31371472, 31371461, 31371460, 31342209, 31342206, 31342200, 31328408, 31328407, 31328398, 31306285, 31281268, 31281262, 31281261, 31281260, 31275416, 31275374, 31275360, 31275275, 31258909, 31238177, 31238111",매입임대,28
전남광주통합특별시 서구 무진대로772번길 4,4,"31258908, 31245305, 31238191, 31224156",매입임대,4
전남광주통합특별시 서구 상무민주로 10,2,"31204768, 31204495",매입임대,2
전남광주통합특별시 서구 상무민주로 104,3,"31281267, 31275415, 31264664",매입임대,3
전남광주통합특별시 서구 상무민주로5번길 9,2,"31189001, 31182436",매입임대,2
전남광주통합특별시 서구 시청로 92,2,"31371500, 31371466",매입임대,2
전남광주통합특별시 서구 양동로17번길 18,2,"31377793, 31187238",매입임대,4
