hsmpSn,공급유형,원본행수,세대수_고유값수,세대수_고유값,대표세대수,세대수일관성,주소
1249,영구임대,3,1,500,500,일치,전남광주통합특별시 서구 화정로 87-1
1250,영구임대,3,1,1500,1500,일치,전남광주통합특별시 서구 운천로32번길 23
1252,영구임대,4,1,1485,1485,일치,전남광주통합특별시 광산구 우산로 17
1253,국민임대,5,1,886,886,일치,전남광주통합특별시 광산구 목련로21번길 45
1254,국민임대,5,1,650,650,일치,전남광주통합특별시 광산구 왕버들로252번길 46
1255,매입임대,2,1,12,12,일치,전남광주통합특별시 동구 중흥로227번길 14-6
1256,매입임대,3,1,12,12,일치,전남광주통합특별시 동구 중흥로227번길 6-7
1257,매입임대,5,1,12,12,일치,전남광주통합특별시 동구 무등로449번길 5-17
1258,매입임대,5,1,18,18,일치,전남광주통합특별시 동구 화산로 357-8
1259,매입임대,4,1,12,12,일치,전남광주통합특별시 서구 천변좌로118번길 10-1
1260,매입임대,2,1,12,12,일치,전남광주통합특별시 서구 상무대로1171번길 5-1
1261,매입임대,3,1,9,9,일치,전남광주통합특별시 서구 상무대로1171번길 1
1263,매입임대,2,1,12,12,일치,전남광주통합특별시 서구 월산로225번길 9-14
1275,매입임대,2,1,12,12,일치,전남광주통합특별시 서구 화정로293번길 6-12
1276,매입임대,2,1,9,9,일치,전남광주통합특별시 서구 월드컵4강로68번길 19-17
1277,매입임대,4,1,12,12,일치,전남광주통합특별시 서구 시청서편로12번길 2-1
1278,매입임대,5,1,8,8,일치,전남광주통합특별시 서구 금호운천길 70-6
1279,매입임대,3,1,9,9,일치,전남광주통합특별시 서구 화개2로9번길 27-7
1280,매입임대,1,1,6,6,일치,전남광주통합특별시 남구 수박등로5번길 13
1281,매입임대,2,1,12,12,일치,전남광주통합특별시 남구 백운로17번길 19
1282,매입임대,4,1,12,12,일치,전남광주통합특별시 남구 진다리로39번길 12
1283,매입임대,3,1,12,12,일치,전남광주통합특별시 남구 회재로1224번길 26
1284,매입임대,3,1,12,12,일치,전남광주통합특별시 남구 회재로1224번길 24
1285,매입임대,2,1,9,9,일치,전남광주통합특별시 남구 대남대로107번길 13-10
1286,매입임대,2,1,9,9,일치,전남광주통합특별시 북구 경열로233번길 43
1287,매입임대,5,1,11,11,일치,전남광주통합특별시 북구 중가로 33-5
1288,매입임대,3,1,9,9,일치,전남광주통합특별시 북구 저불로73번길 22-7
1289,매입임대,4,1,8,8,일치,전남광주통합특별시 북구 저불로73번길 22-3
1290,매입임대,2,1,16,16,일치,전남광주통합특별시 북구 고운로23번길 3-3
1291,매입임대,8,1,15,15,일치,전남광주통합특별시 북구 고운로 19
1292,매입임대,1,1,1,1,일치,전남광주통합특별시 북구 서하로 405
1293,매입임대,2,1,12,12,일치,전남광주통합특별시 북구 동문대로122번길 71
1294,매입임대,2,1,12,12,일치,전남광주통합특별시 북구 동문대로122번길 69
1295,매입임대,4,1,9,9,일치,전남광주통합특별시 북구 동문대로122번길 71-1
1296,매입임대,2,1,12,12,일치,전남광주통합특별시 북구 서방로182번길 48
1297,매입임대,2,1,11,11,일치,전남광주통합특별시 북구 오문로58번길 12
1298,매입임대,4,1,9,9,일치,전남광주통합특별시 북구 오산정길19번길 18
1299,매입임대,3,1,12,12,일치,전남광주통합특별시 북구 서하로257번길 22
1300,매입임대,2,1,12,12,일치,전남광주통합특별시 북구 우치로228번길 54-13
1301,매입임대,3,1,9,9,일치,전남광주통합특별시 북구 우치로228번길 54-15
1302,매입임대,5,1,5,5,일치,전남광주통합특별시 북구 설죽로471번길 65-1
1303,매입임대,1,1,1,1,일치,전남광주통합특별시 북구 하백로46번길 9
1304,매입임대,5,1,18,18,일치,전남광주통합특별시 북구 일곡마을로124번길 43
1323,매입임대,2,1,12,12,일치,전남광주통합특별시 북구 우치로303번길 25-11
1324,매입임대,3,1,12,12,일치,전남광주통합특별시 북구 우치로303번길 25-13
1325,매입임대,5,1,10,10,일치,전남광주통합특별시 북구 연양로81번길 7-5
1332,매입임대,5,1,9,9,일치,전남광주통합특별시 북구 용두택지로 40
1335,매입임대,4,1,11,11,일치,전남광주통합특별시 광산구 고내상길65번길 10-8
1336,매입임대,2,1,12,12,일치,전남광주통합특별시 광산구 서도산길 70-7
1337,매입임대,3,1,12,12,일치,전남광주통합특별시 광산구 남동길 26-3
1338,매입임대,2,1,12,12,일치,전남광주통합특별시 광산구 서도산길 70-26
1339,매입임대,2,1,12,12,일치,전남광주통합특별시 광산구 서도산길 70-20
1340,매입임대,2,1,12,12,일치,전남광주통합특별시 광산구 서도산길 70-24
1341,매입임대,3,1,12,12,일치,전남광주통합특별시 광산구 사암로130번길 39
1342,매입임대,2,1,12,12,일치,전남광주통합특별시 광산구 사암로118번길 117-5
1343,매입임대,9,1,13,13,일치,전남광주통합특별시 광산구 북문대로419번길 14-11
1344,매입임대,4,1,14,14,일치,전남광주통합특별시 광산구 북문대로419번길 14-9
1345,매입임대,4,1,8,8,일치,전남광주통합특별시 광산구 신창로106번길 23-15
1346,매입임대,4,1,7,7,일치,전남광주통합특별시 광산구 신창로35번길 79-17
30473585,매입임대,1,1,12,12,일치,전남광주통합특별시 광산구 사암로 34
30473586,매입임대,4,1,12,12,일치,전남광주통합특별시 광산구 용보로51번길 34
30473587,매입임대,1,1,1,1,일치,전남광주통합특별시 광산구 송도로162번길 11-6
30473588,매입임대,4,1,12,12,일치,전남광주통합특별시 광산구 남동길 19
30473589,매입임대,3,1,12,12,일치,전남광주통합특별시 광산구 월계로16번길 6
30473590,매입임대,3,1,4,4,일치,전남광주통합특별시 광산구 비아로 185
30473591,매입임대,1,1,5,5,일치,전남광주통합특별시 광산구 첨단내촌로 93
30473592,매입임대,1,1,1,1,일치,전남광주통합특별시 광산구 신창로161번길 34
30473593,매입임대,2,1,20,20,일치,전남광주통합특별시 광산구 월계로 223-17
30473594,매입임대,7,1,17,17,일치,전남광주통합특별시 동구 증심천로 47
30473595,매입임대,5,1,10,10,일치,전남광주통합특별시 동구 경양로235번길 10-7
30473902,매입임대,1,1,4,4,일치,전남광주통합특별시 서구 경열로45번길 13
30473903,매입임대,1,1,3,3,일치,전남광주통합특별시 서구 화개1로 33
30473904,매입임대,1,1,1,1,일치,전남광주통합특별시 남구 광복마을3길 7
30473905,매입임대,1,1,3,3,일치,전남광주통합특별시 남구 서문대로663번안길 2
30473906,매입임대,2,1,6,6,일치,전남광주통합특별시 북구 송해로4번길 13-4
30473907,매입임대,1,1,12,12,일치,전남광주통합특별시 북구 양산택지로34번길 14
30473908,매입임대,2,1,12,12,일치,전남광주통합특별시 북구 양산택지로51번길 12
30473909,매입임대,2,1,12,12,일치,전남광주통합특별시 북구 양산택지로51번길 10
30473910,매입임대,5,1,12,12,일치,전남광주통합특별시 북구 신촌로 30
30473911,매입임대,4,1,7,7,일치,전남광주통합특별시 북구 하서로466번길 88-3
30473912,매입임대,1,1,12,12,일치,전남광주통합특별시 북구 오문로58번길 9
30473913,매입임대,1,1,12,12,일치,전남광주통합특별시 북구 양산택지로51번길 8
30473914,매입임대,5,1,8,8,일치,전남광주통합특별시 북구 설죽로251번길 85
30473915,매입임대,1,1,2,2,일치,전남광주통합특별시 북구 저불로 21
30473916,매입임대,1,1,12,12,일치,전남광주통합특별시 북구 양산택지로34번길 16
30473917,매입임대,2,1,12,12,일치,전남광주통합특별시 북구 양산택지로51번길 14
30474460,매입임대,2,1,12,12,일치,전남광주통합특별시 서구 월산로225번길 9-10
30474461,매입임대,8,1,18,18,일치,전남광주통합특별시 북구 양산택지로37번길 18
30474462,매입임대,1,1,12,12,일치,전남광주통합특별시 북구 양산택지로51번길 6
30474463,매입임대,4,1,9,9,일치,전남광주통합특별시 북구 오산정길19번길 16
30699397,국민임대,5,1,826,826,일치,전남광주통합특별시 광산구 풍영로330번길 15
30699413,국민임대,1,1,3,3,일치,전남광주통합특별시 북구 상촌로43번길 30
30699437,국민임대,1,1,141,141,일치,전남광주통합특별시 광산구 사암로 24
30699487,국민임대,2,1,496,496,일치,전남광주통합특별시 북구 하서로229번길 57
30699489,국민임대,3,1,901,901,일치,전남광주통합특별시 북구 매곡로 20
30699497,국민임대,6,1,492,492,일치,전남광주통합특별시 북구 연양로7번길 58
30699522,국민임대,2,1,1442,1442,일치,전남광주통합특별시 서구 동천로 25
30699525,국민임대,2,1,861,861,일치,전남광주통합특별시 북구 양산제로 110
30699543,국민임대,4,1,1308,1308,일치,전남광주통합특별시 서구 하남대로710번길 5
30699548,국민임대,2,1,815,815,일치,전남광주통합특별시 북구 유림로160번길 5
30699577,국민임대,4,1,853,853,일치,전남광주통합특별시 남구 효우로60번길 10
30699581,국민임대,5,1,449,449,일치,전남광주통합특별시 남구 효우로60번길 9
30699582,국민임대,2,1,711,711,일치,전남광주통합특별시 북구 하서로483번길 22
30699662,국민임대,4,1,244,244,일치,전남광주통합특별시 광산구 송도로182번길 15-11
30699692,국민임대,3,1,384,384,일치,전남광주통합특별시 남구 효우로60번길 37
30699696,국민임대,1,1,137,137,일치,전남광주통합특별시 북구 우치로311번길 20
30699699,국민임대,1,1,70,70,일치,전남광주통합특별시 광산구 남동길30번길 28
30699710,국민임대,2,1,94,94,일치,전남광주통합특별시 북구 초당로 7
30699740,국민임대,1,1,183,183,일치,전남광주통합특별시 광산구 송도로182번길 15-12
30699741,국민임대,1,1,245,245,일치,전남광주통합특별시 서구 내방로418번길 12
30699742,국민임대,1,1,62,62,일치,전남광주통합특별시 북구 매곡로69번길 22
30699755,국민임대,1,1,214,214,일치,전남광주통합특별시 광산구 남동길 15
30699799,국민임대,2,1,10,10,일치,전남광주통합특별시 광산구 송정로 77
30700134,영구임대,3,1,1872,1872,일치,전남광주통합특별시 광산구 월곡산정로 12
30700135,영구임대,4,1,1274,1274,일치,전남광주통합특별시 북구 중문로 55
30700136,영구임대,3,1,1416,1416,일치,전남광주통합특별시 서구 쌍학로 47
30700137,영구임대,2,1,1401,1401,일치,전남광주통합특별시 북구 군왕로207번길 20
30700138,국민임대,6,1,949,949,일치,전남광주통합특별시 남구 정율성로 7
30700139,영구임대,4,1,1640,1640,일치,전남광주통합특별시 북구 삼정로 7
30700140,영구임대,2,1,1133,1133,일치,전남광주통합특별시 북구 삼정로 10
30700141,영구임대,3,1,1658,1658,일치,전남광주통합특별시 북구 서하로194번길 6
30700142,50년임대,1,1,476,476,일치,전남광주통합특별시 광산구 목련로273번길 76
30700143,국민임대,3,1,390,390,일치,전남광주통합특별시 광산구 수등로 204
30700144,50년임대,3,1,535,535,일치,전남광주통합특별시 북구 북문대로242번길 50
30700145,국민임대,4,1,632,632,일치,전남광주통합특별시 광산구 수등로123번길 70
30700233,국민임대,4,1,355,355,일치,전남광주통합특별시 남구 효우로60번길 50
30700238,국민임대,4,1,996,996,일치,전남광주통합특별시 광산구 수등로123번길 22
30700239,국민임대,4,1,1067,1067,일치,전남광주통합특별시 광산구 하남대로261번길 11
30700242,국민임대,4,1,603,603,일치,전남광주통합특별시 광산구 풍영로145번길 43
30700243,국민임대,3,1,355,355,일치,전남광주통합특별시 광산구 풍영로145번길 42
30700323,국민임대,4,1,1232,1232,일치,전남광주통합특별시 북구 첨단연신로 250
30700324,국민임대,5,1,676,676,일치,전남광주통합특별시 북구 첨단연신로 245
30700341,국민임대,6,1,1116,1116,일치,전남광주통합특별시 광산구 풍영로329번길 51
30700344,국민임대,7,1,1215,1215,일치,전남광주통합특별시 광산구 풍영로329번길 50
30700356,국민임대,2,1,754,754,일치,전남광주통합특별시 남구 백운로 100
30700358,국민임대,2,1,240,240,일치,전남광주통합특별시 남구 독립로80번길 8
30700363,국민임대,7,1,1147,1147,일치,전남광주통합특별시 광산구 선운중앙로 68
30700432,국민임대,2,1,672,672,일치,전남광주통합특별시 남구 효우로 262
30700432,영구임대,1,1,250,250,일치,전남광주통합특별시 남구 효우로 262
30701675,매입임대,6,1,8,8,일치,전남광주통합특별시 동구 무등로 489-1
30701676,매입임대,5,1,12,12,일치,전남광주통합특별시 동구 동명로20번길 2
30701677,매입임대,8,1,8,8,일치,전남광주통합특별시 동구 필문대로171번길 17-4
30702225,매입임대,4,1,6,6,일치,전남광주통합특별시 북구 대천로157번길 49
30702226,매입임대,2,1,6,6,일치,전남광주통합특별시 북구 대천로157번길 51
30702227,매입임대,2,1,5,5,일치,전남광주통합특별시 북구 무진성길 83
30702228,매입임대,2,1,6,6,일치,전남광주통합특별시 북구 부남길 42
30702229,매입임대,4,1,6,6,일치,전남광주통합특별시 북구 부남길 42-6
30702230,매입임대,2,1,6,6,일치,전남광주통합특별시 북구 부남길 46
30702231,매입임대,2,1,6,6,일치,전남광주통합특별시 북구 서하로315번길 51-9
30702232,매입임대,4,1,12,12,일치,전남광주통합특별시 북구 설죽로251번길 109-6
30702233,매입임대,4,1,12,12,일치,전남광주통합특별시 북구 설죽로251번길 109-8
30702234,매입임대,6,1,6,6,일치,전남광주통합특별시 북구 송월로49번길 15-5
30702235,매입임대,1,1,6,6,일치,전남광주통합특별시 북구 송월로49번길 15-8
30702236,매입임대,7,1,8,8,일치,전남광주통합특별시 북구 양일로344번길 42
30702237,매입임대,3,1,15,15,일치,전남광주통합특별시 북구 우치로361번길 25
30702238,매입임대,2,1,6,6,일치,전남광주통합특별시 광산구 목련로397번안길 8-14
30702239,매입임대,6,1,6,6,일치,전남광주통합특별시 광산구 산정공원로60번길 34
30702240,매입임대,2,1,6,6,일치,전남광주통합특별시 광산구 우산로95번길 47-7
30702241,매입임대,6,1,14,14,일치,전남광주통합특별시 광산구 월계로22번길 6
30702242,매입임대,6,1,6,6,일치,전남광주통합특별시 남구 봉선로 63-1
30702243,매입임대,7,1,7,7,일치,전남광주통합특별시 남구 금화로422번길 70
30702244,매입임대,4,1,6,6,일치,전남광주통합특별시 남구 봉선2로19번길 10-17
30702245,매입임대,3,1,5,5,일치,전남광주통합특별시 남구 수박등로47번길 15
30702246,매입임대,3,1,5,5,일치,전남광주통합특별시 남구 용대로193번길 9
30702247,매입임대,3,1,9,9,일치,전남광주통합특별시 남구 진다리로31번안길 5
30702248,매입임대,5,1,5,5,일치,전남광주통합특별시 서구 금부로103번길 8-20
30702249,매입임대,2,1,6,6,일치,전남광주통합특별시 서구 학생독립로10번길 11
30702250,매입임대,2,1,5,5,일치,전남광주통합특별시 서구 염화로83번길 25-1
30702251,매입임대,4,1,6,6,일치,전남광주통합특별시 서구 운천로92번길 22
30702252,매입임대,3,1,5,5,일치,전남광주통합특별시 서구 월드컵4강로197번길 45
30702253,매입임대,3,1,6,6,일치,전남광주통합특별시 서구 월드컵4강로71번길 23
30702254,매입임대,4,1,6,6,일치,전남광주통합특별시 서구 화정로138번길 45-6
30702255,매입임대,3,1,5,5,일치,전남광주통합특별시 서구 화정로21번길 4-16
30702256,매입임대,4,1,6,6,일치,전남광주통합특별시 서구 화정로21번길 4-18
30702257,매입임대,4,1,5,5,일치,전남광주통합특별시 서구 화정로21번길 4-26
30703342,매입임대,6,1,10,10,일치,전남광주통합특별시 동구 경양로 239
30703343,매입임대,5,1,11,11,일치,전남광주통합특별시 동구 경양로243번길 24-3
30703344,매입임대,3,1,6,6,일치,전남광주통합특별시 동구 동계로1번길 13
30703345,매입임대,3,1,5,5,일치,전남광주통합특별시 동구 중흥로227번길 10-10
30703346,매입임대,3,1,6,6,일치,전남광주통합특별시 동구 학소로86번길 10
30703347,매입임대,5,1,6,6,일치,전남광주통합특별시 서구 금부로103번길 20-12
30703348,매입임대,1,1,6,6,일치,전남광주통합특별시 서구 금부로95번길 26-26
30703349,매입임대,3,1,5,5,일치,전남광주통합특별시 서구 금부로99번길 19-1
30703350,매입임대,2,1,6,6,일치,전남광주통합특별시 서구 내방마을2길 6-8
30703351,매입임대,4,1,6,6,일치,전남광주통합특별시 서구 학생독립로10번길 4-9
30703352,매입임대,2,1,6,6,일치,전남광주통합특별시 서구 학생독립로22번길 28
30703353,매입임대,4,1,7,7,일치,전남광주통합특별시 서구 상무오월로3번길 28-5
30703354,매입임대,3,1,5,5,일치,전남광주통합특별시 서구 염화로83번길 19-4
30703355,매입임대,2,1,6,6,일치,전남광주통합특별시 서구 칠성로4번길 7
30703356,매입임대,5,1,7,7,일치,전남광주통합특별시 서구 풍암순환로128번길 29
30703357,매입임대,3,1,5,5,일치,전남광주통합특별시 서구 화개2로20번길 28-13
30703358,매입임대,3,1,6,6,일치,전남광주통합특별시 서구 화정로21번길 4-22
30703359,매입임대,2,1,6,6,일치,전남광주통합특별시 서구 화정로78번길 24-13
30703360,매입임대,3,1,5,5,일치,전남광주통합특별시 서구 화정로78번길 24-34
30703361,매입임대,9,1,9,9,일치,전남광주통합특별시 남구 군분로77번안길 15
30703362,매입임대,4,1,6,6,일치,전남광주통합특별시 남구 봉선2로19번길 12
30703363,매입임대,5,1,5,5,일치,전남광주통합특별시 남구 회서로21번가길 5-1
30703364,매입임대,5,1,8,8,일치,전남광주통합특별시 남구 회재로1231번길 7
30703365,매입임대,2,1,6,6,일치,전남광주통합특별시 동구 독립로350번길 15
30703366,매입임대,4,1,8,8,일치,전남광주통합특별시 북구 참판로 172
30703367,매입임대,3,1,8,8,일치,전남광주통합특별시 북구 참판로 172
30703368,매입임대,3,1,7,7,일치,전남광주통합특별시 북구 참판로 172
30703369,매입임대,3,1,11,11,일치,전남광주통합특별시 북구 참판로 172
30703370,매입임대,5,1,8,8,일치,전남광주통합특별시 북구 감적길 46-2
30703371,매입임대,4,1,5,5,일치,전남광주통합특별시 북구 능안로29번길 7-4
30703372,매입임대,4,1,5,5,일치,전남광주통합특별시 북구 대천로157번길 96-17
30703373,매입임대,1,1,6,6,일치,전남광주통합특별시 북구 대천로157번길 96-3
30703374,매입임대,3,1,5,5,일치,전남광주통합특별시 북구 무진성길 2
30703375,매입임대,2,1,5,5,일치,전남광주통합특별시 북구 무진성길 81
30703376,매입임대,3,1,5,5,일치,전남광주통합특별시 북구 무진성길 92
30703377,매입임대,5,1,5,5,일치,전남광주통합특별시 북구 문산로74번길 139-10
30703378,매입임대,3,1,12,12,일치,전남광주통합특별시 북구 문화소통로302번길 9
30703379,매입임대,2,1,5,5,일치,전남광주통합특별시 북구 부남길26번길 34-3
30703380,매입임대,2,1,5,5,일치,전남광주통합특별시 북구 부남길26번길 34-5
30703381,매입임대,2,1,5,5,일치,전남광주통합특별시 북구 부남길26번길 34-7
30703382,매입임대,3,1,9,9,일치,전남광주통합특별시 북구 설죽로251번길 69
30703383,매입임대,5,1,9,9,일치,전남광주통합특별시 북구 설죽로251번길 71
30703384,매입임대,3,1,5,5,일치,전남광주통합특별시 북구 송월로40번길 13-8
30703385,매입임대,1,1,6,6,일치,전남광주통합특별시 북구 양일로343번길 47-9
30703386,매입임대,9,1,10,10,일치,전남광주통합특별시 북구 우치로126번길 25-7
30703387,매입임대,5,1,7,7,일치,전남광주통합특별시 북구 중흥로173번길 8-7
30703388,매입임대,4,1,5,5,일치,전남광주통합특별시 광산구 우산로 74-6
30703389,매입임대,1,1,6,6,일치,전남광주통합특별시 광산구 월계로34번길 37-11
30704212,매입임대,3,1,7,7,일치,전남광주통합특별시 동구 밤실로3번길 10-1
30704213,매입임대,4,1,6,6,일치,전남광주통합특별시 동구 중흥로213번길 16-15
30704214,매입임대,2,1,6,6,일치,전남광주통합특별시 동구 중흥로213번길 16-17
30704215,매입임대,3,1,8,8,일치,전남광주통합특별시 동구 중흥로213번길 22
30704216,매입임대,2,1,6,6,일치,전남광주통합특별시 동구 필문대로123번길 12-1
30704217,매입임대,2,1,6,6,일치,전남광주통합특별시 동구 학소로76번길 7-11
30704218,매입임대,3,1,5,5,일치,전남광주통합특별시 서구 금부로103번길 20-6
30704219,매입임대,3,1,5,5,일치,전남광주통합특별시 서구 금부로103번길 8-16
30704220,매입임대,4,1,6,6,일치,전남광주통합특별시 서구 금부로103번길 8-8
30704221,매입임대,3,1,9,9,일치,전남광주통합특별시 서구 상무대로967번길 18-4
30704222,매입임대,1,1,5,5,일치,전남광주통합특별시 서구 상무버들로53번길 22-27
30704223,매입임대,1,1,5,5,일치,전남광주통합특별시 서구 상무버들로53번길 22-31
30704224,매입임대,3,1,5,5,일치,전남광주통합특별시 서구 칠성로4번길 5
30704225,매입임대,4,1,11,11,일치,전남광주통합특별시 남구 군분로119번길 6-4
30704226,매입임대,2,1,5,5,일치,전남광주통합특별시 남구 군분로55번길 14
30704227,매입임대,4,1,12,12,일치,전남광주통합특별시 남구 군분로78번길 9
30704228,매입임대,2,1,9,9,일치,전남광주통합특별시 남구 금화로456번길 4
30704229,매입임대,6,1,10,10,일치,전남광주통합특별시 남구 대남대로372번안길 5-5
30704230,매입임대,3,1,5,5,일치,전남광주통합특별시 남구 봉주4길 16
30704231,매입임대,2,1,6,6,일치,전남광주통합특별시 남구 월광길 37-1
30704232,매입임대,4,1,10,10,일치,전남광주통합특별시 북구 안산로 20-12
30704233,매입임대,1,1,6,6,일치,전남광주통합특별시 북구 일곡로 19
30704235,매입임대,2,1,12,12,일치,전남광주통합특별시 북구 우치로257번길 20-15
30704236,매입임대,2,1,6,6,일치,전남광주통합특별시 북구 우치로257번길 3
30704237,매입임대,4,1,14,14,일치,전남광주통합특별시 북구 저불로91번길 3
30704238,매입임대,3,1,6,6,일치,전남광주통합특별시 북구 중흥로183번길 7-10
30704239,매입임대,3,1,9,9,일치,전남광주통합특별시 광산구 송정로 53-2
30704240,매입임대,3,1,9,9,일치,전남광주통합특별시 광산구 송정로 53-4
30704242,매입임대,2,1,6,6,일치,전남광주통합특별시 광산구 목련로397번안길 8-4
30704243,매입임대,5,1,8,8,일치,전남광주통합특별시 광산구 사암로130번길 36
30704244,매입임대,2,1,6,6,일치,전남광주통합특별시 광산구 수등로243번길 28-3
30704245,매입임대,3,1,6,6,일치,전남광주통합특별시 광산구 수등로243번길 28-8
30704246,매입임대,3,1,5,5,일치,전남광주통합특별시 광산구 신창로48번길 21-8
30704247,매입임대,4,1,7,7,일치,전남광주통합특별시 광산구 신창로48번길 45-4
30704248,매입임대,4,1,7,7,일치,전남광주통합특별시 광산구 신창로48번길 45-8
30704249,매입임대,5,1,5,5,일치,전남광주통합특별시 광산구 신창로48번길 46-13
30704250,매입임대,2,1,5,5,일치,전남광주통합특별시 광산구 신창로48번길 57
30704251,매입임대,2,1,5,5,일치,전남광주통합특별시 광산구 신창로48번길 63
30704252,매입임대,3,1,9,9,일치,전남광주통합특별시 광산구 야촌길 17
30704729,매입임대,7,1,11,11,일치,전남광주통합특별시 동구 무등로 437-1
30704730,매입임대,3,1,9,9,일치,전남광주통합특별시 동구 경양로217번길 5
30704731,매입임대,3,1,12,12,일치,전남광주통합특별시 동구 경양로217번길 8
30704732,매입임대,3,1,12,12,일치,전남광주통합특별시 동구 경양로223번길 6-15
30704733,매입임대,3,1,12,12,일치,전남광주통합특별시 동구 경양로235번길 15
30704734,매입임대,4,1,12,12,일치,전남광주통합특별시 동구 경양로235번길 4-3
30704735,매입임대,1,1,6,6,일치,전남광주통합특별시 동구 무등로415번길 16
30704736,매입임대,2,1,12,12,일치,전남광주통합특별시 동구 무등로449번길 16
30704737,매입임대,3,1,9,9,일치,전남광주통합특별시 동구 무등로449번길 32-1
30704738,매입임대,1,1,12,12,일치,전남광주통합특별시 동구 무등로449번길 42
30704739,매입임대,4,1,9,9,일치,전남광주통합특별시 동구 무등로449번길 48
30704740,매입임대,5,1,9,9,일치,전남광주통합특별시 동구 무등로449번길 5-25
30704741,매입임대,4,1,9,9,일치,전남광주통합특별시 동구 무등로449번길 50
30704742,매입임대,3,1,9,9,일치,전남광주통합특별시 동구 무등로449번길 8-8
30704743,매입임대,3,1,13,13,일치,전남광주통합특별시 동구 밤실로136번길 13-7
30704744,매입임대,5,1,12,12,일치,전남광주통합특별시 동구 산수길39번길 26
30704745,매입임대,3,1,12,12,일치,전남광주통합특별시 동구 의재로136번길 26-4
30704746,매입임대,1,1,12,12,일치,전남광주통합특별시 동구 의재로51번길 21
30704747,매입임대,2,1,12,12,일치,전남광주통합특별시 동구 중흥로227번길 12
30704748,매입임대,5,1,12,12,일치,전남광주통합특별시 동구 중흥로227번길 6-11
30704749,매입임대,2,1,6,6,일치,전남광주통합특별시 동구 중흥로241번길 22-1
30704750,매입임대,5,1,19,19,일치,전남광주통합특별시 동구 필문대로106번길 4
30704751,매입임대,2,1,12,12,일치,전남광주통합특별시 동구 필문대로137번길 5-7
30704752,매입임대,2,1,12,12,일치,전남광주통합특별시 동구 필문대로153번길 24
30704753,매입임대,2,1,12,12,일치,전남광주통합특별시 동구 필문대로159번길 1-13
30704754,매입임대,7,1,11,11,일치,전남광주통합특별시 동구 필문대로187번길 19-5
30704755,매입임대,4,1,8,8,일치,전남광주통합특별시 동구 필문대로187번길 7-10
30704756,매입임대,5,1,8,8,일치,전남광주통합특별시 동구 필문대로187번길 7-14
30704757,매입임대,5,1,9,9,일치,전남광주통합특별시 동구 무등로306번길 29-15
30704758,매입임대,4,1,7,7,일치,전남광주통합특별시 서구 군분로 206-3
30704759,매입임대,2,1,6,6,일치,전남광주통합특별시 서구 풍암운리로 10-1
30704760,매입임대,6,1,11,11,일치,전남광주통합특별시 서구 경열로54번길 10
30704761,매입임대,3,1,10,10,일치,전남광주통합특별시 서구 군분로129번길 11
30704762,매입임대,2,1,6,6,일치,전남광주통합특별시 서구 군분로159번길 12
30704763,매입임대,2,1,9,9,일치,전남광주통합특별시 서구 화정로276번길 10
30704764,매입임대,2,1,6,6,일치,전남광주통합특별시 서구 화정로280번길 7
30704765,매입임대,4,1,9,9,일치,전남광주통합특별시 서구 군분로221번길 4
30704766,매입임대,2,1,8,8,일치,전남광주통합특별시 서구 군분로222번길 4-1
30704767,매입임대,3,1,12,12,일치,전남광주통합특별시 서구 금호만호길 90
30704768,매입임대,3,1,9,9,일치,전남광주통합특별시 서구 금화로481번길 8
30704769,매입임대,3,1,12,12,일치,전남광주통합특별시 서구 금화로482번길 15
30704770,매입임대,3,1,6,6,일치,전남광주통합특별시 서구 금화로482번길 15-1
30704771,매입임대,4,1,9,9,일치,전남광주통합특별시 서구 금화로73번길 14
30704772,매입임대,4,1,15,15,일치,전남광주통합특별시 서구 내방로350번길 3-6
30704773,매입임대,3,1,12,12,일치,전남광주통합특별시 서구 내방로404번길 25
30704774,매입임대,2,1,9,9,일치,전남광주통합특별시 서구 내방마을2길 6-14
30704775,매입임대,2,1,12,12,일치,전남광주통합특별시 서구 내방마을2길 6-16
30704776,매입임대,4,1,12,12,일치,전남광주통합특별시 서구 대남대로450번길 10-10
30704777,매입임대,4,1,12,12,일치,전남광주통합특별시 서구 대남대로450번길 10-12
30704778,매입임대,3,1,9,9,일치,전남광주통합특별시 서구 대남대로461번길 3
30704779,매입임대,3,1,12,12,일치,전남광주통합특별시 서구 대남대로462번길 2
30704780,매입임대,2,1,12,12,일치,전남광주통합특별시 서구 상무대로1005번길 11-33
30704781,매입임대,1,1,12,12,일치,전남광주통합특별시 서구 상무대로1005번길 17-19
30704782,매입임대,5,1,18,18,일치,전남광주통합특별시 서구 상무대로1005번길 39-5
30704783,매입임대,3,1,12,12,일치,전남광주통합특별시 서구 상무대로1171번길 4
30704784,매입임대,3,1,12,12,일치,전남광주통합특별시 서구 상무대로884번길 26
30704785,매입임대,2,1,18,18,일치,전남광주통합특별시 서구 상무오월로38번길 27-11
30704786,매입임대,6,1,18,18,일치,전남광주통합특별시 서구 월드컵4강로181번길 6-8
30704787,매입임대,3,1,12,12,일치,전남광주통합특별시 서구 월산로225번길 13-18
30704788,매입임대,2,1,12,12,일치,전남광주통합특별시 서구 월산로225번길 13-22
30704789,매입임대,3,1,12,12,일치,전남광주통합특별시 서구 풍금로12번길 13
30704790,매입임대,2,1,12,12,일치,전남광주통합특별시 서구 풍금로24번길 5-1
30704791,매입임대,2,1,6,6,일치,전남광주통합특별시 서구 풍암신흥로11번길 38-20
30704792,매입임대,2,1,6,6,일치,전남광주통합특별시 서구 풍암신흥로50번길 31
30704793,매입임대,2,1,6,6,일치,전남광주통합특별시 서구 풍암신흥로50번길 35
30704794,매입임대,2,1,6,6,일치,전남광주통합특별시 서구 풍암신흥로50번길 5
30704795,매입임대,4,1,9,9,일치,전남광주통합특별시 서구 풍암신흥로62번길 3-68
30704796,매입임대,5,1,8,8,일치,전남광주통합특별시 서구 풍암신흥안길 11-8
30704797,매입임대,6,1,11,11,일치,전남광주통합특별시 서구 풍암신흥안길 27-5
30704798,매입임대,2,1,9,9,일치,전남광주통합특별시 서구 풍암신흥안길 7
30704799,매입임대,2,1,6,6,일치,전남광주통합특별시 서구 풍암운리로33번길 9
30704800,매입임대,4,1,12,12,일치,전남광주통합특별시 서구 풍암중앙로91번길 4-30
30704801,매입임대,3,1,9,9,일치,전남광주통합특별시 서구 화개1로1번길 23
30704802,매입임대,5,1,11,11,일치,전남광주통합특별시 서구 화개2로20번길 28-17
30704803,매입임대,1,1,6,6,일치,전남광주통합특별시 서구 화개2로20번길 32-17
30704804,매입임대,5,1,8,8,일치,전남광주통합특별시 서구 화개2로20번길 32-8
30704805,매입임대,3,1,9,9,일치,전남광주통합특별시 서구 화개2로9번길 9-10
30704806,매입임대,2,1,9,9,일치,전남광주통합특별시 서구 화개2로9번길 9-11
30704807,매입임대,2,1,6,6,일치,전남광주통합특별시 서구 화개중앙로3번길 12-10
30704808,매입임대,2,1,12,12,일치,전남광주통합특별시 서구 화운로100번길 6
30704809,매입임대,3,1,9,9,일치,전남광주통합특별시 서구 화운로110번길 5-10
30704811,매입임대,5,1,12,12,일치,전남광주통합특별시 서구 화운로175번길 5-15
30704812,매입임대,2,1,12,12,일치,전남광주통합특별시 서구 화정로21번길 8-9
30704813,매입임대,2,1,12,12,일치,전남광주통합특별시 서구 화정로253번길 11-1
30704814,매입임대,3,1,12,12,일치,전남광주통합특별시 서구 화정로253번길 7
30704815,매입임대,3,1,12,12,일치,전남광주통합특별시 서구 화정로271번길 11
30704816,매입임대,2,1,12,12,일치,전남광주통합특별시 서구 화정로279번길 19
30704817,매입임대,5,1,11,11,일치,전남광주통합특별시 서구 화정로279번길 4
30704818,매입임대,6,1,16,16,일치,전남광주통합특별시 서구 화정로293번길 6-13
30704819,매입임대,3,1,11,11,일치,전남광주통합특별시 서구 화정로49번길 34-9
30704820,매입임대,6,1,10,10,일치,전남광주통합특별시 서구 동림2지구길 15
30704821,매입임대,5,1,10,10,일치,전남광주통합특별시 서구 동림2지구길 31
30704822,매입임대,4,1,18,18,일치,전남광주통합특별시 남구 금화로 456
30704823,매입임대,5,1,12,12,일치,전남광주통합특별시 남구 제중로 24-9
30704824,매입임대,4,1,10,10,일치,전남광주통합특별시 남구 진다리로 31
30704825,매입임대,5,1,11,11,일치,전남광주통합특별시 남구 진다리로 49-2
30704826,매입임대,2,1,9,9,일치,전남광주통합특별시 남구 화정로260번길 18
30704827,매입임대,4,1,12,12,일치,전남광주통합특별시 남구 화정로272번길 23
30704828,매입임대,7,1,11,11,일치,전남광주통합특별시 남구 월산로151번길 5-7
30704829,매입임대,4,1,12,12,일치,전남광주통합특별시 남구 금화로482번길 14
30704830,매입임대,4,1,6,6,일치,전남광주통합특별시 남구 구성로78번길 21
30704831,매입임대,1,1,6,6,일치,전남광주통합특별시 남구 금화로394번길 7
30704832,매입임대,5,1,11,11,일치,전남광주통합특별시 남구 금화로415번길 12
30704833,매입임대,3,1,12,12,일치,전남광주통합특별시 남구 금화로422번길 13
30704834,매입임대,3,1,12,12,일치,전남광주통합특별시 남구 금화로422번길 8
30704835,매입임대,3,1,12,12,일치,전남광주통합특별시 남구 금화로440번길 14
30704836,매입임대,2,1,12,12,일치,전남광주통합특별시 남구 금화로446번가길 15
30704837,매입임대,4,1,9,9,일치,전남광주통합특별시 남구 금화로456번길 19
30704838,매입임대,2,1,10,10,일치,전남광주통합특별시 남구 금화로470번길 19
30704839,매입임대,4,1,9,9,일치,전남광주통합특별시 남구 대남대로181번길 15-3
30704840,매입임대,4,1,12,12,일치,전남광주통합특별시 남구 대남대로340번길 17
30704841,매입임대,3,1,8,8,일치,전남광주통합특별시 남구 대남대로350번길 37
30704842,매입임대,2,1,10,10,일치,전남광주통합특별시 남구 대남대로350번길 45
30704843,매입임대,3,1,9,9,일치,전남광주통합특별시 남구 대남대로350번길 49
30704844,매입임대,3,1,10,10,일치,전남광주통합특별시 남구 대남대로372번안길 27-1
30704845,매입임대,1,1,12,12,일치,전남광주통합특별시 남구 대남대로390번길 16
30704846,매입임대,1,1,6,6,일치,전남광주통합특별시 남구 독립로10번길 32-1
30704847,매입임대,5,1,9,9,일치,전남광주통합특별시 남구 독립로10번길 62
30704848,매입임대,4,1,9,9,일치,전남광주통합특별시 남구 백양로51번길 3
30704849,매입임대,8,1,18,18,일치,전남광주통합특별시 남구 백양로61번길 6
30704850,매입임대,1,1,6,6,일치,전남광주통합특별시 남구 백운로44번길 6-4
30704851,매입임대,1,1,6,6,일치,전남광주통합특별시 남구 백운로44번길 6-6
30704852,매입임대,3,1,12,12,일치,전남광주통합특별시 남구 백운로5번길 29-1
30704853,매입임대,2,1,12,12,일치,전남광주통합특별시 남구 백운로5번길 44-1
30704854,매입임대,2,1,9,9,일치,전남광주통합특별시 남구 봉선로51번길 30-2
30704855,매입임대,3,1,15,15,일치,전남광주통합특별시 남구 봉선중앙로134번길 21
30704856,매입임대,4,1,9,9,일치,전남광주통합특별시 남구 봉주5길 8
30704857,매입임대,5,1,9,9,일치,전남광주통합특별시 남구 봉주5길 8
30704858,매입임대,4,1,8,8,일치,전남광주통합특별시 남구 봉주5길 8
30704859,매입임대,5,1,18,18,일치,전남광주통합특별시 남구 수박등로47번길 12
30704860,매입임대,4,1,9,9,일치,전남광주통합특별시 남구 월광1길 24-1
30704861,매입임대,3,1,12,12,일치,전남광주통합특별시 남구 월광1길 27
30704862,매입임대,2,1,12,12,일치,전남광주통합특별시 남구 월광길 50
30704863,매입임대,4,1,11,11,일치,전남광주통합특별시 남구 제석로80번길 14
30704864,매입임대,4,1,9,9,일치,전남광주통합특별시 남구 중앙로33번길 10-1
30704865,매입임대,3,1,12,12,일치,전남광주통합특별시 남구 진다리로13번서길 1
30704866,매입임대,2,1,12,12,일치,전남광주통합특별시 남구 진다리로13번서길 3
30704867,매입임대,5,1,12,12,일치,전남광주통합특별시 남구 진다리로13번서길 5
30704868,매입임대,2,1,6,6,일치,전남광주통합특별시 남구 회서로21번나길 10
30704869,매입임대,4,1,8,8,일치,전남광주통합특별시 남구 회재로1224번길 13
30704870,매입임대,4,1,8,8,일치,전남광주통합특별시 남구 회재로1224번길 15
30704871,매입임대,4,1,8,8,일치,전남광주통합특별시 남구 회재로1224번길 15-1
30704872,매입임대,4,1,10,10,일치,전남광주통합특별시 서구 동림2지구길 21-3
30704873,매입임대,5,1,7,7,일치,전남광주통합특별시 서구 동림2지구길 32
30704874,매입임대,4,1,12,12,일치,전남광주통합특별시 북구 경양로 95
30704875,매입임대,8,1,18,18,일치,전남광주통합특별시 북구 군왕로 109
30704876,매입임대,2,1,12,12,일치,전남광주통합특별시 북구 상촌로 42
30704877,매입임대,3,1,17,17,일치,전남광주통합특별시 북구 서하로 240-12
30704878,매입임대,2,1,12,12,일치,전남광주통합특별시 북구 안산로 20-3
30704879,매입임대,2,1,12,12,일치,전남광주통합특별시 북구 양산택지소로 35
30704880,매입임대,5,1,18,18,일치,전남광주통합특별시 북구 양산택지소로 43
30704881,매입임대,6,1,12,12,일치,전남광주통합특별시 북구 우치로 239-5
30704882,매입임대,6,1,6,6,일치,전남광주통합특별시 북구 우치로 240-12
30704883,매입임대,7,1,11,11,일치,전남광주통합특별시 북구 우치로 240-14
30704884,매입임대,5,1,13,13,일치,전남광주통합특별시 북구 월동로 12
30704885,매입임대,4,1,9,9,일치,전남광주통합특별시 북구 월동로 16-4
30704886,매입임대,4,1,8,8,일치,전남광주통합특별시 북구 일곡로 19-1
30704887,매입임대,4,1,12,12,일치,전남광주통합특별시 북구 일곡마을로 82-7
30704888,매입임대,5,1,9,9,일치,전남광주통합특별시 북구 자라봉로 18
30704889,매입임대,3,1,18,18,일치,전남광주통합특별시 북구 자라봉로 60
30704890,매입임대,5,1,12,12,일치,전남광주통합특별시 북구 참판로 177
30704891,매입임대,6,1,9,9,일치,전남광주통합특별시 북구 참판로 189
30704892,매입임대,4,1,9,9,일치,전남광주통합특별시 북구 참판로 67
30704893,매입임대,3,1,12,12,일치,전남광주통합특별시 북구 감적길 18
30704894,매입임대,3,1,12,12,일치,전남광주통합특별시 북구 경양로103번길 27-5
30704895,매입임대,3,1,12,12,일치,전남광주통합특별시 북구 경양로119번길 10-8
30704896,매입임대,4,1,12,12,일치,전남광주통합특별시 북구 경양로183번길 30-6
30704897,매입임대,4,1,12,12,일치,전남광주통합특별시 북구 경양로183번길 8
30704898,매입임대,4,1,12,12,일치,전남광주통합특별시 북구 경양로183번길 8-8
30704899,매입임대,3,1,9,9,일치,전남광주통합특별시 북구 경양로97번길 26-8
30704900,매입임대,6,1,15,15,일치,전남광주통합특별시 북구 경열로211번길 30-3
30704901,매입임대,3,1,9,9,일치,전남광주통합특별시 북구 군왕로105번길 10-8
30704902,매입임대,5,1,8,8,일치,전남광주통합특별시 북구 군왕로18번길 33
30704903,매입임대,3,1,9,9,일치,전남광주통합특별시 북구 군왕로32번길 5-2
30704904,매입임대,8,1,9,9,일치,전남광주통합특별시 북구 대천로157번길 13-10
30704905,매입임대,2,1,12,12,일치,전남광주통합특별시 북구 독립로367번길 49
30704906,매입임대,4,1,12,12,일치,전남광주통합특별시 북구 동문대로112번길 90
30704907,매입임대,3,1,9,9,일치,전남광주통합특별시 북구 무등로164번길 23
30704908,매입임대,7,1,15,15,일치,전남광주통합특별시 북구 본촌마을길102번길 62
30704909,매입임대,7,1,15,15,일치,전남광주통합특별시 북구 본촌마을길102번길 64
30704910,매입임대,4,1,11,11,일치,전남광주통합특별시 북구 본촌택지로30번길 8-5
30704911,매입임대,2,1,12,12,일치,전남광주통합특별시 북구 상촌로43번길 66
30704912,매입임대,1,1,12,12,일치,전남광주통합특별시 북구 서방로181번길 76
30704913,매입임대,2,1,12,12,일치,전남광주통합특별시 북구 서암대로160번길 20
30704914,매입임대,3,1,9,9,일치,전남광주통합특별시 북구 서암대로18번길 9-4
30704915,매입임대,2,1,12,12,일치,전남광주통합특별시 북구 서하로274번길 9-13
30704916,매입임대,4,1,8,8,일치,전남광주통합특별시 북구 설죽로196번길 7
30704917,매입임대,4,1,12,12,일치,전남광주통합특별시 북구 설죽로251번길 8-3
30704918,매입임대,3,1,6,6,일치,전남광주통합특별시 북구 설죽로455번길 18-12
30704919,매입임대,3,1,12,12,일치,전남광주통합특별시 북구 설죽로471번길 34-13
30704920,매입임대,6,1,9,9,일치,전남광주통합특별시 북구 설죽로471번길 57-1
30704921,매입임대,3,1,9,9,일치,전남광주통합특별시 북구 설죽로471번길 78-7
30704922,매입임대,2,1,9,9,일치,전남광주통합특별시 북구 설죽로471번길 82-8
30704923,매입임대,3,1,6,6,일치,전남광주통합특별시 북구 송해로4번길 7-6
30704924,매입임대,4,1,18,18,일치,전남광주통합특별시 북구 신촌로23번길 20
30704925,매입임대,4,1,6,6,일치,전남광주통합특별시 북구 신촌로23번길 27
30704926,매입임대,3,1,18,18,일치,전남광주통합특별시 북구 양산택지로33번길 25-5
30704927,매입임대,2,1,12,12,일치,전남광주통합특별시 북구 양산택지로37번길 30
30704928,매입임대,6,1,18,18,일치,전남광주통합특별시 북구 양산택지로37번길 68
30704929,매입임대,4,1,12,12,일치,전남광주통합특별시 북구 양산택지로37번길 97
30704930,매입임대,5,1,9,9,일치,전남광주통합특별시 북구 양산택지로79번길 34-3
30704931,매입임대,3,1,10,10,일치,전남광주통합특별시 북구 양산택지로79번길 38-10
30704932,매입임대,2,1,12,12,일치,전남광주통합특별시 북구 양산택지로79번길 38-7
30704933,매입임대,2,1,9,9,일치,전남광주통합특별시 북구 양산택지로79번길 38-9
30704934,매입임대,4,1,9,9,일치,전남광주통합특별시 북구 양일로344번길 30-8
30704935,매입임대,4,1,12,12,일치,전남광주통합특별시 북구 양일로344번길 52
30704936,매입임대,3,1,12,12,일치,전남광주통합특별시 북구 어매마을길17번길 10
30704937,매입임대,2,1,12,12,일치,전남광주통합특별시 북구 연양로105번길 10
30704938,매입임대,2,1,12,12,일치,전남광주통합특별시 북구 연양로105번길 14
30704939,매입임대,4,1,12,12,일치,전남광주통합특별시 북구 연양로105번길 24-2
30704940,매입임대,2,1,5,5,일치,전남광주통합특별시 북구 우치로257번길 20-3
30704941,매입임대,4,1,9,9,일치,전남광주통합특별시 북구 우치로264번길 23
30704942,매입임대,4,1,9,9,일치,전남광주통합특별시 북구 우치로264번길 25
30704943,매입임대,3,1,12,12,일치,전남광주통합특별시 북구 우치로2번길 58
30704944,매입임대,6,1,9,9,일치,전남광주통합특별시 북구 우치로2번길 9-12
30704945,매입임대,4,1,12,12,일치,전남광주통합특별시 북구 우치로311번길 13-3
30704946,매입임대,6,1,17,17,일치,전남광주통합특별시 북구 운신북길 137
30704947,매입임대,4,1,13,13,일치,전남광주통합특별시 북구 자동차로48번길 16
30704948,매입임대,4,1,12,12,일치,전남광주통합특별시 북구 자미로26번길 9
30704949,매입임대,4,1,9,9,일치,전남광주통합특별시 북구 자미로6번길 23-5
30704950,매입임대,3,1,9,9,일치,전남광주통합특별시 북구 중흥로163번길 5
30704951,매입임대,3,1,9,9,일치,전남광주통합특별시 북구 중흥로163번길 8-8
30704952,매입임대,2,1,12,12,일치,전남광주통합특별시 북구 중흥로173번길 6
30704953,매입임대,4,1,12,12,일치,전남광주통합특별시 북구 천지인로105번길 12
30704954,매입임대,2,1,12,12,일치,전남광주통합특별시 북구 천지인로105번길 12-1
30704955,매입임대,4,1,15,15,일치,전남광주통합특별시 북구 천지인로105번길 19
30704956,매입임대,5,1,12,12,일치,전남광주통합특별시 북구 호동로73번길 5
30704957,매입임대,3,1,9,9,일치,전남광주통합특별시 광산구 금봉로 46-1
30704958,매입임대,2,1,12,12,일치,전남광주통합특별시 광산구 금봉로 90
30704959,매입임대,1,1,12,12,일치,전남광주통합특별시 광산구 사암로 72-19
30704960,매입임대,1,1,6,6,일치,전남광주통합특별시 광산구 신가삼효로 12-12
30704961,매입임대,1,1,6,6,일치,전남광주통합특별시 광산구 신가삼효로 8
30704962,매입임대,4,1,12,12,일치,전남광주통합특별시 광산구 신가삼효로 8-10
30704963,매입임대,3,1,12,12,일치,전남광주통합특별시 광산구 우산로 78
30704964,매입임대,2,1,5,5,일치,전남광주통합특별시 광산구 월곡반월로 64
30704965,매입임대,2,1,6,6,일치,전남광주통합특별시 광산구 월곡반월로 75
30704966,매입임대,5,1,8,8,일치,전남광주통합특별시 광산구 광산로78번길 24
30704967,매입임대,4,1,11,11,일치,전남광주통합특별시 광산구 금봉로54번길 9-5
30704968,매입임대,3,1,12,12,일치,전남광주통합특별시 광산구 금봉로63번길 19
30704969,매입임대,2,1,12,12,일치,전남광주통합특별시 광산구 남동길30번길 9-7
30704970,매입임대,2,1,12,12,일치,전남광주통합특별시 광산구 내상로33번길 62
30704971,매입임대,3,1,12,12,일치,전남광주통합특별시 광산구 목련로219번길 120
30704972,매입임대,9,1,12,12,일치,전남광주통합특별시 광산구 목련로219번길 120
30704973,매입임대,2,1,12,12,일치,전남광주통합특별시 광산구 목련로394번길 10-7
30704974,매입임대,2,1,12,12,일치,전남광주통합특별시 광산구 목련로394번길 16-8
30704975,매입임대,1,1,6,6,일치,전남광주통합특별시 광산구 목련로397번안길 8-3
30704976,매입임대,4,1,15,15,일치,전남광주통합특별시 광산구 사암로118번길 47-8
30704977,매입임대,4,1,9,9,일치,전남광주통합특별시 광산구 사암로118번길 97-7
30704978,매입임대,4,1,9,9,일치,전남광주통합특별시 광산구 사암로118번길 97-7
30704979,매입임대,4,1,9,9,일치,전남광주통합특별시 광산구 사암로118번길 97-7
30704980,매입임대,3,1,12,12,일치,전남광주통합특별시 광산구 사암로130번길 85
30704981,매입임대,5,1,8,8,일치,전남광주통합특별시 광산구 사암로131번길 39
30704982,매입임대,4,1,12,12,일치,전남광주통합특별시 광산구 사암로27번길 30
30704983,매입임대,3,1,9,9,일치,전남광주통합특별시 광산구 사암로92번길 12
30704984,매입임대,1,1,12,12,일치,전남광주통합특별시 광산구 사암로92번길 46
30704985,매입임대,3,1,12,12,일치,전남광주통합특별시 광산구 사암로95번길 21-9
30704986,매입임대,4,1,18,18,일치,전남광주통합특별시 광산구 산정로37번길 7
30704987,매입임대,2,1,12,12,일치,전남광주통합특별시 광산구 송도로208번길 8
30704988,매입임대,5,1,14,14,일치,전남광주통합특별시 광산구 송도로284번길 31-1
30704989,매입임대,5,1,12,12,일치,전남광주통합특별시 광산구 송정로8번길 59-12
30704991,매입임대,2,1,9,9,일치,전남광주통합특별시 광산구 신창로106번길 15-8
30704992,매입임대,2,1,9,9,일치,전남광주통합특별시 광산구 신창로138번길 23-15
30704993,매입임대,3,1,10,10,일치,전남광주통합특별시 광산구 신창로138번길 23-9
30704994,매입임대,2,1,10,10,일치,전남광주통합특별시 광산구 신창로138번길 24-8
30704995,매입임대,3,1,5,5,일치,전남광주통합특별시 광산구 신창로48번길 23
30704996,매입임대,3,1,5,5,일치,전남광주통합특별시 광산구 신창로48번길 8
30704997,매입임대,6,1,10,10,일치,전남광주통합특별시 광산구 왕버들로322번길 21
30704998,매입임대,4,1,6,6,일치,전남광주통합특별시 광산구 왕버들로322번길 31-12
30704999,매입임대,5,1,11,11,일치,전남광주통합특별시 광산구 왕버들로322번길 7
30705000,매입임대,5,1,12,12,일치,전남광주통합특별시 광산구 월계로16번길 8-6
30705001,매입임대,4,1,5,5,일치,전남광주통합특별시 광산구 월계로34번길 31-14
30705002,매입임대,3,1,8,8,일치,전남광주통합특별시 광산구 월곡로71번길 14
30705003,매입임대,2,1,6,6,일치,전남광주통합특별시 광산구 월곡반월로76번길 5-4
30705004,매입임대,4,1,7,7,일치,전남광주통합특별시 광산구 장신로309번길 12-24
30705005,매입임대,5,1,5,5,일치,전남광주통합특별시 광산구 장신로333번길 13
30819506,매입임대,5,1,9,9,일치,전남광주통합특별시 북구 북문대로249번길 27
30819507,매입임대,2,1,9,9,일치,전남광주통합특별시 북구 양산택지로34번길 16-1
30819508,매입임대,4,1,9,9,일치,전남광주통합특별시 북구 중흥로174번길 18-4
30819524,매입임대,3,1,12,12,일치,전남광주통합특별시 북구 상촌로31번길 26-12
30819525,매입임대,4,1,12,12,일치,전남광주통합특별시 북구 양산택지로79번길 38-8
30819533,매입임대,3,1,9,9,일치,전남광주통합특별시 북구 북문대로249번길 25-8
30819534,매입임대,4,1,18,18,일치,전남광주통합특별시 북구 설죽로436번길 16
30819547,매입임대,4,1,18,18,일치,전남광주통합특별시 북구 설죽로436번길 14
30819548,매입임대,7,1,18,18,일치,전남광주통합특별시 북구 양산택지로51번길 4
30819559,매입임대,2,1,12,12,일치,전남광주통합특별시 북구 양산택지로79번길 34-7
30819560,매입임대,4,1,9,9,일치,전남광주통합특별시 북구 중흥로174번길 18-8
30819561,매입임대,4,1,9,9,일치,전남광주통합특별시 북구 중흥로40번길 11-5
30819573,매입임대,4,1,12,12,일치,전남광주통합특별시 북구 하서로 373-6
30819574,매입임대,3,1,9,9,일치,전남광주통합특별시 북구 대천로157번길 59
30819575,매입임대,3,1,9,9,일치,전남광주통합특별시 북구 설죽로471번길 52
30830405,매입임대,5,1,9,9,일치,전남광주통합특별시 동구 필문대로205번길 41-30
30830407,매입임대,1,1,1,1,일치,전남광주통합특별시 북구 하서로466번길 79
30830408,매입임대,1,1,1,1,일치,전남광주통합특별시 북구 우치로264번길 9
30830409,매입임대,1,1,1,1,일치,전남광주통합특별시 북구 우치로 292-1
30830410,매입임대,1,1,1,1,일치,전남광주통합특별시 북구 우치로264번길 5
30830411,매입임대,1,1,1,1,일치,전남광주통합특별시 북구 본촌택지로 20
30830412,매입임대,1,1,1,1,일치,전남광주통합특별시 북구 대천로27번길 13-3
30830413,매입임대,1,1,1,1,일치,전남광주통합특별시 북구 본촌택지로30번길 6-10
30830912,매입임대,4,1,11,11,일치,전남광주통합특별시 북구 대천로27번길 13-3
30830913,매입임대,6,1,13,13,일치,전남광주통합특별시 북구 본촌택지로 20
30830914,매입임대,6,1,13,13,일치,전남광주통합특별시 북구 본촌택지로30번길 6-10
30830915,매입임대,3,1,18,18,일치,전남광주통합특별시 서구 월산로245번길 23
30830916,매입임대,4,1,17,17,일치,전남광주통합특별시 북구 우치로 292-1
30830917,매입임대,3,1,11,11,일치,전남광주통합특별시 북구 하서로466번길 79
30830918,매입임대,2,1,8,8,일치,전남광주통합특별시 북구 우치로264번길 9
30830919,매입임대,7,1,8,8,일치,전남광주통합특별시 북구 우치로264번길 5
30835592,매입임대,3,1,12,12,일치,전남광주통합특별시 북구 신촌로 29
30835593,매입임대,3,1,12,12,일치,전남광주통합특별시 북구 본촌택지로30번길 42
30835594,매입임대,3,1,9,9,일치,전남광주통합특별시 북구 하서로466번길 91
30835596,매입임대,6,1,14,14,일치,전남광주통합특별시 북구 본촌택지로 21
30835597,매입임대,3,1,12,12,일치,전남광주통합특별시 북구 하서로466번길 85
30835598,매입임대,2,1,9,9,일치,전남광주통합특별시 북구 양산택지로79번길 8-4
30835599,매입임대,5,1,15,15,일치,전남광주통합특별시 북구 본촌택지로29번길 3-9
30835600,매입임대,3,1,9,9,일치,전남광주통합특별시 북구 양산택지로79번길 8-2
30835601,매입임대,3,1,12,12,일치,전남광주통합특별시 북구 본촌택지로30번길 44
30853077,매입임대,7,1,12,12,일치,전남광주통합특별시 북구 군왕로51번길 110
30853078,매입임대,2,1,12,12,일치,전남광주통합특별시 북구 중흥로163번길 11
30853079,매입임대,6,1,12,12,일치,전남광주통합특별시 북구 군왕로51번길 106
30853080,매입임대,2,1,12,12,일치,전남광주통합특별시 북구 중흥로163번길 9
30853081,매입임대,1,1,6,6,일치,전남광주통합특별시 북구 효열로 28
30853082,매입임대,2,1,12,12,일치,전남광주통합특별시 북구 서방로148번길 10-13
30853083,매입임대,2,1,12,12,일치,전남광주통합특별시 북구 서방로148번길 10-9
30976214,매입임대,2,1,18,18,일치,전남광주통합특별시 북구 양산택지로33번길 29-4
30976215,매입임대,3,1,12,12,일치,전남광주통합특별시 북구 우치로241번길 13
30976216,매입임대,3,1,9,9,일치,전남광주통합특별시 광산구 목련로219번길 130
30976217,매입임대,7,1,18,18,일치,전남광주통합특별시 서구 화정로279번길 15
30976218,매입임대,3,1,12,12,일치,전남광주통합특별시 북구 양산택지로37번길 17
30976219,매입임대,2,1,12,12,일치,전남광주통합특별시 북구 독립로367번길 13
30976220,매입임대,4,1,12,12,일치,전남광주통합특별시 북구 안산로 89
30976221,매입임대,2,1,12,12,일치,전남광주통합특별시 동구 필문대로137번길 5-15
30976222,매입임대,3,1,9,9,일치,전남광주통합특별시 북구 금남로13번길 10
30976223,매입임대,3,1,12,12,일치,전남광주통합특별시 북구 중가로3번길 13
30976224,매입임대,4,1,12,12,일치,전남광주통합특별시 북구 독립로367번길 66
30976225,매입임대,2,1,12,12,일치,전남광주통합특별시 서구 화정로279번길 8
30976226,매입임대,5,1,12,12,일치,전남광주통합특별시 북구 중가로3번길 15
30976227,매입임대,7,1,13,13,일치,전남광주통합특별시 북구 군왕로117번길 9-3
30976228,매입임대,2,1,18,18,일치,전남광주통합특별시 북구 서하로 272
30976229,매입임대,3,1,9,9,일치,전남광주통합특별시 광산구 목련로219번길 132
30976231,매입임대,2,1,9,9,일치,전남광주통합특별시 동구 필문대로192번길 22
30976232,매입임대,4,1,12,12,일치,전남광주통합특별시 북구 독립로367번길 64
30976233,매입임대,10,1,15,15,일치,전남광주통합특별시 남구 용대로183번안길 12-1
30976234,매입임대,4,1,9,9,일치,전남광주통합특별시 북구 서하로455번길 6
30976235,매입임대,2,1,18,18,일치,전남광주통합특별시 북구 신촌로7번길 11
30976236,매입임대,4,1,18,18,일치,전남광주통합특별시 북구 자라봉로63번길 15-3
30976237,매입임대,4,1,8,8,일치,전남광주통합특별시 서구 발산로45번길 27-1
30976238,매입임대,4,1,9,9,일치,전남광주통합특별시 북구 경양로 98-1
30978942,10년임대,4,1,133,133,일치,전남광주통합특별시 남구 효우2로 90
31001425,매입임대,7,1,14,14,일치,전남광주통합특별시 북구 저불로31번길 14-2
31001433,매입임대,7,1,14,14,일치,전남광주통합특별시 북구 저불로31번길 10-3
31001434,매입임대,7,1,18,18,일치,전남광주통합특별시 북구 청계로 22
31006941,매입임대,1,1,6,6,일치,전남광주통합특별시 북구 연양로117번길 3-1
31006942,매입임대,6,1,10,10,일치,전남광주통합특별시 북구 우치로257번길 20-1
31006943,매입임대,3,1,12,12,일치,전남광주통합특별시 광산구 남동길30번길 9-20
31006944,매입임대,2,1,12,12,일치,전남광주통합특별시 광산구 사암로118번길 7
31006945,매입임대,6,1,9,9,일치,전남광주통합특별시 서구 월산로194번길 11
31006946,매입임대,5,1,15,15,일치,전남광주통합특별시 북구 서하로257번길 5-8
31006947,매입임대,3,1,9,9,일치,전남광주통합특별시 북구 경양로103번길 27-10
31006950,매입임대,3,1,9,9,일치,전남광주통합특별시 북구 자동차로47번길 75
31006951,매입임대,4,1,10,10,일치,전남광주통합특별시 북구 우치로257번길 20-11
31006953,매입임대,8,1,12,12,일치,전남광주통합특별시 서구 상무대로1194번길 20
31006954,매입임대,7,1,15,15,일치,전남광주통합특별시 남구 백양로51번길 9
31006955,매입임대,5,1,8,8,일치,전남광주통합특별시 남구 구성로20번길 14
31006956,매입임대,3,1,12,12,일치,전남광주통합특별시 북구 중문로 38
31006957,매입임대,3,1,12,12,일치,전남광주통합특별시 북구 독립로367번길 40-6
31006958,매입임대,2,1,9,9,일치,전남광주통합특별시 광산구 사암로92번길 89-30
31006961,매입임대,9,1,18,18,일치,전남광주통합특별시 서구 금화로481번길 6-9
31006963,매입임대,2,1,18,18,일치,전남광주통합특별시 남구 금화로394번길 30
31006964,매입임대,1,1,6,6,일치,전남광주통합특별시 북구 연양로117번길 1
31006966,매입임대,3,1,9,9,일치,전남광주통합특별시 남구 백운로52번길 4
31006967,매입임대,5,1,15,15,일치,전남광주통합특별시 북구 북문대로249번길 13-1
31006968,매입임대,5,1,15,15,일치,전남광주통합특별시 광산구 내상로33번길 14
31036841,매입임대,3,1,9,9,일치,전남광주통합특별시 동구 산수길35번길 22
31036842,매입임대,3,1,9,9,일치,전남광주통합특별시 동구 산수길35번길 20-7
31036843,매입임대,4,1,9,9,일치,전남광주통합특별시 서구 천변좌로130번길 18
31036844,매입임대,3,1,9,9,일치,전남광주통합특별시 서구 월산로225번길 13-13
31036845,매입임대,3,1,9,9,일치,전남광주통합특별시 동구 무등로449번길 36
31036846,매입임대,6,1,15,15,일치,전남광주통합특별시 서구 쌍촌로47번길 31
31036847,매입임대,3,1,9,9,일치,전남광주통합특별시 남구 금화로446번나길 14
31036848,매입임대,4,1,6,6,일치,전남광주통합특별시 남구 구성로78번길 35
31036849,매입임대,6,1,16,16,일치,전남광주통합특별시 광산구 소촌로46번길 3-20
31036851,매입임대,3,1,9,9,일치,전남광주통합특별시 동구 산수길35번길 24
31036853,매입임대,4,1,9,9,일치,전남광주통합특별시 서구 천변좌로130번길 16-1
31036854,매입임대,4,1,9,9,일치,전남광주통합특별시 서구 천변좌로130번길 16
31041265,매입임대,3,1,9,9,일치,전남광주통합특별시 동구 산수길39번길 21
31041266,매입임대,2,1,12,12,일치,전남광주통합특별시 서구 천변좌로130번길 17
31041267,매입임대,3,1,9,9,일치,전남광주통합특별시 북구 오문로38번길 17
31041268,매입임대,4,1,18,18,일치,전남광주통합특별시 북구 비엔날레로93번길 23-5
31041269,매입임대,3,1,9,9,일치,전남광주통합특별시 동구 산수길39번길 25-1
31041270,매입임대,3,1,9,9,일치,전남광주통합특별시 동구 산수길39번길 23
31041271,매입임대,3,1,9,9,일치,전남광주통합특별시 동구 산수길35번길 28
31041272,매입임대,1,1,18,18,일치,전남광주통합특별시 광산구 월전로 6-55
31041273,매입임대,2,1,12,12,일치,전남광주통합특별시 북구 신촌로13번길 15
31041274,매입임대,1,1,18,18,일치,전남광주통합특별시 광산구 월전로 6-51
31041275,매입임대,3,1,9,9,일치,전남광주통합특별시 동구 산수길35번길 26
31041276,매입임대,6,1,15,15,일치,전남광주통합특별시 광산구 월전로 6-59
31041277,매입임대,3,1,18,18,일치,전남광주통합특별시 광산구 월전로 6-39
31041278,매입임대,3,1,9,9,일치,전남광주통합특별시 동구 산수길39번길 25
31041279,매입임대,3,1,9,9,일치,전남광주통합특별시 북구 오문로38번길 15
31045688,매입임대,4,1,12,12,일치,전남광주통합특별시 북구 군왕로51번길 114
31046399,10년임대,5,1,520,520,일치,전남광주통합특별시 광산구 선운로 65
31055979,매입임대,4,1,18,18,일치,전남광주통합특별시 남구 월산로116번길 20-11
31055980,매입임대,5,1,16,16,일치,전남광주통합특별시 광산구 월전로 22-55
31055981,매입임대,2,1,18,18,일치,전남광주통합특별시 남구 월산로116번길 20-9
31055982,매입임대,6,1,18,18,일치,전남광주통합특별시 남구 사직안길 6
31055984,매입임대,3,1,9,9,일치,전남광주통합특별시 서구 월드컵4강로71번길 19
31101996,행복주택,7,1,902,902,일치,전남광주통합특별시 남구 행암길 9
31105740,매입임대,5,1,11,11,일치,전남광주통합특별시 북구 용봉택지로13번길 17-1
31105741,매입임대,4,1,8,8,일치,전남광주통합특별시 북구 일곡마을로124번길 37
31105743,매입임대,4,1,18,18,일치,전남광주통합특별시 북구 군왕로 101
31105744,매입임대,4,1,8,8,일치,전남광주통합특별시 북구 일곡마을로124번길 41
31105745,매입임대,4,1,8,8,일치,전남광주통합특별시 광산구 우산로 74-18
31111837,매입임대,5,1,8,8,일치,전남광주통합특별시 서구 상무대로1194번길 8-19
31111838,매입임대,3,1,9,9,일치,전남광주통합특별시 남구 대남대로340번길 41
31111842,매입임대,6,1,18,18,일치,전남광주통합특별시 서구 화정로49번길 15
31111844,매입임대,8,1,18,18,일치,전남광주통합특별시 서구 화정로49번길 15-1
31111845,매입임대,3,1,18,18,일치,전남광주통합특별시 북구 중흥로17번길 7
31113253,매입임대,3,1,6,6,일치,전남광주통합특별시 광산구 월곡로71번길 19-7
31113254,매입임대,4,1,12,12,일치,전남광주통합특별시 북구 천지인로105번길 11-11
31113256,매입임대,2,1,12,12,일치,전남광주통합특별시 북구 중가로37번길 9
31118712,매입임대,1,1,1,1,일치,전남광주통합특별시 북구 반룡로27번길 10-7
31118713,매입임대,1,1,1,1,일치,전남광주통합특별시 북구 반룡로27번길 10-7
31122371,매입임대,1,1,1,1,일치,전남광주통합특별시 동구 충장로58번길 14
31122482,매입임대,1,1,1,1,일치,전남광주통합특별시 동구 충장로58번길 14
31122483,매입임대,1,1,1,1,일치,전남광주통합특별시 동구 충장로58번길 14
31122484,매입임대,1,1,1,1,일치,전남광주통합특별시 동구 충장로58번길 14
31135041,매입임대,6,1,18,18,일치,전남광주통합특별시 광산구 송도로 348-3
31135043,매입임대,3,1,9,9,일치,전남광주통합특별시 광산구 송도로 348-2
31135045,매입임대,2,1,9,9,일치,전남광주통합특별시 남구 구성로 104-1
31135046,매입임대,4,1,12,12,일치,전남광주통합특별시 북구 경열로234번길 46
31135047,매입임대,4,1,18,18,일치,전남광주통합특별시 광산구 송도로 348-1
31150837,매입임대,6,1,18,18,일치,전남광주통합특별시 광산구 소촌로 90-16
31151685,매입임대,3,1,9,9,일치,전남광주통합특별시 서구 양동로17번길 17
31160885,매입임대,3,1,6,6,일치,전남광주통합특별시 북구 일곡마을로 129-14
31170284,매입임대,1,1,1,1,일치,전남광주통합특별시 북구 반룡로27번길 10-7
31170700,매입임대,1,1,1,1,일치,전남광주통합특별시 북구 반룡로27번길 10-7
31170701,매입임대,1,1,1,1,일치,전남광주통합특별시 북구 반룡로27번길 10-7
31170702,매입임대,1,1,1,1,일치,전남광주통합특별시 북구 반룡로27번길 10-7
31170703,매입임대,1,1,1,1,일치,전남광주통합특별시 북구 반룡로27번길 10-7
31170704,매입임대,1,1,1,1,일치,전남광주통합특별시 북구 반룡로27번길 10-7
31170705,매입임대,1,1,1,1,일치,전남광주통합특별시 북구 반룡로27번길 10-7
31170706,매입임대,1,1,1,1,일치,전남광주통합특별시 북구 반룡로27번길 10-7
31173635,매입임대,2,1,9,9,일치,전남광주통합특별시 남구 월광2길 45
31173636,매입임대,3,1,18,18,일치,전남광주통합특별시 북구 우치로383번길 9
31173642,매입임대,15,1,18,18,일치,전남광주통합특별시 서구 화정로21번길 10
31182436,매입임대,1,1,1,1,일치,전남광주통합특별시 서구 상무민주로5번길 9
31187238,매입임대,3,1,18,18,일치,전남광주통합특별시 서구 양동로17번길 18
31189001,매입임대,1,1,1,1,일치,전남광주통합특별시 서구 상무민주로5번길 9
31189201,행복주택,3,1,460,460,일치,전남광주통합특별시 남구 노대실로 9
31189423,매입임대,1,1,1,1,일치,전남광주통합특별시 북구 면앙로32번길 8-7
31189424,매입임대,1,1,1,1,일치,전남광주통합특별시 북구 면앙로32번길 8-7
31189456,매입임대,1,1,1,1,일치,전남광주통합특별시 북구 면앙로32번길 8-7
31189481,매입임대,1,1,1,1,일치,전남광주통합특별시 북구 면앙로32번길 8-7
31189482,매입임대,1,1,1,1,일치,전남광주통합특별시 북구 면앙로32번길 8-7
31189483,매입임대,1,1,1,1,일치,전남광주통합특별시 북구 면앙로32번길 8-7
31189484,매입임대,1,1,1,1,일치,전남광주통합특별시 북구 면앙로32번길 8-7
31189539,매입임대,1,1,1,1,일치,전남광주통합특별시 북구 면앙로32번길 8-7
31189540,매입임대,1,1,1,1,일치,전남광주통합특별시 북구 면앙로32번길 8-7
31189541,매입임대,1,1,1,1,일치,전남광주통합특별시 북구 면앙로32번길 8-7
31189542,매입임대,1,1,1,1,일치,전남광주통합특별시 북구 면앙로32번길 8-7
31189543,매입임대,1,1,1,1,일치,전남광주통합특별시 북구 면앙로32번길 8-7
31189599,매입임대,1,1,1,1,일치,전남광주통합특별시 북구 면앙로32번길 8-7
31189625,매입임대,1,1,1,1,일치,전남광주통합특별시 북구 면앙로32번길 8-7
31189626,매입임대,1,1,1,1,일치,전남광주통합특별시 북구 면앙로32번길 8-7
31190046,매입임대,2,1,9,9,일치,전남광주통합특별시 북구 경양로87번길 8-8
31190049,매입임대,4,1,18,18,일치,전남광주통합특별시 서구 화정로21번길 10-1
31190053,매입임대,4,1,8,8,일치,전남광주통합특별시 북구 설죽로 390-15
31191163,매입임대,2,1,9,9,일치,전남광주통합특별시 남구 금화로456번길 26
31191164,매입임대,4,1,9,9,일치,전남광주통합특별시 북구 우치로 375-15
31191171,매입임대,3,1,18,18,일치,전남광주통합특별시 북구 양산신촌길 56
31191172,매입임대,8,1,18,18,일치,전남광주통합특별시 북구 우치로361번길 4
31191173,매입임대,6,1,18,18,일치,전남광주통합특별시 북구 우치로361번길 6
31191176,매입임대,4,1,9,9,일치,전남광주통합특별시 북구 오산정길 12-3
31194471,매입임대,1,1,6,6,일치,전남광주통합특별시 북구 무등로39번길 7
31196584,매입임대,4,1,18,18,일치,전남광주통합특별시 북구 상촌로31번길 12-6
31196585,매입임대,4,1,12,12,일치,전남광주통합특별시 북구 연양로117번길 3-4
31196588,매입임대,1,1,6,6,일치,전남광주통합특별시 북구 연양로117번길 9-5
31196589,매입임대,3,1,9,9,일치,전남광주통합특별시 북구 우치로275번길 16-6
31196590,매입임대,2,1,9,9,일치,전남광주통합특별시 광산구 어등대로577번길 45
31196591,매입임대,5,1,12,12,일치,전남광주통합특별시 광산구 목련로382번길 94-13
31196593,매입임대,6,1,18,18,일치,전남광주통합특별시 광산구 금봉로59번길 19
31196826,행복주택,3,1,300,300,일치,전남광주통합특별시 광산구 용아로 175-6
31196828,매입임대,2,1,9,9,일치,전남광주통합특별시 북구 동문대로122번길 55
31196832,매입임대,2,1,12,12,일치,전남광주통합특별시 북구 자라봉로56번길 15-6
31197169,매입임대,4,1,18,18,일치,전남광주통합특별시 서구 운천로154번길 30-5
31197181,매입임대,2,1,18,18,일치,전남광주통합특별시 서구 운천로154번길 30-7
31200704,매입임대,2,1,44,44,일치,전남광주통합특별시 서구 천변좌로140번길 20
31201283,매입임대,4,1,15,15,일치,전남광주통합특별시 서구 천변좌로140번길 18
31202181,매입임대,4,1,9,9,일치,전남광주통합특별시 북구 서방로148번길 10-15
31204495,매입임대,1,1,1,1,일치,전남광주통합특별시 서구 상무민주로 10
31204768,매입임대,1,1,1,1,일치,전남광주통합특별시 서구 상무민주로 10
31214869,매입임대,1,1,1,1,일치,전남광주통합특별시 북구 대자로 55
31214963,매입임대,1,1,1,1,일치,전남광주통합특별시 서구 경열로45번길 13
31215145,매입임대,1,1,1,1,일치,전남광주통합특별시 북구 대자로 55
31215427,매입임대,1,1,1,1,일치,전남광주통합특별시 북구 대자로 55
31218463,매입임대,2,1,18,18,일치,전남광주통합특별시 광산구 어등대로665번길 18-6
31218464,매입임대,2,1,11,11,일치,전남광주통합특별시 북구 경열로233번길 47-5
31218465,매입임대,4,1,16,16,일치,전남광주통합특별시 광산구 소촌로46번길 33
31222867,매입임대,3,1,16,16,일치,전남광주통합특별시 북구 우치로311번길 7-16
31224138,매입임대,1,1,1,1,일치,전남광주통합특별시 광산구 목련로 41
31224139,매입임대,1,1,1,1,일치,전남광주통합특별시 광산구 선운중앙로 45
31224142,매입임대,1,1,1,1,일치,전남광주통합특별시 광산구 목련로 15
31224146,매입임대,1,1,1,1,일치,전남광주통합특별시 서구 내방로 337
31224149,매입임대,1,1,1,1,일치,전남광주통합특별시 서구 내방로 337
31224150,매입임대,1,1,1,1,일치,전남광주통합특별시 광산구 신창로161번길 34
31224156,매입임대,1,1,1,1,일치,전남광주통합특별시 서구 무진대로772번길 4
31224157,매입임대,1,1,1,1,일치,전남광주통합특별시 북구 무등로111번길 30
31224158,매입임대,1,1,1,1,일치,전남광주통합특별시 광산구 목련로 41
31224159,매입임대,1,1,1,1,일치,전남광주통합특별시 광산구 목련로 42
31224160,매입임대,1,1,1,1,일치,전남광주통합특별시 광산구 목련로 42
31224161,매입임대,1,1,1,1,일치,전남광주통합특별시 광산구 목련로 41
31224163,매입임대,1,1,1,1,일치,전남광주통합특별시 서구 내방로 337
31224164,매입임대,1,1,1,1,일치,전남광주통합특별시 북구 양산택지로37번길 78
31226645,매입임대,1,1,1,1,일치,전남광주통합특별시 남구 효우2로 21
31226646,매입임대,1,1,1,1,일치,전남광주통합특별시 북구 양산택지소로 20
31226647,매입임대,1,1,1,1,일치,전남광주통합특별시 북구 서방로40번길 13
31226649,매입임대,1,1,1,1,일치,전남광주통합특별시 광산구 목련로 41
31226650,매입임대,1,1,1,1,일치,전남광주통합특별시 광산구 산월로 81
31226651,매입임대,1,1,1,1,일치,전남광주통합특별시 광산구 목련로 41
31226653,매입임대,1,1,1,1,일치,전남광주통합특별시 동구 남문로 307
31226654,매입임대,1,1,1,1,일치,전남광주통합특별시 남구 방림로 31
31226655,매입임대,1,1,1,1,일치,전남광주통합특별시 광산구 목련로 15
31226657,매입임대,1,1,1,1,일치,전남광주통합특별시 남구 노대실로 89
31229626,매입임대,1,1,1,1,일치,전남광주통합특별시 광산구 송도로320번길 1-16
31229627,매입임대,1,1,1,1,일치,전남광주통합특별시 남구 노대실로 33
31229629,매입임대,1,1,1,1,일치,전남광주통합특별시 광산구 목련로 15
31229630,매입임대,1,1,1,1,일치,전남광주통합특별시 광산구 목련로 15
31229631,매입임대,1,1,1,1,일치,전남광주통합특별시 북구 태봉로 37
31229632,매입임대,1,1,1,1,일치,전남광주통합특별시 남구 노대실로 33
31229633,매입임대,1,1,1,1,일치,전남광주통합특별시 북구 하백로6번길 12
31229634,매입임대,1,1,1,1,일치,전남광주통합특별시 광산구 목련로 41
31229636,매입임대,1,1,1,1,일치,전남광주통합특별시 남구 노대실로 89
31229637,매입임대,1,1,1,1,일치,전남광주통합특별시 남구 노대실로 33
31229638,매입임대,1,1,1,1,일치,전남광주통합특별시 남구 노대실로 33
31229965,국민임대,2,1,264,264,일치,전남광주통합특별시 동구 용산2로 20
31229966,행복주택,3,1,264,264,일치,전남광주통합특별시 동구 용산2로 20
31232548,매입임대,1,1,1,1,일치,전남광주통합특별시 남구 노대실로 33
31232549,매입임대,1,1,1,1,일치,전남광주통합특별시 광산구 목련로 15
31232550,매입임대,1,1,1,1,일치,전남광주통합특별시 광산구 신창로71번길 33
31235681,매입임대,3,1,8,8,일치,전남광주통합특별시 북구 우치로241번길 32
31235682,매입임대,2,1,9,9,일치,전남광주통합특별시 북구 우치로241번길 28
31237239,매입임대,1,1,1,1,일치,전남광주통합특별시 광산구 목련로 15
31237244,매입임대,1,1,1,1,일치,전남광주통합특별시 남구 효우2로 45
31237462,매입임대,1,1,1,1,일치,전남광주통합특별시 광산구 신창로161번길 34
31237463,매입임대,1,1,1,1,일치,전남광주통합특별시 광산구 신창로161번길 34
31237464,매입임대,1,1,1,1,일치,전남광주통합특별시 광산구 신창로161번길 34
31237465,매입임대,1,1,1,1,일치,전남광주통합특별시 광산구 신창로35번길 20
31237466,매입임대,1,1,1,1,일치,전남광주통합특별시 광산구 신창로35번길 80
31237468,매입임대,1,1,1,1,일치,전남광주통합특별시 광산구 신창로35번길 80
31237472,매입임대,1,1,1,1,일치,전남광주통합특별시 광산구 소촌로86번길 20-17
31237473,매입임대,1,1,1,1,일치,전남광주통합특별시 광산구 신창로161번길 19
31237474,매입임대,1,1,1,1,일치,전남광주통합특별시 광산구 신창로35번길 20
31237477,매입임대,1,1,1,1,일치,전남광주통합특별시 광산구 선운로 33
31237478,매입임대,1,1,1,1,일치,전남광주통합특별시 광산구 신창로161번길 19
31237479,매입임대,1,1,1,1,일치,전남광주통합특별시 광산구 신창로161번길 34
31237743,매입임대,1,1,1,1,일치,전남광주통합특별시 북구 양일로 52
31237744,매입임대,1,1,1,1,일치,전남광주통합특별시 북구 하서로 71
31237747,매입임대,1,1,1,1,일치,전남광주통합특별시 북구 동운로 192
31237748,매입임대,1,1,1,1,일치,전남광주통합특별시 북구 첨단연신로 184
31237750,매입임대,1,1,1,1,일치,전남광주통합특별시 북구 문화소통로 313
31237751,매입임대,1,1,1,1,일치,전남광주통합특별시 북구 서강로54번길 11
31237752,매입임대,1,1,1,1,일치,전남광주통합특별시 북구 서방로40번길 13
31237755,매입임대,1,1,1,1,일치,전남광주통합특별시 북구 하서로 71
31237760,매입임대,1,1,1,1,일치,전남광주통합특별시 북구 서강로54번길 10
31237763,매입임대,1,1,1,1,일치,전남광주통합특별시 북구 문화소통로 313
31237764,매입임대,1,1,1,1,일치,전남광주통합특별시 북구 설죽로148번길 10
31238077,매입임대,1,1,1,1,일치,전남광주통합특별시 동구 무등로 374
31238078,매입임대,1,1,1,1,일치,전남광주통합특별시 동구 남문로693번길 11
31238079,매입임대,1,1,1,1,일치,전남광주통합특별시 동구 남문로693번길 11
31238080,매입임대,1,1,1,1,일치,전남광주통합특별시 동구 동명로69번길 20
31238081,매입임대,1,1,1,1,일치,전남광주통합특별시 남구 노대실로 89
31238082,매입임대,1,1,1,1,일치,전남광주통합특별시 남구 독립로80번길 7
31238083,매입임대,1,1,1,1,일치,전남광주통합특별시 남구 독립로80번길 7
31238095,매입임대,1,1,1,1,일치,전남광주통합특별시 남구 효우2로 45
31238096,매입임대,1,1,1,1,일치,전남광주통합특별시 남구 독립로80번길 7
31238097,매입임대,1,1,1,1,일치,전남광주통합특별시 남구 독립로80번길 7
31238098,매입임대,1,1,1,1,일치,전남광주통합특별시 남구 독립로80번길 7
31238099,매입임대,1,1,1,1,일치,전남광주통합특별시 남구 독립로80번길 7
31238107,매입임대,1,1,1,1,일치,전남광주통합특별시 동구 무등로 374
31238108,매입임대,1,1,1,1,일치,전남광주통합특별시 동구 무등로 374
31238109,매입임대,1,1,1,1,일치,전남광주통합특별시 동구 무등로 374
31238110,매입임대,1,1,1,1,일치,전남광주통합특별시 서구 발산로 36
31238111,매입임대,1,1,1,1,일치,전남광주통합특별시 서구 동천로18번길 19
31238112,매입임대,1,1,1,1,일치,전남광주통합특별시 남구 노대실로 33
31238113,매입임대,1,1,1,1,일치,전남광주통합특별시 남구 효우2로 21
31238114,매입임대,1,1,1,1,일치,전남광주통합특별시 남구 효우2로 21
31238115,매입임대,1,1,1,1,일치,전남광주통합특별시 남구 서문대로704번길 10
31238124,매입임대,1,1,1,1,일치,전남광주통합특별시 동구 무등로 374
31238125,매입임대,1,1,1,1,일치,전남광주통합특별시 남구 독립로80번길 7
31238126,매입임대,1,1,1,1,일치,전남광주통합특별시 남구 독립로80번길 7
31238137,매입임대,1,1,1,1,일치,전남광주통합특별시 동구 남문로693번길 11
31238138,매입임대,1,1,1,1,일치,전남광주통합특별시 동구 남문로693번길 11
31238139,매입임대,1,1,1,1,일치,전남광주통합특별시 서구 동천로 11
31238140,매입임대,1,1,1,1,일치,전남광주통합특별시 남구 노대실로 33
31238141,매입임대,1,1,1,1,일치,전남광주통합특별시 남구 효우2로 21
31238142,매입임대,1,1,1,1,일치,전남광주통합특별시 남구 효우2로 45
31238143,매입임대,1,1,1,1,일치,전남광주통합특별시 남구 효우2로 45
31238144,매입임대,1,1,1,1,일치,전남광주통합특별시 남구 독립로80번길 7
31238145,매입임대,1,1,1,1,일치,전남광주통합특별시 남구 독립로80번길 7
31238146,매입임대,1,1,1,1,일치,전남광주통합특별시 남구 독립로80번길 7
31238147,매입임대,1,1,1,1,일치,전남광주통합특별시 남구 독립로80번길 7
31238148,매입임대,1,1,1,1,일치,전남광주통합특별시 남구 독립로80번길 7
31238158,매입임대,1,1,1,1,일치,전남광주통합특별시 남구 효우2로 45
31238159,매입임대,1,1,1,1,일치,전남광주통합특별시 남구 독립로80번길 7
31238175,매입임대,1,1,1,1,일치,전남광주통합특별시 동구 무등로 374
31238176,매입임대,1,1,1,1,일치,전남광주통합특별시 동구 남문로693번길 11
31238177,매입임대,1,1,1,1,일치,전남광주통합특별시 서구 동천로18번길 19
31238178,매입임대,1,1,1,1,일치,전남광주통합특별시 남구 효우2로 21
31238179,매입임대,1,1,1,1,일치,전남광주통합특별시 남구 독립로80번길 7
31238180,매입임대,1,1,1,1,일치,전남광주통합특별시 남구 독립로80번길 7
31238181,매입임대,1,1,1,1,일치,전남광주통합특별시 남구 독립로80번길 7
31238189,매입임대,1,1,1,1,일치,전남광주통합특별시 동구 무등로 374
31238190,매입임대,1,1,1,1,일치,전남광주통합특별시 동구 무등로 374
31238191,매입임대,1,1,1,1,일치,전남광주통합특별시 서구 무진대로772번길 4
31238192,매입임대,1,1,1,1,일치,전남광주통합특별시 남구 노대실로 33
31238193,매입임대,1,1,1,1,일치,전남광주통합특별시 남구 제중로 11
31238194,매입임대,1,1,1,1,일치,전남광주통합특별시 남구 효우2로 21
31238195,매입임대,1,1,1,1,일치,전남광주통합특별시 남구 효우2로 45
31238196,매입임대,1,1,1,1,일치,전남광주통합특별시 남구 효우2로 45
31238197,매입임대,1,1,1,1,일치,전남광주통합특별시 남구 독립로80번길 7
31238198,매입임대,1,1,1,1,일치,전남광주통합특별시 남구 독립로80번길 7
31238199,매입임대,1,1,1,1,일치,전남광주통합특별시 남구 독립로80번길 7
31239688,매입임대,1,1,1,1,일치,전남광주통합특별시 북구 서강로54번길 11
31240622,매입임대,1,1,1,1,일치,전남광주통합특별시 광산구 목련로 41
31240625,매입임대,1,1,1,1,일치,전남광주통합특별시 광산구 목련로 41
31240627,매입임대,1,1,1,1,일치,전남광주통합특별시 광산구 목련로 41
31240631,매입임대,1,1,1,1,일치,전남광주통합특별시 광산구 목련로 42
31240635,매입임대,1,1,1,1,일치,전남광주통합특별시 광산구 신창로35번길 80
31240964,매입임대,1,1,1,1,일치,전남광주통합특별시 동구 무등로 374
31240965,매입임대,1,1,1,1,일치,전남광주통합특별시 동구 남문로693번길 11
31240966,매입임대,1,1,1,1,일치,전남광주통합특별시 남구 독립로80번길 7
31240967,매입임대,1,1,1,1,일치,전남광주통합특별시 남구 효우2로 21
31240970,매입임대,3,1,8,8,일치,전남광주통합특별시 서구 월산로245번길 10-4
31240971,매입임대,1,1,1,1,일치,전남광주통합특별시 남구 효우2로 21
31240972,매입임대,1,1,1,1,일치,전남광주통합특별시 남구 독립로80번길 7
31240973,매입임대,1,1,1,1,일치,전남광주통합특별시 남구 효우2로 45
31240974,매입임대,1,1,1,1,일치,전남광주통합특별시 동구 남문로 307
31240975,매입임대,1,1,1,1,일치,전남광주통합특별시 남구 효우2로 21
31240979,매입임대,1,1,1,1,일치,전남광주통합특별시 남구 노대실로 33
31240980,매입임대,1,1,1,1,일치,전남광주통합특별시 남구 노대실로 89
31240981,매입임대,1,1,1,1,일치,전남광주통합특별시 남구 독립로80번길 7
31240982,매입임대,1,1,1,1,일치,전남광주통합특별시 남구 독립로80번길 7
31240985,매입임대,1,1,1,1,일치,전남광주통합특별시 남구 효우2로 21
31240986,매입임대,1,1,1,1,일치,전남광주통합특별시 남구 원효천1길 16
31240989,매입임대,1,1,1,1,일치,전남광주통합특별시 동구 무등로 374
31240990,매입임대,1,1,1,1,일치,전남광주통합특별시 서구 동천로 11
31241941,매입임대,2,1,6,6,일치,전남광주통합특별시 북구 서하로183번길 62
31241959,매입임대,2,1,12,12,일치,전남광주통합특별시 북구 무등로218번길 33
31241964,매입임대,7,1,15,15,일치,전남광주통합특별시 북구 서하로183번길 62-1
31243414,매입임대,1,1,1,1,일치,전남광주통합특별시 북구 양산택지로34번길 22
31243415,매입임대,1,1,1,1,일치,전남광주통합특별시 북구 천변우로79번길 45
31243417,매입임대,1,1,1,1,일치,전남광주통합특별시 북구 첨단연신로 184
31243418,매입임대,1,1,1,1,일치,전남광주통합특별시 북구 천변우로 11
31243421,매입임대,1,1,1,1,일치,전남광주통합특별시 북구 용주로30번길 60
31243713,매입임대,1,1,1,1,일치,전남광주통합특별시 남구 노대실로 89
31243714,매입임대,1,1,1,1,일치,전남광주통합특별시 광산구 목련로 15
31243715,매입임대,1,1,1,1,일치,전남광주통합특별시 광산구 신창로71번길 33
31243724,매입임대,1,1,1,1,일치,전남광주통합특별시 광산구 신창로161번길 19
31243737,매입임대,1,1,1,1,일치,전남광주통합특별시 남구 효우2로 89
31243745,매입임대,1,1,1,1,일치,전남광주통합특별시 남구 노대실로 33
31243746,매입임대,1,1,1,1,일치,전남광주통합특별시 남구 대남대로85번길 3
31243747,매입임대,1,1,1,1,일치,전남광주통합특별시 광산구 선운로 33
31243748,매입임대,1,1,1,1,일치,전남광주통합특별시 광산구 신창로71번길 33
31243749,매입임대,1,1,1,1,일치,전남광주통합특별시 광산구 신창로71번길 33
31243750,매입임대,1,1,1,1,일치,전남광주통합특별시 광산구 장신로265번길 22
31243760,매입임대,1,1,1,1,일치,전남광주통합특별시 서구 동천로 11
31243761,매입임대,1,1,1,1,일치,전남광주통합특별시 남구 광복마을4길 39
31243762,매입임대,1,1,1,1,일치,전남광주통합특별시 남구 독립로80번길 7
31243763,매입임대,1,1,1,1,일치,전남광주통합특별시 광산구 목련로 15
31243764,매입임대,1,1,1,1,일치,전남광주통합특별시 광산구 신창로35번길 54
31243765,매입임대,1,1,1,1,일치,전남광주통합특별시 광산구 신창로71번길 33
31243766,매입임대,1,1,1,1,일치,전남광주통합특별시 광산구 장신로265번길 22
31243777,매입임대,1,1,1,1,일치,전남광주통합특별시 남구 효우2로 45
31243778,매입임대,1,1,1,1,일치,전남광주통합특별시 광산구 신창로161번길 34
31243785,매입임대,1,1,1,1,일치,전남광주통합특별시 광산구 목련로 15
31243786,매입임대,1,1,1,1,일치,전남광주통합특별시 광산구 신창로71번길 33
31243793,매입임대,1,1,1,1,일치,전남광주통합특별시 남구 효우2로 21
31243794,매입임대,1,1,1,1,일치,전남광주통합특별시 남구 독립로80번길 7
31243795,매입임대,1,1,1,1,일치,전남광주통합특별시 남구 효우2로 21
31243796,매입임대,1,1,1,1,일치,전남광주통합특별시 광산구 신창로35번길 54
31243797,매입임대,1,1,1,1,일치,전남광주통합특별시 광산구 신창로35번길 80
31245305,매입임대,1,1,1,1,일치,전남광주통합특별시 서구 무진대로772번길 4
31245306,매입임대,1,1,1,1,일치,전남광주통합특별시 남구 노대실로 33
31245307,매입임대,1,1,1,1,일치,전남광주통합특별시 광산구 선운중앙로 43
31245311,매입임대,1,1,1,1,일치,전남광주통합특별시 광산구 목련로 42
31245313,매입임대,1,1,1,1,일치,전남광주통합특별시 광산구 선운중앙로 43
31245319,매입임대,1,1,1,1,일치,전남광주통합특별시 광산구 신창로161번길 34
31245320,매입임대,1,1,1,1,일치,전남광주통합특별시 광산구 장덕로6번길 59
31245326,매입임대,1,1,1,1,일치,전남광주통합특별시 동구 남문로 307
31245327,매입임대,1,1,1,1,일치,전남광주통합특별시 광산구 신창로71번길 33
31245329,매입임대,1,1,1,1,일치,전남광주통합특별시 남구 노대실로 33
31245330,매입임대,1,1,1,1,일치,전남광주통합특별시 광산구 신창로71번길 33
31247248,매입임대,1,1,1,1,일치,전남광주통합특별시 남구 효우2로 45
31247249,매입임대,1,1,1,1,일치,전남광주통합특별시 동구 남문로 307
31247250,매입임대,1,1,1,1,일치,전남광주통합특별시 남구 효우2로 89
31247251,매입임대,1,1,1,1,일치,전남광주통합특별시 광산구 신창로35번길 54
31247252,매입임대,1,1,1,1,일치,전남광주통합특별시 광산구 목련로 42
31247253,매입임대,1,1,1,1,일치,전남광주통합특별시 동구 동명로69번길 20
31249450,행복주택,6,1,361,361,일치,전남광주통합특별시 광산구 무진대로 246-7
31249460,매입임대,1,1,1,1,일치,전남광주통합특별시 남구 노대실로 89
31249461,매입임대,1,1,1,1,일치,전남광주통합특별시 남구 독립로80번길 7
31249462,매입임대,1,1,1,1,일치,전남광주통합특별시 광산구 선운로 33
31249463,매입임대,1,1,1,1,일치,전남광주통합특별시 광산구 신창로35번길 54
31249479,매입임대,1,1,1,1,일치,전남광주통합특별시 광산구 신창로161번길 19
31251559,매입임대,1,1,1,1,일치,전남광주통합특별시 광산구 신창로161번길 34
31251560,매입임대,1,1,1,1,일치,전남광주통합특별시 광산구 왕버들로251번길 27
31251599,매입임대,1,1,1,1,일치,전남광주통합특별시 광산구 선운로 33
31251611,매입임대,1,1,1,1,일치,전남광주통합특별시 북구 대자로 55
31251635,매입임대,1,1,1,1,일치,전남광주통합특별시 남구 독립로80번길 7
31252684,매입임대,1,1,1,1,일치,전남광주통합특별시 광산구 목련로 41
31256359,매입임대,3,1,20,20,일치,전남광주통합특별시 서구 발산로11번길 17
31256367,매입임대,1,1,1,1,일치,전남광주통합특별시 동구 남문로 307
31256371,매입임대,5,1,19,19,일치,전남광주통합특별시 서구 발산로11번길 15
31256372,매입임대,1,1,1,1,일치,전남광주통합특별시 광산구 목련로 41
31256373,매입임대,1,1,1,1,일치,전남광주통합특별시 광산구 신창로71번길 33
31256378,매입임대,4,1,28,28,일치,전남광주통합특별시 북구 양산신촌길 50
31256380,매입임대,1,1,1,1,일치,전남광주통합특별시 남구 독립로80번길 7
31256381,매입임대,1,1,1,1,일치,전남광주통합특별시 광산구 신창로35번길 20
31258868,매입임대,1,1,1,1,일치,전남광주통합특별시 서구 화개중앙로 116
31258869,매입임대,1,1,1,1,일치,전남광주통합특별시 남구 노대실로 89
31258870,매입임대,1,1,1,1,일치,전남광주통합특별시 남구 독립로80번길 7
31258871,매입임대,1,1,1,1,일치,전남광주통합특별시 북구 천변우로79번길 45
31258872,매입임대,1,1,1,1,일치,전남광주통합특별시 광산구 목련로 15
31258873,매입임대,1,1,1,1,일치,전남광주통합특별시 광산구 신창로71번길 33
31258875,매입임대,1,1,1,1,일치,전남광주통합특별시 동구 남문로 307
31258876,매입임대,1,1,1,1,일치,전남광주통합특별시 서구 동천로 11
31258877,매입임대,1,1,1,1,일치,전남광주통합특별시 서구 동천로 11
31258878,매입임대,1,1,1,1,일치,전남광주통합특별시 남구 효우2로 21
31258879,매입임대,1,1,1,1,일치,전남광주통합특별시 남구 화산로73번길 3
31258880,매입임대,1,1,1,1,일치,전남광주통합특별시 북구 본촌마을길 178
31258881,매입임대,1,1,1,1,일치,전남광주통합특별시 북구 천변우로79번길 45
31258882,매입임대,1,1,1,1,일치,전남광주통합특별시 북구 천변우로79번길 45
31258883,매입임대,1,1,1,1,일치,전남광주통합특별시 북구 천변우로79번길 45
31258884,매입임대,1,1,1,1,일치,전남광주통합특별시 광산구 소촌로 100
31258885,매입임대,1,1,1,1,일치,전남광주통합특별시 광산구 선운로 33
31258886,매입임대,1,1,1,1,일치,전남광주통합특별시 광산구 소촌로86번길 20-17
31258887,매입임대,1,1,1,1,일치,전남광주통합특별시 광산구 신창로71번길 33
31258888,매입임대,1,1,1,1,일치,전남광주통합특별시 광산구 신창로71번길 33
31258891,매입임대,1,1,1,1,일치,전남광주통합특별시 남구 화산로 20
31258892,매입임대,1,1,1,1,일치,전남광주통합특별시 남구 화산로 75
31258893,매입임대,1,1,1,1,일치,전남광주통합특별시 남구 노대실로 33
31258894,매입임대,1,1,1,1,일치,전남광주통합특별시 남구 노대실로 89
31258895,매입임대,1,1,1,1,일치,전남광주통합특별시 남구 독립로80번길 7
31258896,매입임대,1,1,1,1,일치,전남광주통합특별시 남구 독립로80번길 7
31258897,매입임대,1,1,1,1,일치,전남광주통합특별시 남구 독립로80번길 7
31258898,매입임대,1,1,1,1,일치,전남광주통합특별시 남구 독립로80번길 7
31258899,매입임대,1,1,1,1,일치,전남광주통합특별시 남구 화산로73번길 3
31258900,매입임대,1,1,1,1,일치,전남광주통합특별시 북구 천변우로79번길 45
31258901,매입임대,1,1,1,1,일치,전남광주통합특별시 북구 천변우로79번길 45
31258902,매입임대,1,1,1,1,일치,전남광주통합특별시 광산구 광산로20번길 28
31258903,매입임대,1,1,1,1,일치,전남광주통합특별시 광산구 신창로71번길 16
31258904,매입임대,1,1,1,1,일치,전남광주통합특별시 광산구 신창로71번길 33
31258905,매입임대,1,1,1,1,일치,전남광주통합특별시 동구 남문로 307
31258906,매입임대,1,1,1,1,일치,전남광주통합특별시 서구 내방로 337
31258907,매입임대,1,1,1,1,일치,전남광주통합특별시 서구 내방로 337
31258908,매입임대,1,1,1,1,일치,전남광주통합특별시 서구 무진대로772번길 4
31258909,매입임대,1,1,1,1,일치,전남광주통합특별시 서구 동천로18번길 19
31258910,매입임대,1,1,1,1,일치,전남광주통합특별시 남구 노대실로 89
31258911,매입임대,1,1,1,1,일치,전남광주통합특별시 남구 효우2로 89
31258912,매입임대,1,1,1,1,일치,전남광주통합특별시 남구 독립로80번길 7
31258913,매입임대,1,1,1,1,일치,전남광주통합특별시 남구 원효천1길 16
31258914,매입임대,1,1,1,1,일치,전남광주통합특별시 북구 금호로24번길 18
31258915,매입임대,1,1,1,1,일치,전남광주통합특별시 북구 양산택지소로 30
31258916,매입임대,1,1,1,1,일치,전남광주통합특별시 광산구 목련로 41
31258917,매입임대,1,1,1,1,일치,전남광주통합특별시 광산구 목련로 41
31258918,매입임대,1,1,1,1,일치,전남광주통합특별시 광산구 소촌로 100
31258919,매입임대,1,1,1,1,일치,전남광주통합특별시 광산구 신창로71번길 33
31258920,매입임대,1,1,1,1,일치,전남광주통합특별시 광산구 신창로71번길 33
31258921,매입임대,1,1,1,1,일치,전남광주통합특별시 광산구 왕버들로251번길 27
31258925,매입임대,1,1,1,1,일치,전남광주통합특별시 서구 내방로 337
31258926,매입임대,1,1,1,1,일치,전남광주통합특별시 남구 화산로 20
31258927,매입임대,1,1,1,1,일치,전남광주통합특별시 남구 화산로 75
31258928,매입임대,1,1,1,1,일치,전남광주통합특별시 남구 노대실로 33
31258929,매입임대,1,1,1,1,일치,전남광주통합특별시 남구 노대실로 89
31258930,매입임대,1,1,1,1,일치,전남광주통합특별시 남구 효우2로 21
31258931,매입임대,1,1,1,1,일치,전남광주통합특별시 남구 독립로80번길 7
31258932,매입임대,1,1,1,1,일치,전남광주통합특별시 북구 천변우로79번길 45
31258933,매입임대,1,1,1,1,일치,전남광주통합특별시 북구 하백로6번길 12
31258934,매입임대,1,1,1,1,일치,전남광주통합특별시 광산구 선운로 55
31258935,매입임대,1,1,1,1,일치,전남광주통합특별시 광산구 신창로161번길 34
31258936,매입임대,1,1,1,1,일치,전남광주통합특별시 광산구 신창로71번길 33
31258939,매입임대,1,1,1,1,일치,전남광주통합특별시 동구 무등로 374
31258940,매입임대,1,1,1,1,일치,전남광주통합특별시 서구 동천로 11
31258941,매입임대,1,1,1,1,일치,전남광주통합특별시 남구 화산로 20
31258942,매입임대,1,1,1,1,일치,전남광주통합특별시 남구 화산로 75
31258943,매입임대,1,1,1,1,일치,전남광주통합특별시 남구 방림로 31
31258944,매입임대,1,1,1,1,일치,전남광주통합특별시 남구 효우2로 21
31258945,매입임대,1,1,1,1,일치,전남광주통합특별시 남구 효우2로 89
31258946,매입임대,1,1,1,1,일치,전남광주통합특별시 남구 독립로80번길 7
31258947,매입임대,1,1,1,1,일치,전남광주통합특별시 북구 하백로6번길 12
31258948,매입임대,1,1,1,1,일치,전남광주통합특별시 광산구 신창로161번길 34
31258949,매입임대,1,1,1,1,일치,전남광주통합특별시 광산구 신창로71번길 33
31258950,매입임대,1,1,1,1,일치,전남광주통합특별시 광산구 신창로71번길 33
31258952,매입임대,1,1,1,1,일치,전남광주통합특별시 남구 화산로 75
31258953,매입임대,1,1,1,1,일치,전남광주통합특별시 남구 효우2로 21
31258954,매입임대,1,1,1,1,일치,전남광주통합특별시 남구 효우2로 45
31258955,매입임대,1,1,1,1,일치,전남광주통합특별시 남구 독립로80번길 7
31258956,매입임대,1,1,1,1,일치,전남광주통합특별시 남구 독립로80번길 7
31258957,매입임대,1,1,1,1,일치,전남광주통합특별시 남구 독립로80번길 7
31258958,매입임대,1,1,1,1,일치,전남광주통합특별시 북구 천변우로79번길 45
31258959,매입임대,1,1,1,1,일치,전남광주통합특별시 광산구 신창로71번길 33
31258960,매입임대,1,1,1,1,일치,전남광주통합특별시 동구 남문로 307
31258961,매입임대,1,1,1,1,일치,전남광주통합특별시 동구 남문로 307
31258962,매입임대,1,1,1,1,일치,전남광주통합특별시 남구 화산로 20
31258963,매입임대,1,1,1,1,일치,전남광주통합특별시 남구 화산로 20
31258964,매입임대,1,1,1,1,일치,전남광주통합특별시 남구 광복마을4길 39
31258965,매입임대,1,1,1,1,일치,전남광주통합특별시 북구 하서로 71
31258966,매입임대,1,1,1,1,일치,전남광주통합특별시 북구 천변우로79번길 25
31258967,매입임대,1,1,1,1,일치,전남광주통합특별시 광산구 목련로 42
31258968,매입임대,1,1,1,1,일치,전남광주통합특별시 광산구 신창로35번길 80
31258969,매입임대,1,1,1,1,일치,전남광주통합특별시 광산구 신창로71번길 33
31258970,매입임대,1,1,1,1,일치,전남광주통합특별시 광산구 장덕로5번길 16
31261609,매입임대,1,1,1,1,일치,전남광주통합특별시 남구 화산로 20
31261610,매입임대,1,1,1,1,일치,전남광주통합특별시 북구 용주로30번길 60
31261614,매입임대,1,1,1,1,일치,전남광주통합특별시 남구 원효천1길 16
31261619,매입임대,1,1,1,1,일치,전남광주통합특별시 광산구 신창로71번길 33
31261639,매입임대,1,1,1,1,일치,전남광주통합특별시 남구 효우2로 89
31261640,매입임대,1,1,1,1,일치,전남광주통합특별시 광산구 선운로 55
31261641,매입임대,1,1,1,1,일치,전남광주통합특별시 광산구 광산로20번길 28
31261642,매입임대,1,1,1,1,일치,전남광주통합특별시 광산구 신창로161번길 34
31264664,매입임대,1,1,1,1,일치,전남광주통합특별시 서구 상무민주로 104
31264687,매입임대,1,1,1,1,일치,전남광주통합특별시 북구 동운로 192
31264700,매입임대,1,1,1,1,일치,전남광주통합특별시 서구 내방로 337
31264914,매입임대,1,1,1,1,일치,전남광주통합특별시 광산구 장덕로5번길 16
31264923,매입임대,1,1,1,1,일치,전남광주통합특별시 광산구 장덕로6번길 59
31264937,매입임대,1,1,1,1,일치,전남광주통합특별시 광산구 신창로71번길 33
31264938,매입임대,1,1,1,1,일치,전남광주통합특별시 광산구 장덕로6번길 59
31266220,매입임대,1,1,1,1,일치,전남광주통합특별시 북구 하서로 215-4
31266221,매입임대,1,1,1,1,일치,전남광주통합특별시 북구 하서로 215-4
31266222,매입임대,1,1,1,1,일치,전남광주통합특별시 북구 하서로 215-4
31266250,매입임대,1,1,1,1,일치,전남광주통합특별시 북구 하서로 215-4
31266251,매입임대,1,1,1,1,일치,전남광주통합특별시 북구 하서로 215-4
31266275,매입임대,1,1,1,1,일치,전남광주통합특별시 북구 하서로 215-4
31266276,매입임대,1,1,1,1,일치,전남광주통합특별시 북구 하서로 215-4
31266311,매입임대,1,1,1,1,일치,전남광주통합특별시 북구 하서로 215-4
31266342,매입임대,1,1,1,1,일치,전남광주통합특별시 북구 하서로 215-4
31266343,매입임대,1,1,1,1,일치,전남광주통합특별시 북구 하서로 215-4
31266344,매입임대,1,1,1,1,일치,전남광주통합특별시 북구 하서로 215-4
31266375,매입임대,1,1,1,1,일치,전남광주통합특별시 북구 하서로 215-4
31266404,매입임대,1,1,1,1,일치,전남광주통합특별시 북구 하서로 215-4
31266433,매입임대,1,1,1,1,일치,전남광주통합특별시 북구 하서로 215-4
31266434,매입임대,1,1,1,1,일치,전남광주통합특별시 북구 하서로 215-4
31266435,매입임대,1,1,1,1,일치,전남광주통합특별시 북구 하서로 215-4
31266436,매입임대,1,1,1,1,일치,전남광주통합특별시 북구 하서로 215-4
31267473,매입임대,1,1,1,1,일치,전남광주통합특별시 남구 노대실로 89
31267474,매입임대,1,1,1,1,일치,전남광주통합특별시 북구 서강로54번길 32
31267480,매입임대,1,1,1,1,일치,전남광주통합특별시 남구 독립로80번길 7
31267482,매입임대,1,1,1,1,일치,전남광주통합특별시 서구 동천로 11
31267483,매입임대,1,1,1,1,일치,전남광주통합특별시 북구 서강로54번길 32
31267495,매입임대,1,1,1,1,일치,전남광주통합특별시 남구 노대실로 89
31270206,매입임대,1,1,1,1,일치,전남광주통합특별시 광산구 목련로 15
31270708,매입임대,1,1,1,1,일치,전남광주통합특별시 광산구 목련로 41
31270734,매입임대,1,1,1,1,일치,전남광주통합특별시 북구 동운로 192
31270748,매입임대,1,1,1,1,일치,전남광주통합특별시 남구 독립로80번길 7
31272414,매입임대,1,1,1,1,일치,전남광주통합특별시 광산구 목련로 15
31272429,매입임대,1,1,1,1,일치,전남광주통합특별시 북구 하서로423번길 42
31272522,매입임대,1,1,1,1,일치,전남광주통합특별시 서구 동천로 11
31273164,매입임대,3,1,24,24,일치,전남광주통합특별시 북구 양산택지로79번길 24-7
31273167,매입임대,3,1,8,8,일치,전남광주통합특별시 북구 일곡마을로 132
31273173,매입임대,4,1,8,8,일치,전남광주통합특별시 북구 군왕로117번길 19
31273181,매입임대,8,1,20,20,일치,전남광주통합특별시 북구 자라봉로56번길 15-3
31274640,행복주택,3,1,100,100,일치,전남광주통합특별시 광산구 임방울대로825번길 9
31274641,행복주택,3,1,200,200,일치,전남광주통합특별시 광산구 임방울대로800번길 11-5
31274644,행복주택,2,1,100,100,일치,전남광주통합특별시 광산구 첨단중앙로152번길 6-8
31274911,매입임대,1,1,1,1,일치,전남광주통합특별시 광산구 목련로 41
31274915,매입임대,1,1,1,1,일치,전남광주통합특별시 북구 천변우로 11
31274916,매입임대,1,1,1,1,일치,전남광주통합특별시 광산구 신창로71번길 33
31274917,매입임대,1,1,1,1,일치,전남광주통합특별시 광산구 왕버들로251번길 27
31274921,매입임대,1,1,1,1,일치,전남광주통합특별시 광산구 신창로71번길 33
31275272,매입임대,1,1,1,1,일치,전남광주통합특별시 동구 남문로 307
31275273,매입임대,1,1,1,1,일치,전남광주통합특별시 동구 남문로693번길 11
31275274,매입임대,1,1,1,1,일치,전남광주통합특별시 서구 내방로 337
31275275,매입임대,1,1,1,1,일치,전남광주통합특별시 서구 동천로18번길 19
31275276,매입임대,1,1,1,1,일치,전남광주통합특별시 남구 방림로 31
31275277,매입임대,1,1,1,1,일치,전남광주통합특별시 남구 효우2로 21
31275278,매입임대,1,1,1,1,일치,전남광주통합특별시 남구 효우2로 89
31275279,매입임대,1,1,1,1,일치,전남광주통합특별시 남구 효우2로 89
31275280,매입임대,1,1,1,1,일치,전남광주통합특별시 남구 효우2로 89
31275281,매입임대,1,1,1,1,일치,전남광주통합특별시 남구 효우2로 89
31275282,매입임대,1,1,1,1,일치,전남광주통합특별시 남구 효우2로 89
31275283,매입임대,1,1,1,1,일치,전남광주통합특별시 남구 독립로80번길 7
31275284,매입임대,1,1,1,1,일치,전남광주통합특별시 북구 천변우로 11
31275285,매입임대,1,1,1,1,일치,전남광주통합특별시 북구 용두마을길 13
31275286,매입임대,1,1,1,1,일치,전남광주통합특별시 광산구 선운로 33
31275287,매입임대,1,1,1,1,일치,전남광주통합특별시 광산구 선운로 33
31275288,매입임대,1,1,1,1,일치,전남광주통합특별시 광산구 선운로 55
31275289,매입임대,1,1,1,1,일치,전남광주통합특별시 광산구 선운중앙로 43
31275290,매입임대,1,1,1,1,일치,전남광주통합특별시 광산구 신창로161번길 34
31275295,매입임대,1,1,1,1,일치,전남광주통합특별시 동구 남문로 307
31275296,매입임대,1,1,1,1,일치,전남광주통합특별시 동구 남문로 307
31275297,매입임대,1,1,1,1,일치,전남광주통합특별시 동구 남문로 307
31275298,매입임대,1,1,1,1,일치,전남광주통합특별시 서구 내방로 337
31275299,매입임대,1,1,1,1,일치,전남광주통합특별시 서구 내방로 337
31275300,매입임대,1,1,1,1,일치,전남광주통합특별시 서구 내방로 337
31275301,매입임대,1,1,1,1,일치,전남광주통합특별시 서구 내방로 337
31275302,매입임대,1,1,1,1,일치,전남광주통합특별시 서구 내방로 337
31275303,매입임대,1,1,1,1,일치,전남광주통합특별시 서구 내방로 337
31275304,매입임대,1,1,1,1,일치,전남광주통합특별시 서구 동천로 11
31275305,매입임대,1,1,1,1,일치,전남광주통합특별시 서구 동천로 11
31275306,매입임대,1,1,1,1,일치,전남광주통합특별시 남구 효우2로 89
31275307,매입임대,1,1,1,1,일치,전남광주통합특별시 남구 효우2로 89
31275308,매입임대,1,1,1,1,일치,전남광주통합특별시 북구 대자로 55
31275309,매입임대,1,1,1,1,일치,전남광주통합특별시 광산구 장신로 326
31275310,매입임대,1,1,1,1,일치,전남광주통합특별시 광산구 선운로 55
31275311,매입임대,1,1,1,1,일치,전남광주통합특별시 광산구 선운중앙로 43
31275312,매입임대,1,1,1,1,일치,전남광주통합특별시 광산구 신창로161번길 34
31275313,매입임대,1,1,1,1,일치,전남광주통합특별시 광산구 신창로161번길 34
31275314,매입임대,1,1,1,1,일치,전남광주통합특별시 광산구 풍영로101번길 22
31275318,매입임대,1,1,1,1,일치,전남광주통합특별시 서구 내방로 337
31275319,매입임대,1,1,1,1,일치,전남광주통합특별시 남구 노대실로 33
31275320,매입임대,1,1,1,1,일치,전남광주통합특별시 남구 노대실로 89
31275321,매입임대,1,1,1,1,일치,전남광주통합특별시 남구 효우2로 21
31275322,매입임대,1,1,1,1,일치,전남광주통합특별시 남구 효우2로 89
31275323,매입임대,1,1,1,1,일치,전남광주통합특별시 남구 독립로80번길 7
31275324,매입임대,1,1,1,1,일치,전남광주통합특별시 광산구 목련로 15
31275325,매입임대,1,1,1,1,일치,전남광주통합특별시 광산구 장신로 326
31275326,매입임대,1,1,1,1,일치,전남광주통합특별시 광산구 선운로 55
31275327,매입임대,1,1,1,1,일치,전남광주통합특별시 광산구 선운로 55
31275328,매입임대,1,1,1,1,일치,전남광주통합특별시 광산구 선운중앙로 45
31275329,매입임대,1,1,1,1,일치,전남광주통합특별시 광산구 신창로161번길 34
31275330,매입임대,1,1,1,1,일치,전남광주통합특별시 광산구 신창로161번길 34
31275331,매입임대,1,1,1,1,일치,전남광주통합특별시 광산구 신창로161번길 34
31275336,매입임대,1,1,1,1,일치,전남광주통합특별시 동구 남문로 307
31275337,매입임대,1,1,1,1,일치,전남광주통합특별시 동구 남문로 307
31275338,매입임대,1,1,1,1,일치,전남광주통합특별시 서구 내방로 337
31275339,매입임대,1,1,1,1,일치,전남광주통합특별시 서구 내방로 337
31275340,매입임대,1,1,1,1,일치,전남광주통합특별시 서구 동천로 11
31275341,매입임대,1,1,1,1,일치,전남광주통합특별시 남구 효우2로 21
31275342,매입임대,1,1,1,1,일치,전남광주통합특별시 남구 효우2로 21
31275343,매입임대,1,1,1,1,일치,전남광주통합특별시 남구 효우2로 21
31275344,매입임대,1,1,1,1,일치,전남광주통합특별시 남구 효우2로 89
31275345,매입임대,1,1,1,1,일치,전남광주통합특별시 남구 효우2로 89
31275346,매입임대,1,1,1,1,일치,전남광주통합특별시 남구 효우2로 89
31275347,매입임대,1,1,1,1,일치,전남광주통합특별시 북구 용두마을길 13
31275348,매입임대,1,1,1,1,일치,전남광주통합특별시 광산구 목련로 15
31275349,매입임대,1,1,1,1,일치,전남광주통합특별시 광산구 신창로161번길 34
31275358,매입임대,1,1,1,1,일치,전남광주통합특별시 동구 남문로 307
31275359,매입임대,1,1,1,1,일치,전남광주통합특별시 서구 내방로 337
31275360,매입임대,1,1,1,1,일치,전남광주통합특별시 서구 동천로18번길 19
31275361,매입임대,1,1,1,1,일치,전남광주통합특별시 남구 효우2로 21
31275362,매입임대,1,1,1,1,일치,전남광주통합특별시 남구 효우2로 89
31275363,매입임대,1,1,1,1,일치,전남광주통합특별시 남구 효우2로 89
31275364,매입임대,1,1,1,1,일치,전남광주통합특별시 북구 첨단연신로 184
31275365,매입임대,1,1,1,1,일치,전남광주통합특별시 광산구 소촌로 100
31275369,매입임대,1,1,1,1,일치,전남광주통합특별시 동구 남문로 307
31275370,매입임대,1,1,1,1,일치,전남광주통합특별시 동구 남문로693번길 11
31275371,매입임대,1,1,1,1,일치,전남광주통합특별시 서구 내방로 337
31275372,매입임대,1,1,1,1,일치,전남광주통합특별시 서구 내방로 337
31275373,매입임대,1,1,1,1,일치,전남광주통합특별시 서구 동천로 11
31275374,매입임대,1,1,1,1,일치,전남광주통합특별시 서구 동천로18번길 19
31275375,매입임대,1,1,1,1,일치,전남광주통합특별시 남구 방림로 31
31275376,매입임대,1,1,1,1,일치,전남광주통합특별시 남구 효우2로 21
31275377,매입임대,1,1,1,1,일치,전남광주통합특별시 남구 효우2로 45
31275378,매입임대,1,1,1,1,일치,전남광주통합특별시 남구 효우2로 89
31275379,매입임대,1,1,1,1,일치,전남광주통합특별시 광산구 신창로161번길 34
31275380,매입임대,1,1,1,1,일치,전남광주통합특별시 광산구 신창로35번길 80
31275391,매입임대,1,1,1,1,일치,전남광주통합특별시 서구 내방로 337
31275392,매입임대,1,1,1,1,일치,전남광주통합특별시 서구 내방로 337
31275393,매입임대,1,1,1,1,일치,전남광주통합특별시 서구 동천로 11
31275394,매입임대,1,1,1,1,일치,전남광주통합특별시 남구 봉선2로 51-1
31275395,매입임대,1,1,1,1,일치,전남광주통합특별시 남구 효우2로 89
31275396,매입임대,1,1,1,1,일치,전남광주통합특별시 남구 효우2로 89
31275397,매입임대,1,1,1,1,일치,전남광주통합특별시 남구 효우2로 89
31275398,매입임대,1,1,1,1,일치,전남광주통합특별시 북구 천변우로 11
31275399,매입임대,1,1,1,1,일치,전남광주통합특별시 광산구 장신로 326
31275400,매입임대,1,1,1,1,일치,전남광주통합특별시 광산구 신창로161번길 34
31275401,매입임대,1,1,1,1,일치,전남광주통합특별시 광산구 신창로161번길 34
31275402,매입임대,1,1,1,1,일치,전남광주통합특별시 광산구 신창로35번길 80
31275403,매입임대,1,1,1,1,일치,전남광주통합특별시 광산구 선운로20번길 47
31275410,매입임대,1,1,1,1,일치,전남광주통합특별시 동구 남문로 307
31275411,매입임대,1,1,1,1,일치,전남광주통합특별시 동구 남문로 307
31275412,매입임대,1,1,1,1,일치,전남광주통합특별시 동구 계림로30번길 15
31275413,매입임대,1,1,1,1,일치,전남광주통합특별시 서구 내방로 337
31275414,매입임대,1,1,1,1,일치,전남광주통합특별시 서구 내방로 337
31275415,매입임대,1,1,1,1,일치,전남광주통합특별시 서구 상무민주로 104
31275416,매입임대,1,1,1,1,일치,전남광주통합특별시 서구 동천로18번길 19
31275417,매입임대,1,1,1,1,일치,전남광주통합특별시 남구 효우2로 89
31275418,매입임대,1,1,1,1,일치,전남광주통합특별시 남구 효우2로 89
31275419,매입임대,1,1,1,1,일치,전남광주통합특별시 남구 효우2로 89
31275420,매입임대,1,1,1,1,일치,전남광주통합특별시 북구 효열로29번길 37
31275421,매입임대,1,1,1,1,일치,전남광주통합특별시 광산구 목련로 15
31275422,매입임대,1,1,1,1,일치,전남광주통합특별시 광산구 소촌로 100
31275423,매입임대,1,1,1,1,일치,전남광주통합특별시 광산구 선운로 55
31275424,매입임대,1,1,1,1,일치,전남광주통합특별시 광산구 신창로161번길 34
31275425,매입임대,1,1,1,1,일치,전남광주통합특별시 광산구 신창로161번길 34
31275426,매입임대,1,1,1,1,일치,전남광주통합특별시 광산구 신창로161번길 34
31275427,매입임대,1,1,1,1,일치,전남광주통합특별시 광산구 신창로35번길 80
31275428,매입임대,1,1,1,1,일치,전남광주통합특별시 광산구 신창로35번길 80
31281191,행복주택,4,1,264,264,일치,전남광주통합특별시 남구 효천중앙로 35
31281247,매입임대,1,1,1,1,일치,전남광주통합특별시 남구 노대실로 33
31281249,매입임대,1,1,1,1,일치,전남광주통합특별시 광산구 신창로35번길 20
31281260,매입임대,1,1,1,1,일치,전남광주통합특별시 서구 동천로18번길 19
31281261,매입임대,1,1,1,1,일치,전남광주통합특별시 서구 동천로18번길 19
31281262,매입임대,1,1,1,1,일치,전남광주통합특별시 서구 동천로18번길 19
31281263,매입임대,1,1,1,1,일치,전남광주통합특별시 남구 효우2로 89
31281267,매입임대,1,1,1,1,일치,전남광주통합특별시 서구 상무민주로 104
31281268,매입임대,1,1,1,1,일치,전남광주통합특별시 서구 동천로18번길 19
31281274,매입임대,1,1,1,1,일치,전남광주통합특별시 북구 동운로 130
31281276,매입임대,1,1,1,1,일치,전남광주통합특별시 서구 동천로 11
31281594,매입임대,1,1,1,1,일치,전남광주통합특별시 광산구 신창로161번길 34
31281595,매입임대,1,1,1,1,일치,전남광주통합특별시 광산구 신창로35번길 80
31281599,매입임대,1,1,1,1,일치,전남광주통합특별시 광산구 장신로 326
31281603,매입임대,1,1,1,1,일치,전남광주통합특별시 광산구 신창로161번길 34
31281607,매입임대,1,1,1,1,일치,전남광주통합특별시 광산구 선운로 33
31281608,매입임대,1,1,1,1,일치,전남광주통합특별시 광산구 선운로 55
31281611,매입임대,1,1,1,1,일치,전남광주통합특별시 광산구 목련로 15
31281612,매입임대,1,1,1,1,일치,전남광주통합특별시 광산구 선운중앙로 43
31281613,매입임대,1,1,1,1,일치,전남광주통합특별시 광산구 신창로35번길 80
31281615,매입임대,1,1,1,1,일치,전남광주통합특별시 광산구 목련로 15
31281617,매입임대,1,1,1,1,일치,전남광주통합특별시 광산구 신창로161번길 34
31281618,매입임대,1,1,1,1,일치,전남광주통합특별시 광산구 신창로161번길 34
31285958,매입임대,4,1,10,10,일치,전남광주통합특별시 서구 양동로25번길 7
31286001,매입임대,6,1,48,48,일치,전남광주통합특별시 광산구 신창로35번길 29-19
31290275,매입임대,8,1,18,18,일치,전남광주통합특별시 북구 양산택지로33번길 29-9
31291105,매입임대,4,1,7,7,일치,전남광주통합특별시 서구 상무대로1066번길 19
31291106,매입임대,4,1,7,7,일치,전남광주통합특별시 서구 쌍학로8번길 6-1
31297381,국민임대,4,1,710,710,일치,전남광주통합특별시 남구 효천로 176
31297410,행복주택,3,1,21,21,일치,전남광주통합특별시 서구 신촌길 8
31297441,매입임대,3,1,7,7,일치,전남광주통합특별시 서구 상무대로1019번길 27
31297442,매입임대,4,1,13,13,일치,전남광주통합특별시 서구 쌍촌로20번길 7-6
31297443,매입임대,3,1,5,5,일치,전남광주통합특별시 서구 월드컵4강로104번길 19-5
31297444,매입임대,3,1,10,10,일치,전남광주통합특별시 서구 화정로138번길 25-1
31297474,매입임대,4,1,12,12,일치,전남광주통합특별시 동구 중흥로227번길 20-8
31297476,매입임대,2,1,10,10,일치,전남광주통합특별시 북구 중문로 96-19
31297478,매입임대,3,1,11,11,일치,전남광주통합특별시 북구 동문대로121번길 59
31297533,매입임대,3,1,10,10,일치,전남광주통합특별시 서구 화정로138번길 25
31297534,매입임대,1,1,6,6,일치,전남광주통합특별시 남구 회재로1223번길 26-14
31297563,매입임대,1,1,15,15,일치,전남광주통합특별시 서구 월드컵4강로71번길 19-1
31297564,매입임대,2,1,15,15,일치,전남광주통합특별시 서구 월드컵4강로81번길 11-1
31297565,매입임대,2,1,6,6,일치,전남광주통합특별시 남구 양림로 2-18
31297600,매입임대,3,1,6,6,일치,전남광주통합특별시 서구 화정로49번길 32-8
31297603,매입임대,5,1,11,11,일치,전남광주통합특별시 북구 신임로32번길 16
31297632,매입임대,2,1,5,5,일치,전남광주통합특별시 북구 서방로172번길 30-12
31297633,매입임대,1,1,9,9,일치,전남광주통합특별시 북구 신촌로7번길 43
31297634,매입임대,1,1,9,9,일치,전남광주통합특별시 북구 천지인로93번길 12-4
31297668,매입임대,2,1,5,5,일치,전남광주통합특별시 남구 경열로76번길 25
31297669,매입임대,2,1,17,17,일치,전남광주통합특별시 북구 대천로21번길 26
31297670,매입임대,3,1,7,7,일치,전남광주통합특별시 북구 서하로233번길 29-2
31297671,매입임대,8,1,19,19,일치,전남광주통합특별시 북구 탁영로15번길 16-12
31303205,매입임대,5,1,16,16,일치,전남광주통합특별시 광산구 신가삼효로 19-7
31303206,매입임대,3,1,9,9,일치,전남광주통합특별시 북구 고운로5번길 84
31303208,매입임대,6,1,8,8,일치,전남광주통합특별시 광산구 신창로35번길 85-6
31303209,매입임대,4,1,24,24,일치,전남광주통합특별시 북구 양산택지로37번길 112
31303210,매입임대,4,1,10,10,일치,전남광주통합특별시 광산구 사암로118번길 117-13
31303212,매입임대,2,1,12,12,일치,전남광주통합특별시 북구 독립로349번길 54
31306284,매입임대,1,1,1,1,일치,전남광주통합특별시 서구 내방로 337
31306285,매입임대,1,1,1,1,일치,전남광주통합특별시 서구 동천로18번길 19
31306286,매입임대,1,1,1,1,일치,전남광주통합특별시 서구 내방로 337
31306287,매입임대,1,1,1,1,일치,전남광주통합특별시 남구 효우2로 89
31306288,매입임대,1,1,1,1,일치,전남광주통합특별시 광산구 장덕로6번길 59
31306290,매입임대,1,1,1,1,일치,전남광주통합특별시 서구 내방로 337
31306291,매입임대,1,1,1,1,일치,전남광주통합특별시 남구 노대실로 89
31306292,매입임대,1,1,1,1,일치,전남광주통합특별시 남구 노대실로 89
31306293,매입임대,1,1,1,1,일치,전남광주통합특별시 남구 효우2로 89
31306294,매입임대,1,1,1,1,일치,전남광주통합특별시 북구 하백로6번길 12
31306295,매입임대,1,1,1,1,일치,전남광주통합특별시 북구 하백로6번길 12
31306296,매입임대,1,1,1,1,일치,전남광주통합특별시 광산구 장덕로6번길 59
31306297,매입임대,1,1,1,1,일치,전남광주통합특별시 광산구 장덕로6번길 59
31306303,매입임대,1,1,1,1,일치,전남광주통합특별시 서구 내방로 337
31306304,매입임대,1,1,1,1,일치,전남광주통합특별시 서구 내방로 337
31306305,매입임대,1,1,1,1,일치,전남광주통합특별시 남구 노대실로 33
31306306,매입임대,1,1,1,1,일치,전남광주통합특별시 남구 노대실로 89
31306307,매입임대,1,1,1,1,일치,전남광주통합특별시 남구 효우2로 21
31306308,매입임대,1,1,1,1,일치,전남광주통합특별시 남구 효우2로 45
31306309,매입임대,1,1,1,1,일치,전남광주통합특별시 남구 독립로80번길 7
31306311,매입임대,1,1,1,1,일치,전남광주통합특별시 서구 동천로 11
31306312,매입임대,1,1,1,1,일치,전남광주통합특별시 남구 독립로80번길 7
31306313,매입임대,1,1,1,1,일치,전남광주통합특별시 남구 독립로80번길 7
31306314,매입임대,1,1,1,1,일치,전남광주통합특별시 남구 독립로80번길 7
31306315,매입임대,1,1,1,1,일치,전남광주통합특별시 광산구 장덕로6번길 59
31306321,매입임대,1,1,1,1,일치,전남광주통합특별시 서구 동천로 11
31306322,매입임대,1,1,1,1,일치,전남광주통합특별시 서구 내방로 337
31306323,매입임대,1,1,1,1,일치,전남광주통합특별시 서구 내방로 337
31306324,매입임대,1,1,1,1,일치,전남광주통합특별시 서구 내방로 337
31306325,매입임대,1,1,1,1,일치,전남광주통합특별시 남구 원효천1길 5
31306326,매입임대,1,1,1,1,일치,전남광주통합특별시 남구 노대실로 89
31306327,매입임대,1,1,1,1,일치,전남광주통합특별시 남구 효우2로 45
31306328,매입임대,1,1,1,1,일치,전남광주통합특별시 남구 독립로80번길 7
31306329,매입임대,1,1,1,1,일치,전남광주통합특별시 남구 노대실로 89
31306330,매입임대,1,1,1,1,일치,전남광주통합특별시 남구 독립로80번길 7
31306331,매입임대,1,1,1,1,일치,전남광주통합특별시 남구 독립로80번길 7
31306332,매입임대,1,1,1,1,일치,전남광주통합특별시 남구 효우2로 89
31306333,매입임대,1,1,1,1,일치,전남광주통합특별시 북구 하백로6번길 12
31306334,매입임대,1,1,1,1,일치,전남광주통합특별시 광산구 장덕로6번길 59
31306339,매입임대,1,1,1,1,일치,전남광주통합특별시 서구 동천로 11
31306340,매입임대,1,1,1,1,일치,전남광주통합특별시 서구 동천로 11
31306341,매입임대,1,1,1,1,일치,전남광주통합특별시 서구 동천로 11
31306342,매입임대,1,1,1,1,일치,전남광주통합특별시 서구 동천로 11
31306343,매입임대,1,1,1,1,일치,전남광주통합특별시 서구 동천로 11
31306344,매입임대,1,1,1,1,일치,전남광주통합특별시 남구 독립로80번길 7
31306345,매입임대,1,1,1,1,일치,전남광주통합특별시 남구 노대실로 89
31306349,매입임대,1,1,1,1,일치,전남광주통합특별시 서구 내방로 337
31306350,매입임대,1,1,1,1,일치,전남광주통합특별시 남구 노대실로 89
31306351,매입임대,1,1,1,1,일치,전남광주통합특별시 남구 노대실로 89
31306352,매입임대,1,1,1,1,일치,전남광주통합특별시 남구 효우2로 45
31306354,매입임대,1,1,1,1,일치,전남광주통합특별시 서구 동천로 11
31306355,매입임대,1,1,1,1,일치,전남광주통합특별시 서구 내방로 337
31306356,매입임대,1,1,1,1,일치,전남광주통합특별시 남구 원효천1길 5
31306357,매입임대,1,1,1,1,일치,전남광주통합특별시 남구 독립로80번길 7
31306358,매입임대,1,1,1,1,일치,전남광주통합특별시 남구 효우2로 21
31316868,행복주택,4,1,30,30,일치,전남광주통합특별시 남구 구성로8번길 5-6
31326587,매입임대,12,1,14,14,일치,전남광주통합특별시 광산구 송도로226번길 41
31326591,매입임대,7,1,36,36,일치,전남광주통합특별시 북구 안산로 65
31326597,매입임대,12,1,18,18,일치,전남광주통합특별시 남구 입하2안길 32
31326598,매입임대,5,1,8,8,일치,전남광주통합특별시 남구 금당로124번길 3
31326599,매입임대,5,1,24,24,일치,전남광주통합특별시 북구 상촌로31번길 12-1
31326600,매입임대,5,1,12,12,일치,전남광주통합특별시 북구 오문로38번길 18
31326601,매입임대,8,1,15,15,일치,전남광주통합특별시 북구 우치로303번길 8
31326608,매입임대,9,1,12,12,일치,전남광주통합특별시 북구 비엔날레로3번길 10
31328345,매입임대,2,1,6,6,일치,전남광주통합특별시 동구 계림로30번길 15
31328346,매입임대,1,1,2,2,일치,전남광주통합특별시 남구 효우2로 45
31328347,매입임대,1,1,1,1,일치,전남광주통합특별시 남구 원효천1길 5
31328348,매입임대,2,1,2,2,일치,전남광주통합특별시 북구 천변우로 11
31328349,매입임대,1,1,1,1,일치,전남광주통합특별시 북구 서강로54번길 32
31328350,매입임대,2,1,2,2,일치,전남광주통합특별시 광산구 장덕로6번길 35
31328351,매입임대,1,1,1,1,일치,전남광주통합특별시 광산구 목련로 15
31328354,매입임대,1,1,2,2,일치,전남광주통합특별시 동구 남문로 307
31328355,매입임대,3,1,4,4,일치,전남광주통합특별시 남구 독립로80번길 7
31328356,매입임대,1,1,1,1,일치,전남광주통합특별시 남구 독립로80번길 7
31328357,매입임대,3,1,6,6,일치,전남광주통합특별시 남구 효우2로 89
31328358,매입임대,1,1,1,1,일치,전남광주통합특별시 남구 원효천1길 5
31328359,매입임대,3,1,4,4,일치,전남광주통합특별시 북구 양일1로 52
31328360,매입임대,1,1,2,2,일치,전남광주통합특별시 광산구 장덕로5번길 16
31328361,매입임대,2,1,2,2,일치,전남광주통합특별시 광산구 목련로 15
31328362,매입임대,2,1,2,2,일치,전남광주통합특별시 광산구 선운로 55
31328364,매입임대,1,1,4,4,일치,전남광주통합특별시 서구 동천로 11
31328365,매입임대,1,1,1,1,일치,전남광주통합특별시 남구 노대실로 33
31328366,매입임대,1,1,1,1,일치,전남광주통합특별시 북구 용두마을길 13
31328367,매입임대,3,1,4,4,일치,전남광주통합특별시 북구 천변우로 11
31328368,매입임대,1,1,3,3,일치,전남광주통합특별시 북구 대자로 55
31328372,매입임대,5,1,6,6,일치,전남광주통합특별시 북구 설죽로148번길 10
31328373,매입임대,2,1,2,2,일치,전남광주통합특별시 북구 각화대로69번길 16
31328374,매입임대,1,1,1,1,일치,전남광주통합특별시 북구 서강로54번길 32
31328375,매입임대,5,1,7,7,일치,전남광주통합특별시 광산구 선운로 33
31328376,매입임대,3,1,5,5,일치,전남광주통합특별시 광산구 소촌로 100
31328377,매입임대,1,1,1,1,일치,전남광주통합특별시 광산구 선운로 33
31328378,매입임대,1,1,1,1,일치,전남광주통합특별시 광산구 목련로 15
31328383,매입임대,1,1,1,1,일치,전남광주통합특별시 서구 동천로 11
31328384,매입임대,4,1,6,6,일치,전남광주통합특별시 남구 봉선로84번길 16
31328385,매입임대,2,1,3,3,일치,전남광주통합특별시 남구 화산로 115
31328386,매입임대,1,1,1,1,일치,전남광주통합특별시 남구 효우2로 21
31328387,매입임대,1,1,3,3,일치,전남광주통합특별시 남구 효우2로 45
31328388,매입임대,2,1,3,3,일치,전남광주통합특별시 남구 효우2로 45
31328389,매입임대,1,1,2,2,일치,전남광주통합특별시 남구 원효천1길 5
31328390,매입임대,1,1,1,1,일치,전남광주통합특별시 북구 태봉로 37
31328391,매입임대,1,1,1,1,일치,전남광주통합특별시 광산구 산월로 64
31328392,매입임대,1,1,1,1,일치,전남광주통합특별시 광산구 목련로 15
31328393,매입임대,1,1,1,1,일치,전남광주통합특별시 광산구 목련로 15
31328397,매입임대,1,1,4,4,일치,전남광주통합특별시 서구 동천로 11
31328398,매입임대,1,1,2,2,일치,전남광주통합특별시 서구 동천로18번길 19
31328399,매입임대,1,1,2,2,일치,전남광주통합특별시 서구 내방로 337
31328400,매입임대,2,1,6,6,일치,전남광주통합특별시 남구 제중로 111
31328401,매입임대,1,1,2,2,일치,전남광주통합특별시 남구 효우2로 89
31328402,매입임대,1,1,1,1,일치,전남광주통합특별시 남구 화산로 115
31328403,매입임대,1,1,2,2,일치,전남광주통합특별시 북구 대자로 55
31328404,매입임대,1,1,1,1,일치,전남광주통합특별시 광산구 선운로 55
31328405,매입임대,1,1,1,1,일치,전남광주통합특별시 동구 무등로 374
31328406,매입임대,1,1,1,1,일치,전남광주통합특별시 동구 남문로 307
31328407,매입임대,1,1,3,3,일치,전남광주통합특별시 서구 동천로18번길 19
31328408,매입임대,1,1,3,3,일치,전남광주통합특별시 서구 동천로18번길 19
31328409,매입임대,1,1,1,1,일치,전남광주통합특별시 남구 노대실로 89
31328410,매입임대,1,1,1,1,일치,전남광주통합특별시 광산구 목련로 15
31328411,매입임대,2,1,2,2,일치,전남광주통합특별시 광산구 선운중앙로 43
31328413,매입임대,3,1,4,4,일치,전남광주통합특별시 동구 계림로30번길 15
31328414,매입임대,1,1,1,1,일치,전남광주통합특별시 남구 효우2로 21
31328415,매입임대,1,1,1,1,일치,전남광주통합특별시 남구 노대실로 89
31328416,매입임대,2,1,3,3,일치,전남광주통합특별시 광산구 선운로20번길 47
31328417,매입임대,1,1,3,3,일치,전남광주통합특별시 광산구 장덕로5번길 16
31328418,매입임대,1,1,1,1,일치,전남광주통합특별시 광산구 선운로 55
31328419,매입임대,2,1,6,6,일치,전남광주통합특별시 광산구 선운로 55
31338562,영구임대,1,1,6,6,일치,전남광주통합특별시 광산구 월곡산정로 12
31338563,영구임대,1,1,7,7,일치,전남광주통합특별시 북구 군왕로207번길 20
31342168,매입임대,1,1,1,1,일치,전남광주통합특별시 동구 남문로 307
31342169,매입임대,1,1,1,1,일치,전남광주통합특별시 남구 효우2로 21
31342170,매입임대,1,1,1,1,일치,전남광주통합특별시 남구 효우2로 21
31342171,매입임대,1,1,1,1,일치,전남광주통합특별시 남구 노대실로 33
31342172,매입임대,1,1,2,2,일치,전남광주통합특별시 북구 서강로 38
31342173,매입임대,2,1,9,9,일치,전남광주통합특별시 광산구 장신로 306
31342174,매입임대,1,1,1,1,일치,전남광주통합특별시 광산구 신창로71번길 16
31342175,매입임대,1,1,1,1,일치,전남광주통합특별시 광산구 신창로35번길 80
31342182,매입임대,1,1,2,2,일치,전남광주통합특별시 서구 동천로 11
31342183,매입임대,1,1,1,1,일치,전남광주통합특별시 남구 노대실로 33
31342184,매입임대,2,1,2,2,일치,전남광주통합특별시 북구 서강로 38
31342185,매입임대,1,1,1,1,일치,전남광주통합특별시 광산구 신창로35번길 20
31342186,매입임대,1,1,1,1,일치,전남광주통합특별시 광산구 목련로 41
31342187,매입임대,1,1,1,1,일치,전남광주통합특별시 광산구 신창로71번길 33
31342191,매입임대,1,1,1,1,일치,전남광주통합특별시 광산구 목련로 41
31342194,매입임대,1,1,4,4,일치,전남광주통합특별시 서구 동천로 11
31342195,매입임대,1,1,3,3,일치,전남광주통합특별시 남구 효우2로 89
31342196,매입임대,1,1,1,1,일치,전남광주통합특별시 남구 노대실로 33
31342199,매입임대,1,1,1,1,일치,전남광주통합특별시 서구 동천로 11
31342200,매입임대,1,1,1,1,일치,전남광주통합특별시 서구 동천로18번길 19
31342201,매입임대,1,1,3,3,일치,전남광주통합특별시 광산구 목련로 41
31342205,매입임대,1,1,1,1,일치,전남광주통합특별시 동구 남문로 307
31342206,매입임대,1,1,1,1,일치,전남광주통합특별시 서구 동천로18번길 19
31342208,매입임대,1,1,2,2,일치,전남광주통합특별시 동구 남문로 307
31342209,매입임대,2,1,4,4,일치,전남광주통합특별시 서구 동천로18번길 19
31342210,매입임대,1,1,1,1,일치,전남광주통합특별시 남구 효우2로 45
31342211,매입임대,1,1,1,1,일치,전남광주통합특별시 광산구 신창로71번길 33
31342212,매입임대,1,1,3,3,일치,전남광주통합특별시 광산구 신창로161번길 34
31349025,매입임대,3,1,9,9,일치,전남광주통합특별시 북구 안산로 20-8
31349026,매입임대,10,1,20,20,일치,전남광주통합특별시 광산구 금봉로64번길 6
31349030,매입임대,4,1,9,9,일치,전남광주통합특별시 북구 부남길 6
31349035,매입임대,2,1,9,9,일치,전남광주통합특별시 남구 군분로77번길 35-8
31349036,매입임대,2,1,6,6,일치,전남광주통합특별시 서구 군분로200번길 6-1
31349037,매입임대,7,1,28,28,일치,전남광주통합특별시 서구 화정로39번길 8-15
31349038,매입임대,4,1,8,8,일치,전남광주통합특별시 북구 군왕로105번길 49
31349039,매입임대,3,1,28,28,일치,전남광주통합특별시 광산구 평동로1120번길 70-6
31349043,매입임대,27,1,103,103,일치,전남광주통합특별시 북구 초당로7번길 8
31349049,매입임대,11,1,26,26,일치,전남광주통합특별시 남구 백운로75번나길 3
31350930,매입임대,2,1,28,28,일치,전남광주통합특별시 광산구 송도로212번길 15
31350931,매입임대,3,1,18,18,일치,전남광주통합특별시 광산구 송도로212번길 15
31371456,매입임대,1,1,1,1,일치,전남광주통합특별시 남구 효우2로 89
31371457,매입임대,1,1,1,1,일치,전남광주통합특별시 남구 효우2로 21
31371458,매입임대,1,1,1,1,일치,전남광주통합특별시 광산구 목련로 15
31371460,매입임대,1,1,3,3,일치,전남광주통합특별시 서구 동천로18번길 19
31371461,매입임대,1,1,1,1,일치,전남광주통합특별시 서구 동천로18번길 19
31371462,매입임대,2,1,17,17,일치,전남광주통합특별시 서구 내방로 337
31371465,매입임대,1,1,1,1,일치,전남광주통합특별시 동구 남문로 307
31371466,매입임대,1,1,1,1,일치,전남광주통합특별시 서구 시청로 92
31371468,매입임대,1,1,1,1,일치,전남광주통합특별시 북구 첨단연신로 166
31371469,매입임대,3,1,3,3,일치,전남광주통합특별시 광산구 무진대로 278-11
31371470,매입임대,1,1,1,1,일치,전남광주통합특별시 광산구 소촌로 100
31371471,매입임대,1,1,2,2,일치,전남광주통합특별시 광산구 목련로 15
31371472,매입임대,1,1,1,1,일치,전남광주통합특별시 서구 동천로18번길 19
31371473,매입임대,1,1,1,1,일치,전남광주통합특별시 남구 효우2로 21
31371474,매입임대,1,1,2,2,일치,전남광주통합특별시 북구 군왕로 311
31371475,매입임대,1,1,1,1,일치,전남광주통합특별시 광산구 선운중앙로 45
31371476,매입임대,2,1,2,2,일치,전남광주통합특별시 광산구 목련로 41
31371478,매입임대,1,1,1,1,일치,전남광주통합특별시 동구 남문로 307
31371479,매입임대,1,1,1,1,일치,전남광주통합특별시 남구 노대실로 33
31371480,매입임대,1,1,1,1,일치,전남광주통합특별시 남구 노대실로 33
31371481,매입임대,2,1,3,3,일치,전남광주통합특별시 광산구 무진대로 278-11
31371482,매입임대,1,1,1,1,일치,전남광주통합특별시 광산구 목련로 41
31371483,매입임대,1,1,1,1,일치,전남광주통합특별시 광산구 목련로 15
31371485,매입임대,1,1,1,1,일치,전남광주통합특별시 남구 효우2로 45
31371486,매입임대,1,1,1,1,일치,전남광주통합특별시 남구 노대실로 89
31371487,매입임대,3,1,3,3,일치,전남광주통합특별시 북구 서강로 38
31371488,매입임대,1,1,1,1,일치,전남광주통합특별시 광산구 목련로 41
31371489,매입임대,1,1,1,1,일치,전남광주통합특별시 광산구 신창로161번길 34
31371493,매입임대,1,1,1,1,일치,전남광주통합특별시 서구 동천로 11
31371494,매입임대,1,1,1,1,일치,전남광주통합특별시 남구 노대실로 33
31371495,매입임대,1,1,1,1,일치,전남광주통합특별시 광산구 소촌로 100
31371496,매입임대,1,1,1,1,일치,전남광주통합특별시 광산구 신창로161번길 34
31371497,매입임대,1,1,3,3,일치,전남광주통합특별시 광산구 신창로161번길 34
31371500,매입임대,1,1,1,1,일치,전남광주통합특별시 서구 시청로 92
31371501,매입임대,1,1,1,1,일치,전남광주통합특별시 남구 효우2로 45
31371502,매입임대,2,1,2,2,일치,전남광주통합특별시 남구 노대실로 33
31371503,매입임대,3,1,5,5,일치,전남광주통합특별시 북구 서강로 38
31371504,매입임대,1,1,1,1,일치,전남광주통합특별시 북구 서강로54번길 32
31374074,매입임대,3,1,9,9,일치,전남광주통합특별시 서구 월드컵4강로42번길 39-11
31374078,매입임대,4,1,15,15,일치,전남광주통합특별시 북구 면앙로209번길 20
31374085,매입임대,3,1,12,12,일치,전남광주통합특별시 북구 삼정로66번길 85
31374090,매입임대,3,1,9,9,일치,전남광주통합특별시 서구 월드컵4강로28번길 3-16
31374762,행복주택,4,1,50,50,일치,전남광주통합특별시 광산구 송정로52번길 86
31375319,행복주택,4,1,60,60,일치,전남광주통합특별시 서구 월산로 242
31377792,매입임대,11,1,57,57,일치,전남광주통합특별시 광산구 내상로33번길 40
31377793,매입임대,1,1,1,1,일치,전남광주통합특별시 서구 양동로17번길 18
31377794,매입임대,9,1,11,11,일치,전남광주통합특별시 남구 금화로 450
31377796,매입임대,4,1,6,6,일치,전남광주통합특별시 남구 금화로456번길 21-2
31378475,매입임대,3,1,44,44,일치,전남광주통합특별시 북구 고운로 25
31378478,매입임대,15,1,22,22,일치,전남광주통합특별시 광산구 우산로73번길 11
31378780,매입임대,4,1,12,12,일치,전남광주통합특별시 서구 상무대로1177번길 20
31379007,매입임대,5,1,10,10,일치,전남광주통합특별시 북구 평교로29번길 7-6
31379008,매입임대,3,1,8,8,일치,전남광주통합특별시 북구 평교로18번길 6-2
31381028,매입임대,1,1,1,1,일치,전남광주통합특별시 서구 동천로18번길 19
31381029,매입임대,1,1,1,1,일치,전남광주통합특별시 서구 동천로18번길 19
31381030,매입임대,1,1,1,1,일치,전남광주통합특별시 남구 진제길 28
31381031,매입임대,1,1,1,1,일치,전남광주통합특별시 광산구 목련로 41
31381032,매입임대,1,1,1,1,일치,전남광주통합특별시 광산구 신창로161번길 34
31381035,매입임대,1,1,1,1,일치,전남광주통합특별시 서구 동천로18번길 19
31381036,매입임대,2,1,2,2,일치,전남광주통합특별시 서구 동천로18번길 19
31381037,매입임대,1,1,1,1,일치,전남광주통합특별시 남구 노대실로 33
31381038,매입임대,1,1,1,1,일치,전남광주통합특별시 광산구 신창로161번길 34
31381040,매입임대,1,1,1,1,일치,전남광주통합특별시 남구 노대실로 33
31381041,매입임대,1,1,1,1,일치,전남광주통합특별시 북구 설죽로148번길 10
31381042,매입임대,1,1,1,1,일치,전남광주통합특별시 광산구 목련로 41
31381044,매입임대,1,1,1,1,일치,전남광주통합특별시 남구 노대실로 33
31381045,매입임대,1,1,1,1,일치,전남광주통합특별시 광산구 목련로 15
31381046,매입임대,1,1,1,1,일치,전남광주통합특별시 광산구 신창로161번길 34
31381048,매입임대,1,1,1,1,일치,전남광주통합특별시 남구 노대실로 89
31381049,매입임대,1,1,1,1,일치,전남광주통합특별시 남구 노대실로 89
31381050,매입임대,1,1,1,1,일치,전남광주통합특별시 광산구 신창로161번길 34
31381051,매입임대,1,1,1,1,일치,전남광주통합특별시 서구 동천로18번길 19
31381052,매입임대,1,1,1,1,일치,전남광주통합특별시 광산구 목련로 41
31384401,영구임대,7,1,288,288,일치,전남광주통합특별시 남구 서문대로809번길 22
31384402,행복주택,14,1,700,700,일치,전남광주통합특별시 북구 서암대로 268
31384403,영구임대,6,1,498,498,일치,전남광주통합특별시 서구 월산로 164-3
31384862,영구임대,4,1,414,414,일치,전남광주통합특별시 광산구 용아로379번길 25-2
31390248,매입임대,1,1,1,1,일치,전남광주통합특별시 남구 원효천1길 5
31390249,매입임대,1,1,1,1,일치,전남광주통합특별시 남구 효우2로 89
31390250,매입임대,1,1,1,1,일치,전남광주통합특별시 남구 독립로80번길 7
31390251,매입임대,1,1,1,1,일치,전남광주통합특별시 광산구 목련로 15
31390252,매입임대,1,1,1,1,일치,전남광주통합특별시 남구 독립로80번길 7
31390253,매입임대,1,1,1,1,일치,전남광주통합특별시 광산구 소촌로 100
31402217,매입임대,12,1,48,48,일치,전남광주통합특별시 동구 동계천로 80
31411808,매입임대,4,1,42,42,일치,전남광주통합특별시 남구 대남대로85번길 5
31411836,매입임대,2,1,14,14,일치,전남광주통합특별시 북구 동운로 212
31412843,매입임대,2,1,8,8,일치,전남광주통합특별시 광산구 사암로130번길 35
31412854,매입임대,6,1,12,12,일치,전남광주통합특별시 북구 중흥로173번길 7-5
31412857,매입임대,1,1,12,12,일치,전남광주통합특별시 광산구 목련로382번길 94-11
31413447,매입임대,12,1,28,28,일치,전남광주통합특별시 광산구 내상로33번길 42
31414642,매입임대,15,1,40,40,일치,전남광주통합특별시 북구 고운로13번길 14-2
31446654,매입임대,2,1,16,16,일치,전남광주통합특별시 광산구 사암로92번길 99-33
31452300,매입임대,6,1,24,24,일치,전남광주통합특별시 남구 백운로34번길 5-8
31457276,매입임대,2,1,44,44,일치,전남광주통합특별시 북구 중흥로40번길 17
31469906,매입임대,4,1,12,12,일치,전남광주통합특별시 북구 저불로73번길 37
31471659,매입임대,3,1,16,16,일치,전남광주통합특별시 남구 봉주길 39
31471660,매입임대,2,1,28,28,일치,전남광주통합특별시 북구 비엔날레로 154-3
31474443,매입임대,4,1,15,15,일치,전남광주통합특별시 광산구 하남마항로29번길 39
31474445,매입임대,6,1,19,19,일치,전남광주통합특별시 서구 화정로39번길 14
31482733,매입임대,3,1,47,47,일치,전남광주통합특별시 북구 반룡로5번길 45
31485263,국민임대,3,1,447,447,일치,전남광주통합특별시 광산구 선암로 19
31485263,영구임대,1,1,159,159,일치,전남광주통합특별시 광산구 선암로 19
31488421,매입임대,5,1,20,20,일치,전남광주통합특별시 동구 의재로88번길 9-7
31489479,매입임대,3,1,12,12,일치,전남광주통합특별시 광산구 도산로38번길 15
31495771,매입임대,2,1,2,2,일치,전남광주통합특별시 북구 본촌택지로 37
31495772,매입임대,1,1,1,1,일치,전남광주통합특별시 북구 상촌로31번길 12-10
31495773,매입임대,1,1,2,2,일치,전남광주통합특별시 북구 상촌로43번길 51
31495774,매입임대,2,1,2,2,일치,전남광주통합특별시 북구 상촌로43번길 55
31495775,매입임대,1,1,2,2,일치,전남광주통합특별시 북구 상촌로43번길 14
31495776,매입임대,1,1,2,2,일치,전남광주통합특별시 북구 서양로49번길 39
31495777,매입임대,2,1,2,2,일치,전남광주통합특별시 북구 연양로105번길 40-8
31495778,매입임대,1,1,6,6,일치,전남광주통합특별시 북구 연양로117번길 2
31495779,매입임대,2,1,2,2,일치,전남광주통합특별시 북구 오문로38번길 7-12
31495780,매입임대,4,1,5,5,일치,전남광주통합특별시 북구 유림로160번길 22
31495785,매입임대,2,1,2,2,일치,전남광주통합특별시 서구 금호운천길 13
31495786,매입임대,3,1,3,3,일치,전남광주통합특별시 북구 용두택지로 56
31495787,매입임대,1,1,1,1,일치,전남광주통합특별시 북구 동문대로134번길 58
31495788,매입임대,2,1,2,2,일치,전남광주통합특별시 북구 양산택지로34번길 11
31495789,매입임대,3,1,5,5,일치,전남광주통합특별시 북구 양산택지로51번길 6-17
31495792,매입임대,1,1,1,1,일치,전남광주통합특별시 북구 오산정길19번길 4
31495794,매입임대,1,1,1,1,일치,전남광주통합특별시 북구 무등로 282-9
31495795,매입임대,3,1,5,5,일치,전남광주통합특별시 북구 양산로 57-6
31495796,매입임대,2,1,2,2,일치,전남광주통합특별시 북구 양산택지로37번길 14-1
31495797,매입임대,2,1,3,3,일치,전남광주통합특별시 북구 하서로466번길 36
31495798,매입임대,1,1,1,1,일치,전남광주통합특별시 서구 화운로193번길 22
31495799,매입임대,1,1,1,1,일치,전남광주통합특별시 북구 동문대로134번길 60
31495800,매입임대,1,1,3,3,일치,전남광주통합특별시 북구 삼정로87번길 65-17
31495801,매입임대,1,1,4,4,일치,전남광주통합특별시 북구 양산택지로37번길 106
31495802,매입임대,2,1,2,2,일치,전남광주통합특별시 북구 연양로117번길 3-2
31495803,매입임대,2,1,2,2,일치,전남광주통합특별시 북구 자라봉로63번길 15-4
31495804,매입임대,1,1,3,3,일치,전남광주통합특별시 북구 천지인로115번길 15
31495812,매입임대,2,1,6,6,일치,전남광주통합특별시 북구 상촌로43번길 11-8
31495816,매입임대,1,1,1,1,일치,전남광주통합특별시 북구 양산택지로 102
31495817,매입임대,2,1,2,2,일치,전남광주통합특별시 북구 참판로 215
31495818,매입임대,2,1,2,2,일치,전남광주통합특별시 북구 상촌로43번길 11-7
31495825,매입임대,3,1,5,5,일치,전남광주통합특별시 북구 본촌택지로30번길 2
31495826,매입임대,1,1,1,1,일치,전남광주통합특별시 북구 서방로181번길 36
31495827,매입임대,1,1,1,1,일치,전남광주통합특별시 북구 양산택지로34번길 15
31495828,매입임대,1,1,1,1,일치,전남광주통합특별시 북구 양산택지로37번길 8
31495829,매입임대,1,1,2,2,일치,전남광주통합특별시 북구 하서로466번길 60
31497088,매입임대,3,1,18,18,일치,전남광주통합특별시 북구 문화소통로 238-2
31497090,매입임대,3,1,10,10,일치,전남광주통합특별시 북구 서하로355번길 39
31497091,매입임대,3,1,10,10,일치,전남광주통합특별시 북구 송월로20번길 19-9
31497959,매입임대,3,1,38,38,일치,전남광주통합특별시 광산구 신창로48번길 56
31499841,매입임대,4,1,32,32,일치,전남광주통합특별시 북구 오산정길 16
31499842,매입임대,2,1,29,29,일치,전남광주통합특별시 북구 설죽로315번길 25
31501249,매입임대,1,1,7,7,일치,전남광주통합특별시 광산구 산정공원로28번길 7-2
31503800,매입임대,2,1,9,9,일치,전남광주통합특별시 북구 신촌로23번길 39
31508844,매입임대,1,1,24,24,일치,전남광주통합특별시 동구 천변우로 361-15
31520203,매입임대,1,1,36,36,일치,전남광주통합특별시 동구 문화전당로23번길 26
31520262,매입임대,1,1,10,10,일치,전남광주통합특별시 남구 대남대로 219
31521280,매입임대,2,1,36,36,일치,전남광주통합특별시 광산구 목련로219번길 76
31522991,매입임대,4,1,27,27,일치,전남광주통합특별시 동구 의재로88번길 9-2
31670112,행복주택,3,1,147,147,일치,전남광주통합특별시 광산구 선운중앙로 89
31670114,행복주택,4,1,336,336,일치,전남광주통합특별시 광산구 선암1로 43
31692701,매입임대,2,1,16,16,일치,전남광주통합특별시 광산구 도산로12번길 17-55
31692702,매입임대,3,1,22,22,일치,전남광주통합특별시 광산구 신가삼효로 25-1
31711093,매입임대,4,1,39,39,일치,전남광주통합특별시 남구 금화로376번길 8
31731588,매입임대,1,1,1,1,일치,전남광주통합특별시 광산구 임방울대로825번길 19
31731589,매입임대,1,1,1,1,일치,전남광주통합특별시 광산구 사암로171번길 90-4
31731590,매입임대,1,1,2,2,일치,전남광주통합특별시 광산구 임방울대로826번길 60-5
31740346,매입임대,1,1,1,1,일치,전남광주통합특별시 광산구 임방울대로825번길 19
31742620,매입임대,1,1,1,1,일치,전남광주통합특별시 광산구 임방울대로826번길 60-5
31758070,매입임대,1,1,1,1,일치,전남광주통합특별시 광산구 첨단중앙로152번길 6-13
31760098,매입임대,6,1,20,20,일치,전남광주통합특별시 북구 우치로238번길 18
31771601,매입임대,1,1,1,1,일치,전남광주통합특별시 북구 서양로 20
31771602,매입임대,1,1,1,1,일치,전남광주통합특별시 광산구 첨단중앙로170번길 87
31771603,매입임대,1,1,1,1,일치,전남광주통합특별시 동구 중앙로 248
31779477,매입임대,1,1,1,1,일치,전남광주통합특별시 광산구 첨단중앙로152번길 17-12
31779478,매입임대,1,1,1,1,일치,전남광주통합특별시 광산구 첨단중앙로170번길 87
31779479,매입임대,1,1,1,1,일치,전남광주통합특별시 북구 용봉택지로 16
31779481,매입임대,1,1,1,1,일치,전남광주통합특별시 광산구 첨단중앙로152번길 17-6
31779482,매입임대,2,1,3,3,일치,전남광주통합특별시 광산구 사암로171번길 90-4
31784130,매입임대,1,1,1,1,일치,전남광주통합특별시 광산구 첨단중앙로152번길 6-13
31788890,매입임대,1,1,1,1,일치,전남광주통합특별시 광산구 임방울대로826번길 60-5
31788891,매입임대,1,1,1,1,일치,전남광주통합특별시 광산구 첨단중앙로182번길 50
31788893,매입임대,1,1,2,2,일치,전남광주통합특별시 광산구 첨단중앙로170번길 87
31788895,매입임대,2,1,2,2,일치,전남광주통합특별시 광산구 사암로171번길 90-4
31788897,매입임대,1,1,1,1,일치,전남광주통합특별시 북구 용봉택지로 16
31791305,매입임대,1,1,1,1,일치,전남광주통합특별시 광산구 첨단중앙로182번길 50
31791566,매입임대,1,1,1,1,일치,전남광주통합특별시 광산구 첨단중앙로106번길 65-11
31791567,매입임대,1,1,1,1,일치,전남광주통합특별시 광산구 월계로 223-20
31796617,매입임대,2,1,18,18,일치,전남광주통합특별시 광산구 하남울로 51
31798983,매입임대,1,1,1,1,일치,전남광주통합특별시 광산구 첨단중앙로182번길 50
31800066,매입임대,1,1,1,1,일치,전남광주통합특별시 남구 경열로76번길 33-5
31800067,매입임대,2,1,2,2,일치,전남광주통합특별시 광산구 임방울대로826번길 60-5
31800072,매입임대,1,1,1,1,일치,전남광주통합특별시 광산구 첨단중앙로170번길 87
31804859,매입임대,1,1,1,1,일치,전남광주통합특별시 광산구 임방울대로825번길 19
31804860,매입임대,1,1,1,1,일치,전남광주통합특별시 광산구 첨단중앙로170번길 87
31804861,매입임대,1,1,1,1,일치,전남광주통합특별시 광산구 첨단중앙로182번길 50
31809556,매입임대,1,1,1,1,일치,전남광주통합특별시 광산구 임방울대로825번길 19
31810070,매입임대,5,1,22,22,일치,전남광주통합특별시 남구 군분로23번길 27
31811917,매입임대,1,1,1,1,일치,전남광주통합특별시 광산구 첨단중앙로170번길 87
31811918,매입임대,1,1,1,1,일치,전남광주통합특별시 서구 상무중앙로 114
31815370,매입임대,1,1,1,1,일치,전남광주통합특별시 광산구 첨단중앙로170번길 87
31815372,매입임대,1,1,1,1,일치,전남광주통합특별시 광산구 첨단중앙로182번길 50
31816245,매입임대,1,1,1,1,일치,전남광주통합특별시 광산구 첨단중앙로106번길 65-11
31816272,매입임대,2,1,2,2,일치,전남광주통합특별시 광산구 임방울대로826번길 60-5
31821891,매입임대,1,1,1,1,일치,전남광주통합특별시 광산구 첨단중앙로152번길 17-12
31821892,매입임대,1,1,1,1,일치,전남광주통합특별시 광산구 첨단중앙로170번길 87
31821898,매입임대,1,1,1,1,일치,전남광주통합특별시 광산구 첨단중앙로170번길 87
31821899,매입임대,1,1,1,1,일치,전남광주통합특별시 광산구 월계로 223-20
31821914,매입임대,1,1,1,1,일치,전남광주통합특별시 광산구 첨단중앙로182번길 50
31824737,매입임대,1,1,1,1,일치,전남광주통합특별시 북구 서암대로 66
31827966,매입임대,1,1,1,1,일치,전남광주통합특별시 서구 내방로 433
31827967,매입임대,1,1,1,1,일치,전남광주통합특별시 광산구 첨단중앙로170번길 87
31827968,매입임대,1,1,1,1,일치,전남광주통합특별시 광산구 첨단중앙로106번길 65-4
31827969,매입임대,1,1,1,1,일치,전남광주통합특별시 광산구 첨단중앙로152번길 17-6
31827970,매입임대,1,1,1,1,일치,전남광주통합특별시 광산구 첨단중앙로170번길 87
31827977,매입임대,1,1,1,1,일치,전남광주통합특별시 광산구 임방울대로825번길 19
31827980,매입임대,1,1,1,1,일치,전남광주통합특별시 광산구 첨단중앙로182번길 50
31829690,매입임대,1,1,1,1,일치,전남광주통합특별시 광산구 첨단중앙로170번길 87
31829691,매입임대,1,1,1,1,일치,전남광주통합특별시 동구 금남로 185
31829904,매입임대,1,1,2,2,일치,전남광주통합특별시 남구 월산로95번길 6
31829906,매입임대,2,1,7,7,일치,전남광주통합특별시 남구 월산로95번길 6
31829907,매입임대,2,1,6,6,일치,전남광주통합특별시 남구 월산로95번길 6
31829908,매입임대,1,1,5,5,일치,전남광주통합특별시 남구 월산로95번길 6
31829909,매입임대,1,1,5,5,일치,전남광주통합특별시 남구 월산로95번길 6
31829911,매입임대,2,1,3,3,일치,전남광주통합특별시 남구 월산로95번길 6
31829912,매입임대,1,1,1,1,일치,전남광주통합특별시 남구 월산로95번길 6
31833108,매입임대,1,1,1,1,일치,전남광주통합특별시 동구 금남로 185
31833109,매입임대,1,1,1,1,일치,전남광주통합특별시 광산구 월계로 223-20
31833135,매입임대,1,1,1,1,일치,전남광주통합특별시 광산구 첨단중앙로152번길 17-12
31833485,매입임대,1,1,1,1,일치,전남광주통합특별시 동구 중앙로 248
31833487,매입임대,1,1,1,1,일치,전남광주통합특별시 광산구 첨단중앙로170번길 87
31837523,매입임대,1,1,1,1,일치,전남광주통합특별시 동구 금남로 185
31838169,매입임대,13,1,31,31,일치,전남광주통합특별시 남구 금화로415번길 27
31839389,매입임대,1,1,1,1,일치,전남광주통합특별시 광산구 첨단중앙로182번길 50
31839390,매입임대,1,1,1,1,일치,전남광주통합특별시 광산구 첨단중앙로170번길 87
31839391,매입임대,2,1,3,3,일치,전남광주통합특별시 광산구 첨단중앙로170번길 87
31839394,매입임대,1,1,1,1,일치,전남광주통합특별시 북구 평교로 45
31839396,매입임대,1,1,1,1,일치,전남광주통합특별시 동구 구성로148번길 10-2
31839397,매입임대,1,1,1,1,일치,전남광주통합특별시 광산구 첨단중앙로106번길 65-11
31842610,매입임대,1,1,1,1,일치,전남광주통합특별시 광산구 월계로 223-17
31842611,매입임대,1,1,1,1,일치,전남광주통합특별시 광산구 첨단중앙로152번길 17-12
31842621,매입임대,1,1,1,1,일치,전남광주통합특별시 동구 금남로 185
31842637,매입임대,1,1,2,2,일치,전남광주통합특별시 광산구 첨단중앙로170번길 87
31842643,매입임대,1,1,1,1,일치,전남광주통합특별시 광산구 첨단중앙로170번길 87
31842869,매입임대,2,1,36,36,일치,전남광주통합특별시 북구 우치로361번길 15
31846371,매입임대,1,1,1,1,일치,전남광주통합특별시 광산구 첨단중앙로170번길 87
31846373,매입임대,1,1,1,1,일치,전남광주통합특별시 광산구 첨단중앙로170번길 87
31846375,매입임대,1,1,1,1,일치,전남광주통합특별시 동구 중앙로 248
31846376,매입임대,1,1,1,1,일치,전남광주통합특별시 서구 운천로162번길 35
31846378,매입임대,1,1,1,1,일치,전남광주통합특별시 광산구 첨단강변로99번길 21
31856411,매입임대,1,1,1,1,일치,전남광주통합특별시 서구 내방로 433
31856412,매입임대,1,1,1,1,일치,전남광주통합특별시 광산구 첨단중앙로170번길 87
31856601,매입임대,1,1,1,1,일치,전남광주통합특별시 광산구 첨단중앙로170번길 87
31858817,매입임대,1,1,2,2,일치,전남광주통합특별시 광산구 월계로 223-20
31859718,매입임대,1,1,1,1,일치,전남광주통합특별시 광산구 사암로171번길 90-4
31859950,매입임대,1,1,1,1,일치,전남광주통합특별시 광산구 임방울대로826번길 60-5
31859957,매입임대,1,1,1,1,일치,전남광주통합특별시 광산구 도산로9번길 35
31859960,매입임대,1,1,1,1,일치,전남광주통합특별시 광산구 임방울대로825번길 19
