aptNm,aptSeq,buildYear,contractTerm,contractType,dealDay,dealMonth,dealYear,deposit,excluUseAr,floor,jibun,monthlyRent,preDeposit,preMonthlyRent,roadnm,roadnmbcd,roadnmbonbun,roadnmbubun,roadnmcd,roadnmseq,roadnmsggcd,sggCd,umdNm,useRRRight,gu_name,lawd_cd,housing_type,transaction_type,query_ym,source_api,offiNm,sggNm,houseType,totalFloorAr,mhouseNm,주소키,위도,경도,검색주소,카카오매칭주소,공식자치구,공식행정동,행정동코드,매핑상태,프로젝트자치구,프로젝트행정동,분석대상여부,공식지역,프로젝트지역
아트리뷰스,29110-339,2016,25.08~27.08,신규,14,7,2025,"9,450",32.3909,3,43,0,,,독립로226번길 17,0,00017,00000,4277059,2,12210,12210,수기동,,동구,12210,아파트,전월세,202507,아파트 전월세,,,,,,동구|수기동|43|독립로226번길 17|00017|00000,35.1511524145655,126.909949291548,광주광역시 동구 수기동 43,전남광주통합특별시 동구 독립로226번길 17,동구,충장동,1221052500,성공,동구,충장동,True,동구 충장동,동구 충장동
무등산골드클래스,29110-355,2018,25.07~26.07,신규,14,7,2025,"7,004",39.9979,14,1103,15,,,학소로 109,0,00109,00000,3159017,0,12210,12210,소태동,,동구,12210,아파트,전월세,202507,아파트 전월세,,,,,,동구|소태동|1103|학소로 109|00109|00000,35.129424133719,126.931361516544,광주광역시 동구 소태동 1103,전남광주통합특별시 동구 학소로 109,동구,지원1동,1221073000,성공,동구,지원1동,True,동구 지원1동,동구 지원1동
아트리뷰스,29110-339,2016,25.08~27.08,신규,14,7,2025,"9,450",32.3909,3,43,0,,,독립로226번길 17,0,00017,00000,4277059,2,12210,12210,수기동,,동구,12210,아파트,전월세,202507,아파트 전월세,,,,,,동구|수기동|43|독립로226번길 17|00017|00000,35.1511524145655,126.909949291548,광주광역시 동구 수기동 43,전남광주통합특별시 동구 독립로226번길 17,동구,충장동,1221052500,성공,동구,충장동,True,동구 충장동,동구 충장동
무등산골드클래스,29110-355,2018,25.07~26.07,신규,14,7,2025,"7,004",39.9979,14,1103,15,,,학소로 109,0,00109,00000,3159017,0,12210,12210,소태동,,동구,12210,아파트,전월세,202507,아파트 전월세,,,,,,동구|소태동|1103|학소로 109|00109|00000,35.129424133719,126.931361516544,광주광역시 동구 소태동 1103,전남광주통합특별시 동구 학소로 109,동구,지원1동,1221073000,성공,동구,지원1동,True,동구 지원1동,동구 지원1동
효천엘에이치천년나무7단지,29155-391,2017,25.07~27.08,신규,21,7,2025,"3,050",36.81,7,713,17,,,행암길 9,0,00009,00000,4283689,0,12270,12270,행암동,,남구,12270,아파트,전월세,202507,아파트 전월세,,,,,,남구|행암동|713|행암길 9|00009|00000,35.1026108867821,126.896298377775,광주광역시 남구 행암동 713,전남광주통합특별시 남구 행암길 9,남구,효덕동,1227071000,성공,남구,효덕동,True,남구 효덕동,남구 효덕동
효천엘에이치천년나무7단지,29155-391,2017,25.07~27.08,신규,21,7,2025,"3,050",36.81,7,713,17,,,행암길 9,0,00009,00000,4283689,0,12270,12270,행암동,,남구,12270,아파트,전월세,202507,아파트 전월세,,,,,,남구|행암동|713|행암길 9|00009|00000,35.1026108867821,126.896298377775,광주광역시 남구 행암동 713,전남광주통합특별시 남구 행암길 9,남구,효덕동,1227071000,성공,남구,효덕동,True,남구 효덕동,남구 효덕동
벽산블루밍메가씨티3단지,29170-568,2008,25.09~27.09,신규,2,7,2025,"24,000",58.7079,22,69,0,,,북문대로 53,0,00053,00000,2009002,0,12300,12300,운암동,,북구,12300,아파트,전월세,202507,아파트 전월세,,,,,,북구|운암동|69|북문대로 53|00053|00000,35.1747738144985,126.878951074658,광주광역시 북구 운암동 69,전남광주통합특별시 북구 북문대로 53,북구,운암1동,1230060100,성공,북구,운암1동,True,북구 운암1동,북구 운암1동
벽산블루밍메가씨티3단지,29170-568,2008,25.09~27.09,신규,2,7,2025,"24,000",58.7079,22,69,0,,,북문대로 53,0,00053,00000,2009002,0,12300,12300,운암동,,북구,12300,아파트,전월세,202507,아파트 전월세,,,,,,북구|운암동|69|북문대로 53|00053|00000,35.1747738144985,126.878951074658,광주광역시 북구 운암동 69,전남광주통합특별시 북구 북문대로 53,북구,운암1동,1230060100,성공,북구,운암1동,True,북구 운암1동,북구 운암1동
첨단센트럴파크2차,29200-399,2018,25.07~27.07,신규,16,7,2025,"15,000",41.83,8,676-3,0,,,첨단중앙로170번길 87,0,00087,00000,4289614,1,12330,12330,쌍암동,,광산구,12330,아파트,전월세,202507,아파트 전월세,,,,,,광산구|쌍암동|676-3|첨단중앙로170번길 87|00087|00000,35.2209763822162,126.84687920672,광주광역시 광산구 쌍암동 676-3,전남광주통합특별시 광산구 첨단중앙로170번길 87,광산구,첨단1동,1233062400,성공,광산구,첨단1동,True,광산구 첨단1동,광산구 첨단1동
하남주공(2단지),29200-39,1991,25.08~27.08,신규,5,7,2025,500,44.52,4,1571-1,40,,,월곡산정로 12,0,00012,00000,3163042,1,12330,12330,우산동,,광산구,12330,아파트,전월세,202507,아파트 전월세,,,,,,광산구|우산동|1571-1|월곡산정로 12|00012|00000,35.1651071402315,126.803686058,광주광역시 광산구 우산동 1571-1,전남광주통합특별시 광산구 월곡산정로 12,광산구,우산동,1233058000,성공,광산구,우산동,True,광산구 우산동,광산구 우산동
첨단센트럴파크2차,29200-399,2018,25.07~27.07,신규,16,7,2025,"15,000",41.83,8,676-3,0,,,첨단중앙로170번길 87,0,00087,00000,4289614,1,12330,12330,쌍암동,,광산구,12330,아파트,전월세,202507,아파트 전월세,,,,,,광산구|쌍암동|676-3|첨단중앙로170번길 87|00087|00000,35.2209763822162,126.84687920672,광주광역시 광산구 쌍암동 676-3,전남광주통합특별시 광산구 첨단중앙로170번길 87,광산구,첨단1동,1233062400,성공,광산구,첨단1동,True,광산구 첨단1동,광산구 첨단1동
리버힐,29200-36,1992,25.08~27.08,신규,6,7,2025,500,49.86,5,1602-2,50,,,우산로 47,0,00047,00000,3163037,1,12330,12330,우산동,,광산구,12330,아파트,전월세,202507,아파트 전월세,,,,,,광산구|우산동|1602-2|우산로 47|00047|00000,35.1590141808005,126.806285116368,광주광역시 광산구 우산동 1602-2,전남광주통합특별시 광산구 우산로 47,광산구,우산동,1233058000,성공,광산구,우산동,True,광산구 우산동,광산구 우산동
하남주공(2단지),29200-39,1991,25.08~27.08,신규,5,7,2025,500,44.52,4,1571-1,40,,,월곡산정로 12,0,00012,00000,3163042,1,12330,12330,우산동,,광산구,12330,아파트,전월세,202507,아파트 전월세,,,,,,광산구|우산동|1571-1|월곡산정로 12|00012|00000,35.1651071402315,126.803686058,광주광역시 광산구 우산동 1571-1,전남광주통합특별시 광산구 월곡산정로 12,광산구,우산동,1233058000,성공,광산구,우산동,True,광산구 우산동,광산구 우산동
리버힐,29200-36,1992,25.08~27.08,신규,6,7,2025,500,49.86,5,1602-2,50,,,우산로 47,0,00047,00000,3163037,1,12330,12330,우산동,,광산구,12330,아파트,전월세,202507,아파트 전월세,,,,,,광산구|우산동|1602-2|우산로 47|00047|00000,35.1590141808005,126.806285116368,광주광역시 광산구 우산동 1602-2,전남광주통합특별시 광산구 우산로 47,광산구,우산동,1233058000,성공,광산구,우산동,True,광산구 우산동,광산구 우산동
고운하이츠(21-3),29110-297,2009,25.08~27.10,신규,15,8,2025,"12,000",55.976,4,21-3,0,,,천변우로 329-5,0,00329,00005,3009025,1,12210,12210,수기동,,동구,12210,아파트,전월세,202508,아파트 전월세,,,,,,동구|수기동|21-3|천변우로 329-5|00329|00005,35.1510271255151,126.908864378804,광주광역시 동구 수기동 21-3,전남광주통합특별시 동구 천변우로 329-5,동구,충장동,1221052500,성공,동구,충장동,True,동구 충장동,동구 충장동
고운하이츠(21-3),29110-297,2009,25.08~27.10,신규,15,8,2025,"12,000",55.976,4,21-3,0,,,천변우로 329-5,0,00329,00005,3009025,1,12210,12210,수기동,,동구,12210,아파트,전월세,202508,아파트 전월세,,,,,,동구|수기동|21-3|천변우로 329-5|00329|00005,35.1510271255151,126.908864378804,광주광역시 동구 수기동 21-3,전남광주통합특별시 동구 천변우로 329-5,동구,충장동,1221052500,성공,동구,충장동,True,동구 충장동,동구 충장동
금호시영1단지,29140-109,1993,25.10~27.09,신규,22,8,2025,"1,000",49.86,9,741-1,49,,,운천로 41,0,00041,00000,3160035,3,12240,12240,금호동,,서구,12240,아파트,전월세,202508,아파트 전월세,,,,,,서구|금호동|741-1|운천로 41|00041|00000,35.1366226288309,126.85812356795,광주광역시 서구 금호동 741-1,전남광주통합특별시 서구 운천로 41,서구,금호1동,1224082100,성공,서구,금호1동,True,서구 금호1동,서구 금호1동
금호시영1단지,29140-109,1993,25.09~27.09,신규,22,8,2025,"1,000",49.86,13,741-1,42,,,운천로 41,0,00041,00000,3160035,3,12240,12240,금호동,,서구,12240,아파트,전월세,202508,아파트 전월세,,,,,,서구|금호동|741-1|운천로 41|00041|00000,35.1366226288309,126.85812356795,광주광역시 서구 금호동 741-1,전남광주통합특별시 서구 운천로 41,서구,금호1동,1224082100,성공,서구,금호1동,True,서구 금호1동,서구 금호1동
금호시영1단지,29140-109,1993,25.09~27.09,신규,22,8,2025,"1,000",49.86,13,741-1,42,,,운천로 41,0,00041,00000,3160035,3,12240,12240,금호동,,서구,12240,아파트,전월세,202508,아파트 전월세,,,,,,서구|금호동|741-1|운천로 41|00041|00000,35.1366226288309,126.85812356795,광주광역시 서구 금호동 741-1,전남광주통합특별시 서구 운천로 41,서구,금호1동,1224082100,성공,서구,금호1동,True,서구 금호1동,서구 금호1동
금호시영1단지,29140-109,1993,25.10~27.09,신규,22,8,2025,"1,000",49.86,9,741-1,49,,,운천로 41,0,00041,00000,3160035,3,12240,12240,금호동,,서구,12240,아파트,전월세,202508,아파트 전월세,,,,,,서구|금호동|741-1|운천로 41|00041|00000,35.1366226288309,126.85812356795,광주광역시 서구 금호동 741-1,전남광주통합특별시 서구 운천로 41,서구,금호1동,1224082100,성공,서구,금호1동,True,서구 금호1동,서구 금호1동
송화마을휴먼시아(진월3블럭주공),29155-304,2007,25.08~27.09,신규,26,8,2025,"2,698",46.9,2,731,14,,,효우로60번길 10,0,00010,00000,4283741,1,12270,12270,노대동,,남구,12270,아파트,전월세,202508,아파트 전월세,,,,,,남구|노대동|731|효우로60번길 10|00010|00000,35.1097155897455,126.903323235324,광주광역시 남구 노대동 731,전남광주통합특별시 남구 효우로60번길 10,남구,효덕동,1227071000,성공,남구,효덕동,True,남구 효덕동,남구 효덕동
송화마을휴먼시아(진월3블럭주공),29155-304,2007,25.08~27.09,신규,26,8,2025,"2,698",46.9,2,731,14,,,효우로60번길 10,0,00010,00000,4283741,1,12270,12270,노대동,,남구,12270,아파트,전월세,202508,아파트 전월세,,,,,,남구|노대동|731|효우로60번길 10|00010|00000,35.1097155897455,126.903323235324,광주광역시 남구 노대동 731,전남광주통합특별시 남구 효우로60번길 10,남구,효덕동,1227071000,성공,남구,효덕동,True,남구 효덕동,남구 효덕동
아크로시티,29200-360,2016,25.10~27.10,신규,27,8,2025,"9,000",43.8815,7,893-2,0,,,임방울대로826번길 60-3,0,00060,00003,4289555,1,12330,12330,월계동,,광산구,12330,아파트,전월세,202508,아파트 전월세,,,,,,광산구|월계동|893-2|임방울대로826번길 60-3|00060|00003,35.214624599564,126.848263578666,광주광역시 광산구 월계동 893-2,전남광주통합특별시 광산구 임방울대로826번길 60-3,광산구,첨단2동,1233062600,성공,북구,첨단2동,True,광산구 첨단2동,북구 첨단2동
아크로시티,29200-360,2016,25.10~27.10,신규,27,8,2025,"9,000",43.8815,7,893-2,0,,,임방울대로826번길 60-3,0,00060,00003,4289555,1,12330,12330,월계동,,광산구,12330,아파트,전월세,202508,아파트 전월세,,,,,,광산구|월계동|893-2|임방울대로826번길 60-3|00060|00003,35.214624599564,126.848263578666,광주광역시 광산구 월계동 893-2,전남광주통합특별시 광산구 임방울대로826번길 60-3,광산구,첨단2동,1233062600,성공,북구,첨단2동,True,광산구 첨단2동,북구 첨단2동
하남주공(2단지),29200-39,1991,25.09~27.09,신규,30,8,2025,300,44.52,13,1571-1,34,,,월곡산정로 12,0,00012,00000,3163042,1,12330,12330,우산동,,광산구,12330,아파트,전월세,202508,아파트 전월세,,,,,,광산구|우산동|1571-1|월곡산정로 12|00012|00000,35.1651071402315,126.803686058,광주광역시 광산구 우산동 1571-1,전남광주통합특별시 광산구 월곡산정로 12,광산구,우산동,1233058000,성공,광산구,우산동,True,광산구 우산동,광산구 우산동
하남주공(2단지),29200-39,1991,25.08~27.08,신규,6,8,2025,300,44.52,13,1571-1,35,,,월곡산정로 12,0,00012,00000,3163042,1,12330,12330,우산동,,광산구,12330,아파트,전월세,202508,아파트 전월세,,,,,,광산구|우산동|1571-1|월곡산정로 12|00012|00000,35.1651071402315,126.803686058,광주광역시 광산구 우산동 1571-1,전남광주통합특별시 광산구 월곡산정로 12,광산구,우산동,1233058000,성공,광산구,우산동,True,광산구 우산동,광산구 우산동
하남주공(2단지),29200-39,1991,25.09~27.09,신규,30,8,2025,300,44.52,13,1571-1,34,,,월곡산정로 12,0,00012,00000,3163042,1,12330,12330,우산동,,광산구,12330,아파트,전월세,202508,아파트 전월세,,,,,,광산구|우산동|1571-1|월곡산정로 12|00012|00000,35.1651071402315,126.803686058,광주광역시 광산구 우산동 1571-1,전남광주통합특별시 광산구 월곡산정로 12,광산구,우산동,1233058000,성공,광산구,우산동,True,광산구 우산동,광산구 우산동
토담휴로스,29200-305,2013,25.08~26.08,신규,11,8,2025,300,19.9163,8,1576-4,35,,,무진대로231번길 13-5,0,00013,00005,4289119,1,12330,12330,우산동,,광산구,12330,아파트,전월세,202508,아파트 전월세,,,,,,광산구|우산동|1576-4|무진대로231번길 13-5|00013|00005,35.1625981868476,126.805739231192,광주광역시 광산구 우산동 1576-4,전남광주통합특별시 광산구 무진대로231번길 13-5,광산구,우산동,1233058000,성공,광산구,우산동,True,광산구 우산동,광산구 우산동
아크로시티,29200-360,2016,25.10~27.10,신규,27,8,2025,"9,000",43.8815,7,893-2,0,,,임방울대로826번길 60-3,0,00060,00003,4289555,1,12330,12330,월계동,,광산구,12330,아파트,전월세,202508,아파트 전월세,,,,,,광산구|월계동|893-2|임방울대로826번길 60-3|00060|00003,35.214624599564,126.848263578666,광주광역시 광산구 월계동 893-2,전남광주통합특별시 광산구 임방울대로826번길 60-3,광산구,첨단2동,1233062600,성공,북구,첨단2동,True,광산구 첨단2동,북구 첨단2동
하남주공(2단지),29200-39,1991,25.08~27.08,신규,6,8,2025,300,44.52,13,1571-1,35,,,월곡산정로 12,0,00012,00000,3163042,1,12330,12330,우산동,,광산구,12330,아파트,전월세,202508,아파트 전월세,,,,,,광산구|우산동|1571-1|월곡산정로 12|00012|00000,35.1651071402315,126.803686058,광주광역시 광산구 우산동 1571-1,전남광주통합특별시 광산구 월곡산정로 12,광산구,우산동,1233058000,성공,광산구,우산동,True,광산구 우산동,광산구 우산동
토담휴로스,29200-305,2013,25.08~26.08,신규,11,8,2025,300,19.9163,8,1576-4,35,,,무진대로231번길 13-5,0,00013,00005,4289119,1,12330,12330,우산동,,광산구,12330,아파트,전월세,202508,아파트 전월세,,,,,,광산구|우산동|1576-4|무진대로231번길 13-5|00013|00005,35.1625981868476,126.805739231192,광주광역시 광산구 우산동 1576-4,전남광주통합특별시 광산구 무진대로231번길 13-5,광산구,우산동,1233058000,성공,광산구,우산동,True,광산구 우산동,광산구 우산동
에이엠시티5차,29200-307,2013,25.09~26.09,신규,9,8,2025,"3,000",33.1446,5,682-1,20,,,임방울대로825번길 19,0,00019,00000,4289554,1,12330,12330,쌍암동,,광산구,12330,아파트,전월세,202508,아파트 전월세,,,,,,광산구|쌍암동|682-1|임방울대로825번길 19|00019|00000,35.2187157362366,126.847688221979,광주광역시 광산구 쌍암동 682-1,전남광주통합특별시 광산구 임방울대로825번길 19,광산구,첨단1동,1233062400,성공,광산구,첨단1동,True,광산구 첨단1동,광산구 첨단1동
에이엠시티5차,29200-307,2013,25.09~26.09,신규,9,8,2025,"3,000",33.1446,5,682-1,20,,,임방울대로825번길 19,0,00019,00000,4289554,1,12330,12330,쌍암동,,광산구,12330,아파트,전월세,202508,아파트 전월세,,,,,,광산구|쌍암동|682-1|임방울대로825번길 19|00019|00000,35.2187157362366,126.847688221979,광주광역시 광산구 쌍암동 682-1,전남광주통합특별시 광산구 임방울대로825번길 19,광산구,첨단1동,1233062400,성공,광산구,첨단1동,True,광산구 첨단1동,광산구 첨단1동
상무리채2,29140-357,2014,25.10~26.12,신규,27,9,2025,500,22.9649,8,1258-5,43,,,시청로 13,0,00013,00000,3160029,1,12240,12240,치평동,,서구,12240,아파트,전월세,202509,아파트 전월세,,,,,,서구|치평동|1258-5|시청로 13|00013|00000,35.1496032148731,126.851130701034,광주광역시 서구 치평동 1258-5,전남광주통합특별시 서구 시청로 13,서구,치평동,1224074500,성공,서구,치평동,True,서구 치평동,서구 치평동
상무리채2,29140-357,2014,25.10~26.12,신규,27,9,2025,500,22.9649,8,1258-5,43,,,시청로 13,0,00013,00000,3160029,1,12240,12240,치평동,,서구,12240,아파트,전월세,202509,아파트 전월세,,,,,,서구|치평동|1258-5|시청로 13|00013|00000,35.1496032148731,126.851130701034,광주광역시 서구 치평동 1258-5,전남광주통합특별시 서구 시청로 13,서구,치평동,1224074500,성공,서구,치평동,True,서구 치평동,서구 치평동
국제미소래,29200-384,2017,25.12~27.12,신규,29,9,2025,"15,410",59.4918,11,1620,0,,,용아로 175,0,00175,00000,3163035,2,12330,12330,우산동,,광산구,12330,아파트,전월세,202509,아파트 전월세,,,,,,광산구|우산동|1620|용아로 175|00175|00000,35.1580213863043,126.79988362894,광주광역시 광산구 우산동 1620,전남광주통합특별시 광산구 용아로 175,광산구,우산동,1233058000,성공,광산구,우산동,True,광산구 우산동,광산구 우산동
국제미소래,29200-384,2017,25.12~27.12,신규,29,9,2025,"15,410",59.4918,11,1620,0,,,용아로 175,0,00175,00000,3163035,2,12330,12330,우산동,,광산구,12330,아파트,전월세,202509,아파트 전월세,,,,,,광산구|우산동|1620|용아로 175|00175|00000,35.1580213863043,126.79988362894,광주광역시 광산구 우산동 1620,전남광주통합특별시 광산구 용아로 175,광산구,우산동,1233058000,성공,광산구,우산동,True,광산구 우산동,광산구 우산동
에이엠시티5차,29200-307,2013,25.09~26.09,신규,8,9,2025,300,19.1284,4,682-1,38,,,임방울대로825번길 19,0,00019,00000,4289554,1,12330,12330,쌍암동,,광산구,12330,아파트,전월세,202509,아파트 전월세,,,,,,광산구|쌍암동|682-1|임방울대로825번길 19|00019|00000,35.2187157362366,126.847688221979,광주광역시 광산구 쌍암동 682-1,전남광주통합특별시 광산구 임방울대로825번길 19,광산구,첨단1동,1233062400,성공,광산구,첨단1동,True,광산구 첨단1동,광산구 첨단1동
에이엠시티5차,29200-307,2013,25.09~26.09,신규,8,9,2025,300,19.1284,4,682-1,38,,,임방울대로825번길 19,0,00019,00000,4289554,1,12330,12330,쌍암동,,광산구,12330,아파트,전월세,202509,아파트 전월세,,,,,,광산구|쌍암동|682-1|임방울대로825번길 19|00019|00000,35.2187157362366,126.847688221979,광주광역시 광산구 쌍암동 682-1,전남광주통합특별시 광산구 임방울대로825번길 19,광산구,첨단1동,1233062400,성공,광산구,첨단1동,True,광산구 첨단1동,광산구 첨단1동
영무파라드주상복합,29110-366,2019,25.11~27.11,신규,31,10,2025,"7,673",21.3622,5,148-1,0,,,구성로194번길 15-10,,00015,00010,4277031,0,12210,12210,대인동,,동구,12210,아파트,전월세,202510,아파트 전월세,,,,,,동구|대인동|148-1|구성로194번길 15-10|00015|00010,35.1522157841479,126.915762395587,광주광역시 동구 대인동 148-1,전남광주통합특별시 동구 구성로194번길 15-10,동구,충장동,1221052500,성공,동구,충장동,True,동구 충장동,동구 충장동
영무파라드주상복합,29110-366,2019,25.11~27.11,신규,31,10,2025,"7,673",21.3622,5,148-1,0,,,구성로194번길 15-10,,00015,00010,4277031,0,12210,12210,대인동,,동구,12210,아파트,전월세,202510,아파트 전월세,,,,,,동구|대인동|148-1|구성로194번길 15-10|00015|00010,35.1522157841479,126.915762395587,광주광역시 동구 대인동 148-1,전남광주통합특별시 동구 구성로194번길 15-10,동구,충장동,1221052500,성공,동구,충장동,True,동구 충장동,동구 충장동
금호2지구도개공1단지,29140-155,1998,25.12~27.12,신규,18,10,2025,"1,000",49.92,1,770,47,,,금화로115번길 12,0,00012,00000,4280062,1,12240,12240,금호동,,서구,12240,아파트,전월세,202510,아파트 전월세,,,,,,서구|금호동|770|금화로115번길 12|00012|00000,35.133549091566,126.861885001852,광주광역시 서구 금호동 770,전남광주통합특별시 서구 금화로115번길 12,서구,금호1동,1224082100,성공,서구,금호1동,True,서구 금호1동,서구 금호1동
금호2지구도개공1단지,29140-155,1998,25.12~27.12,신규,18,10,2025,"1,000",49.92,1,770,47,,,금화로115번길 12,0,00012,00000,4280062,1,12240,12240,금호동,,서구,12240,아파트,전월세,202510,아파트 전월세,,,,,,서구|금호동|770|금화로115번길 12|00012|00000,35.133549091566,126.861885001852,광주광역시 서구 금호동 770,전남광주통합특별시 서구 금화로115번길 12,서구,금호1동,1224082100,성공,서구,금호1동,True,서구 금호1동,서구 금호1동
동성노블리,29170-641,2013,25.10~26.10,신규,16,10,2025,300,17.3698,4,1348-4,35,,,설죽로251번길 26-7,0,00026,00007,4286428,1,12300,12300,용봉동,,북구,12300,아파트,전월세,202510,아파트 전월세,,,,,,북구|용봉동|1348-4|설죽로251번길 26-7|00026|00007,35.1824915785031,126.896651422819,광주광역시 북구 용봉동 1348-4,전남광주통합특별시 북구 설죽로251번길 26-7,북구,용봉동,1230059000,성공,북구,용봉동,True,북구 용봉동,북구 용봉동
동성노블리,29170-641,2013,25.10~26.10,신규,16,10,2025,300,17.3698,4,1348-4,35,,,설죽로251번길 26-7,0,00026,00007,4286428,1,12300,12300,용봉동,,북구,12300,아파트,전월세,202510,아파트 전월세,,,,,,북구|용봉동|1348-4|설죽로251번길 26-7|00026|00007,35.1824915785031,126.896651422819,광주광역시 북구 용봉동 1348-4,전남광주통합특별시 북구 설죽로251번길 26-7,북구,용봉동,1230059000,성공,북구,용봉동,True,북구 용봉동,북구 용봉동
하남주공(2단지),29200-39,1991,25.11~27.11,신규,15,10,2025,"7,000",44.52,14,1571-1,0,,,월곡산정로 12,0,00012,00000,3163042,1,12330,12330,우산동,,광산구,12330,아파트,전월세,202510,아파트 전월세,,,,,,광산구|우산동|1571-1|월곡산정로 12|00012|00000,35.1651071402315,126.803686058,광주광역시 광산구 우산동 1571-1,전남광주통합특별시 광산구 월곡산정로 12,광산구,우산동,1233058000,성공,광산구,우산동,True,광산구 우산동,광산구 우산동
하남주공(2단지),29200-39,1991,25.11~27.11,신규,15,10,2025,"7,000",44.52,14,1571-1,0,,,월곡산정로 12,0,00012,00000,3163042,1,12330,12330,우산동,,광산구,12330,아파트,전월세,202510,아파트 전월세,,,,,,광산구|우산동|1571-1|월곡산정로 12|00012|00000,35.1651071402315,126.803686058,광주광역시 광산구 우산동 1571-1,전남광주통합특별시 광산구 월곡산정로 12,광산구,우산동,1233058000,성공,광산구,우산동,True,광산구 우산동,광산구 우산동
충장아트원,29110-325,2014,25.11~26.11,신규,5,11,2025,500,18,15,14,35,,,중앙로 179,0,00179,00000,3162073,9,12210,12210,충장로4가,,동구,12210,아파트,전월세,202511,아파트 전월세,,,,,,동구|충장로4가|14|중앙로 179|00179|00000,35.149946551823,126.914522764183,광주광역시 동구 충장로4가 14,전남광주통합특별시 동구 중앙로 179,동구,충장동,1221052500,성공,동구,충장동,True,동구 충장동,동구 충장동
AM-City하이클래스,29110-324,2014,25.12~26.12,신규,18,11,2025,300,15.1697,7,154-1,35,,,금남로 185,0,00185,00000,3009019,1,12210,12210,금남로5가,,동구,12210,아파트,전월세,202511,아파트 전월세,,,,,,동구|금남로5가|154-1|금남로 185|00185|00000,35.1517659240292,126.913725421103,광주광역시 동구 금남로5가 154-1,전남광주통합특별시 동구 금남로 185,동구,충장동,1221052500,성공,동구,충장동,True,동구 충장동,동구 충장동
충장아트원,29110-325,2014,25.11~26.11,신규,5,11,2025,500,18,15,14,35,,,중앙로 179,0,00179,00000,3162073,9,12210,12210,충장로4가,,동구,12210,아파트,전월세,202511,아파트 전월세,,,,,,동구|충장로4가|14|중앙로 179|00179|00000,35.149946551823,126.914522764183,광주광역시 동구 충장로4가 14,전남광주통합특별시 동구 중앙로 179,동구,충장동,1221052500,성공,동구,충장동,True,동구 충장동,동구 충장동
AM-City하이클래스,29110-324,2014,25.12~26.12,신규,18,11,2025,300,15.1697,7,154-1,35,,,금남로 185,0,00185,00000,3009019,1,12210,12210,금남로5가,,동구,12210,아파트,전월세,202511,아파트 전월세,,,,,,동구|금남로5가|154-1|금남로 185|00185|00000,35.1517659240292,126.913725421103,광주광역시 동구 금남로5가 154-1,전남광주통합특별시 동구 금남로 185,동구,충장동,1221052500,성공,동구,충장동,True,동구 충장동,동구 충장동
엘에이치송화마을8단지,29155-395,2018,25.11~27.12,신규,26,11,2025,"2,988",36.72,2,825,17,,,노대실로 9,0,00009,00000,3161003,0,12270,12270,노대동,,남구,12270,아파트,전월세,202511,아파트 전월세,,,,,,남구|노대동|825|노대실로 9|00009|00000,35.1088035081054,126.905394245253,광주광역시 남구 노대동 825,전남광주통합특별시 남구 노대실로 9,남구,효덕동,1227071000,성공,남구,효덕동,True,남구 효덕동,남구 효덕동
엘에이치송화마을8단지,29155-395,2018,25.11~27.12,신규,26,11,2025,"2,988",36.72,2,825,17,,,노대실로 9,0,00009,00000,3161003,0,12270,12270,노대동,,남구,12270,아파트,전월세,202511,아파트 전월세,,,,,,남구|노대동|825|노대실로 9|00009|00000,35.1088035081054,126.905394245253,광주광역시 남구 노대동 825,전남광주통합특별시 남구 노대실로 9,남구,효덕동,1227071000,성공,남구,효덕동,True,남구 효덕동,남구 효덕동
무진로더브이벨라코트,29200-488,2023,26.01~28.01,신규,24,11,2025,"19,400",59.2255,8,1607-1,0,,,무진대로212번길 13-9,0,00013,00009,4289118,0,12330,12330,우산동,,광산구,12330,아파트,전월세,202511,아파트 전월세,,,,,,광산구|우산동|1607-1|무진대로212번길 13-9|00013|00009,35.1613514346415,126.804063542983,광주광역시 광산구 우산동 1607-1,전남광주통합특별시 광산구 무진대로212번길 13-9,광산구,우산동,1233058000,성공,광산구,우산동,True,광산구 우산동,광산구 우산동
무진로더브이벨라코트,29200-488,2023,26.01~28.01,신규,24,11,2025,"19,400",59.2255,8,1607-1,0,,,무진대로212번길 13-9,0,00013,00009,4289118,0,12330,12330,우산동,,광산구,12330,아파트,전월세,202511,아파트 전월세,,,,,,광산구|우산동|1607-1|무진대로212번길 13-9|00013|00009,35.1613514346415,126.804063542983,광주광역시 광산구 우산동 1607-1,전남광주통합특별시 광산구 무진대로212번길 13-9,광산구,우산동,1233058000,성공,광산구,우산동,True,광산구 우산동,광산구 우산동
케이에스타운,29200-294,2013,25.11~26.11,신규,24,11,2025,500,24.596,5,882-8,34,,,임방울대로826번길 60-14,0,00060,00014,4289555,1,12330,12330,월계동,,광산구,12330,아파트,전월세,202511,아파트 전월세,,,,,,광산구|월계동|882-8|임방울대로826번길 60-14|00060|00014,35.2153364864962,126.848120131863,광주광역시 광산구 월계동 882-8,전남광주통합특별시 광산구 임방울대로826번길 60-14,광산구,첨단2동,1233062600,성공,북구,첨단2동,True,광산구 첨단2동,북구 첨단2동
케이에스타운,29200-294,2013,25.11~26.11,신규,24,11,2025,500,24.596,5,882-8,34,,,임방울대로826번길 60-14,0,00060,00014,4289555,1,12330,12330,월계동,,광산구,12330,아파트,전월세,202511,아파트 전월세,,,,,,광산구|월계동|882-8|임방울대로826번길 60-14|00060|00014,35.2153364864962,126.848120131863,광주광역시 광산구 월계동 882-8,전남광주통합특별시 광산구 임방울대로826번길 60-14,광산구,첨단2동,1233062600,성공,북구,첨단2동,True,광산구 첨단2동,북구 첨단2동
백조맨션,29110-45,1983,26.01~28.01,신규,12,12,2025,"7,600",55.31,4,618,0,,,학소로76번길 2,0,00002,00000,4277272,1,12210,12210,소태동,,동구,12210,아파트,전월세,202512,아파트 전월세,,,,,,동구|소태동|618|학소로76번길 2|00002|00000,35.1263808806406,126.934664759862,광주광역시 동구 소태동 618,전남광주통합특별시 동구 학소로76번길 2,동구,지원1동,1221073000,성공,동구,지원1동,True,동구 지원1동,동구 지원1동
백조맨션,29110-45,1983,26.01~28.01,신규,12,12,2025,"7,600",55.31,4,618,0,,,학소로76번길 2,0,00002,00000,4277272,1,12210,12210,소태동,,동구,12210,아파트,전월세,202512,아파트 전월세,,,,,,동구|소태동|618|학소로76번길 2|00002|00000,35.1263808806406,126.934664759862,광주광역시 동구 소태동 618,전남광주통합특별시 동구 학소로76번길 2,동구,지원1동,1221073000,성공,동구,지원1동,True,동구 지원1동,동구 지원1동
상무지구리채시티,29140-353,2014,25.12~26.12,신규,10,12,2025,300,20.0778,8,1218,42,,,시청로 71,0,00071,00000,3160029,1,12240,12240,치평동,,서구,12240,아파트,전월세,202512,아파트 전월세,,,,,,서구|치평동|1218|시청로 71|00071|00000,35.1549617813269,126.850896720391,광주광역시 서구 치평동 1218,전남광주통합특별시 서구 시청로 71,서구,치평동,1224074500,성공,서구,치평동,True,서구 치평동,서구 치평동
상무지구리채시티,29140-353,2014,25.12~26.12,신규,10,12,2025,300,20.0778,8,1218,42,,,시청로 71,0,00071,00000,3160029,1,12240,12240,치평동,,서구,12240,아파트,전월세,202512,아파트 전월세,,,,,,서구|치평동|1218|시청로 71|00071|00000,35.1549617813269,126.850896720391,광주광역시 서구 치평동 1218,전남광주통합특별시 서구 시청로 71,서구,치평동,1224074500,성공,서구,치평동,True,서구 치평동,서구 치평동
신흥타운3,29155-99,1987,26.01~28.01,신규,30,12,2025,"1,500",49.95,10,508-5,40,,,서문대로 614,0,00614,00000,2161001,2,12270,12270,진월동,,남구,12270,아파트,전월세,202512,아파트 전월세,,,,,,남구|진월동|508-5|서문대로 614|00614|00000,35.1140098407642,126.897996394333,광주광역시 남구 진월동 508-5,전남광주통합특별시 남구 서문대로 614,남구,진월동,1227070500,성공,남구,진월동,True,남구 진월동,남구 진월동
신흥타운3,29155-99,1987,26.01~28.01,신규,30,12,2025,"1,500",49.95,10,508-5,40,,,서문대로 614,0,00614,00000,2161001,2,12270,12270,진월동,,남구,12270,아파트,전월세,202512,아파트 전월세,,,,,,남구|진월동|508-5|서문대로 614|00614|00000,35.1140098407642,126.897996394333,광주광역시 남구 진월동 508-5,전남광주통합특별시 남구 서문대로 614,남구,진월동,1227070500,성공,남구,진월동,True,남구 진월동,남구 진월동
첨단센트럴파크2차,29200-399,2018,26.01~28.01,신규,29,12,2025,"10,000",41.83,17,676-3,35,,,첨단중앙로170번길 87,0,00087,00000,4289614,1,12330,12330,쌍암동,,광산구,12330,아파트,전월세,202512,아파트 전월세,,,,,,광산구|쌍암동|676-3|첨단중앙로170번길 87|00087|00000,35.2209763822162,126.84687920672,광주광역시 광산구 쌍암동 676-3,전남광주통합특별시 광산구 첨단중앙로170번길 87,광산구,첨단1동,1233062400,성공,광산구,첨단1동,True,광산구 첨단1동,광산구 첨단1동
첨단센트럴파크2차,29200-399,2018,26.01~28.01,신규,29,12,2025,"10,000",41.83,17,676-3,35,,,첨단중앙로170번길 87,0,00087,00000,4289614,1,12330,12330,쌍암동,,광산구,12330,아파트,전월세,202512,아파트 전월세,,,,,,광산구|쌍암동|676-3|첨단중앙로170번길 87|00087|00000,35.2209763822162,126.84687920672,광주광역시 광산구 쌍암동 676-3,전남광주통합특별시 광산구 첨단중앙로170번길 87,광산구,첨단1동,1233062400,성공,광산구,첨단1동,True,광산구 첨단1동,광산구 첨단1동
리버힐,29200-36,1992,25.12~27.12,신규,4,12,2025,500,49.86,12,1602-2,50,,,우산로 47,0,00047,00000,3163037,1,12330,12330,우산동,,광산구,12330,아파트,전월세,202512,아파트 전월세,,,,,,광산구|우산동|1602-2|우산로 47|00047|00000,35.1590141808005,126.806285116368,광주광역시 광산구 우산동 1602-2,전남광주통합특별시 광산구 우산로 47,광산구,우산동,1233058000,성공,광산구,우산동,True,광산구 우산동,광산구 우산동
리버힐,29200-36,1992,25.12~27.12,신규,4,12,2025,500,49.86,12,1602-2,50,,,우산로 47,0,00047,00000,3163037,1,12330,12330,우산동,,광산구,12330,아파트,전월세,202512,아파트 전월세,,,,,,광산구|우산동|1602-2|우산로 47|00047|00000,35.1590141808005,126.806285116368,광주광역시 광산구 우산동 1602-2,전남광주통합특별시 광산구 우산로 47,광산구,우산동,1233058000,성공,광산구,우산동,True,광산구 우산동,광산구 우산동
리버힐,29200-36,1992,26.01~28.01,신규,19,12,2025,"8,370",49.86,15,1602-2,1,,,우산로 47,0,00047,00000,3163037,1,12330,12330,우산동,,광산구,12330,아파트,전월세,202512,아파트 전월세,,,,,,광산구|우산동|1602-2|우산로 47|00047|00000,35.1590141808005,126.806285116368,광주광역시 광산구 우산동 1602-2,전남광주통합특별시 광산구 우산로 47,광산구,우산동,1233058000,성공,광산구,우산동,True,광산구 우산동,광산구 우산동
리버힐,29200-36,1992,26.01~28.01,신규,19,12,2025,"8,370",49.86,15,1602-2,1,,,우산로 47,0,00047,00000,3163037,1,12330,12330,우산동,,광산구,12330,아파트,전월세,202512,아파트 전월세,,,,,,광산구|우산동|1602-2|우산로 47|00047|00000,35.1590141808005,126.806285116368,광주광역시 광산구 우산동 1602-2,전남광주통합특별시 광산구 우산로 47,광산구,우산동,1233058000,성공,광산구,우산동,True,광산구 우산동,광산구 우산동
금호시영1단지,29140-109,1993,26.02~28.02,신규,24,1,2026,"1,000",49.86,10,741-1,50,,,운천로 41,0,00041,00000,3160035,3,12240,12240,금호동,,서구,12240,아파트,전월세,202601,아파트 전월세,,,,,,서구|금호동|741-1|운천로 41|00041|00000,35.1366226288309,126.85812356795,광주광역시 서구 금호동 741-1,전남광주통합특별시 서구 운천로 41,서구,금호1동,1224082100,성공,서구,금호1동,True,서구 금호1동,서구 금호1동
금호시영1단지,29140-109,1993,26.02~28.02,신규,24,1,2026,"1,000",49.86,10,741-1,50,,,운천로 41,0,00041,00000,3160035,3,12240,12240,금호동,,서구,12240,아파트,전월세,202601,아파트 전월세,,,,,,서구|금호동|741-1|운천로 41|00041|00000,35.1366226288309,126.85812356795,광주광역시 서구 금호동 741-1,전남광주통합특별시 서구 운천로 41,서구,금호1동,1224082100,성공,서구,금호1동,True,서구 금호1동,서구 금호1동
우미,29170-131,1994,26.03~28.03,신규,14,1,2026,"8,500",49.96,5,996-1,0,,,대천로 160,0,00160,00000,3162009,1,12300,12300,문흥동,,북구,12300,아파트,전월세,202601,아파트 전월세,,,,,,북구|문흥동|996-1|대천로 160|00160|00000,35.1882984502943,126.922876690509,광주광역시 북구 문흥동 996-1,전남광주통합특별시 북구 대천로 158,북구,문흥1동,1230065600,성공,북구,문흥1동,True,북구 문흥1동,북구 문흥1동
우미,29170-131,1994,26.02~28.02,신규,17,1,2026,"10,000",49.96,14,996-1,0,,,대천로 160,0,00160,00000,3162009,1,12300,12300,문흥동,,북구,12300,아파트,전월세,202601,아파트 전월세,,,,,,북구|문흥동|996-1|대천로 160|00160|00000,35.1882984502943,126.922876690509,광주광역시 북구 문흥동 996-1,전남광주통합특별시 북구 대천로 158,북구,문흥1동,1230065600,성공,북구,문흥1동,True,북구 문흥1동,북구 문흥1동
우미,29170-131,1994,26.03~28.03,신규,14,1,2026,"8,500",49.96,5,996-1,0,,,대천로 160,0,00160,00000,3162009,1,12300,12300,문흥동,,북구,12300,아파트,전월세,202601,아파트 전월세,,,,,,북구|문흥동|996-1|대천로 160|00160|00000,35.1882984502943,126.922876690509,광주광역시 북구 문흥동 996-1,전남광주통합특별시 북구 대천로 158,북구,문흥1동,1230065600,성공,북구,문흥1동,True,북구 문흥1동,북구 문흥1동
우미,29170-131,1994,26.02~28.02,신규,17,1,2026,"10,000",49.96,14,996-1,0,,,대천로 160,0,00160,00000,3162009,1,12300,12300,문흥동,,북구,12300,아파트,전월세,202601,아파트 전월세,,,,,,북구|문흥동|996-1|대천로 160|00160|00000,35.1882984502943,126.922876690509,광주광역시 북구 문흥동 996-1,전남광주통합특별시 북구 대천로 158,북구,문흥1동,1230065600,성공,북구,문흥1동,True,북구 문흥1동,북구 문흥1동
하남우미,29200-38,1992,26.02~27.02,신규,30,1,2026,"9,500",49.14,2,1572-2,0,,,월곡산정로 40,0,00040,00000,3163042,1,12330,12330,우산동,,광산구,12330,아파트,전월세,202601,아파트 전월세,,,,,,광산구|우산동|1572-2|월곡산정로 40|00040|00000,35.1658362217461,126.806527217382,광주광역시 광산구 우산동 1572-2,전남광주통합특별시 광산구 월곡산정로 40,광산구,우산동,1233058000,성공,광산구,우산동,True,광산구 우산동,광산구 우산동
하남우미,29200-38,1992,26.02~27.02,신규,30,1,2026,"9,500",49.14,2,1572-2,0,,,월곡산정로 40,0,00040,00000,3163042,1,12330,12330,우산동,,광산구,12330,아파트,전월세,202601,아파트 전월세,,,,,,광산구|우산동|1572-2|월곡산정로 40|00040|00000,35.1658362217461,126.806527217382,광주광역시 광산구 우산동 1572-2,전남광주통합특별시 광산구 월곡산정로 40,광산구,우산동,1233058000,성공,광산구,우산동,True,광산구 우산동,광산구 우산동
MaruHiII,29200-320,2014,26.01~27.01,신규,5,1,2026,300,20.7468,11,1594-2,35,,,무진대로 278-12,0,00278,00012,2009009,2,12330,12330,우산동,,광산구,12330,아파트,전월세,202601,아파트 전월세,,,,,,광산구|우산동|1594-2|무진대로 278-12|00278|00012,35.1599831885253,126.810475648689,광주광역시 광산구 우산동 1594-2,전남광주통합특별시 광산구 무진대로 278-12,광산구,우산동,1233058000,성공,광산구,우산동,True,광산구 우산동,광산구 우산동
MaruHiII,29200-320,2014,26.01~27.01,신규,5,1,2026,300,20.7468,11,1594-2,35,,,무진대로 278-12,0,00278,00012,2009009,2,12330,12330,우산동,,광산구,12330,아파트,전월세,202601,아파트 전월세,,,,,,광산구|우산동|1594-2|무진대로 278-12|00278|00012,35.1599831885253,126.810475648689,광주광역시 광산구 우산동 1594-2,전남광주통합특별시 광산구 무진대로 278-12,광산구,우산동,1233058000,성공,광산구,우산동,True,광산구 우산동,광산구 우산동
상무지구리채시티,29140-353,2014,26.02~27.02,신규,19,2,2026,500,20.0778,15,1218,35,,,시청로 71,0,00071,00000,3160029,1,12240,12240,치평동,,서구,12240,아파트,전월세,202602,아파트 전월세,,,,,,서구|치평동|1218|시청로 71|00071|00000,35.1549617813269,126.850896720391,광주광역시 서구 치평동 1218,전남광주통합특별시 서구 시청로 71,서구,치평동,1224074500,성공,서구,치평동,True,서구 치평동,서구 치평동
상무지구리채시티,29140-353,2014,26.02~27.02,신규,19,2,2026,500,20.0778,15,1218,35,,,시청로 71,0,00071,00000,3160029,1,12240,12240,치평동,,서구,12240,아파트,전월세,202602,아파트 전월세,,,,,,서구|치평동|1218|시청로 71|00071|00000,35.1549617813269,126.850896720391,광주광역시 서구 치평동 1218,전남광주통합특별시 서구 시청로 71,서구,치평동,1224074500,성공,서구,치평동,True,서구 치평동,서구 치평동
중흥호반,29140-147,2000,26.02~27.09,갱신,9,2,2026,"14,000",59.46,9,1048,0,"14,000",,풍암순환로 10,0,00010,00000,3160050,1,12240,12240,풍암동,,서구,12240,아파트,전월세,202602,아파트 전월세,,,,,,서구|풍암동|1048|풍암순환로 10|00010|00000,35.1248923281192,126.87467678202,광주광역시 서구 풍암동 1048,전남광주통합특별시 서구 풍암순환로 10,서구,풍암동,1224083000,성공,서구,풍암동,True,서구 풍암동,서구 풍암동
중흥호반,29140-147,2000,26.02~27.09,갱신,9,2,2026,"14,000",59.46,9,1048,0,"14,000",,풍암순환로 10,0,00010,00000,3160050,1,12240,12240,풍암동,,서구,12240,아파트,전월세,202602,아파트 전월세,,,,,,서구|풍암동|1048|풍암순환로 10|00010|00000,35.1248923281192,126.87467678202,광주광역시 서구 풍암동 1048,전남광주통합특별시 서구 풍암순환로 10,서구,풍암동,1224083000,성공,서구,풍암동,True,서구 풍암동,서구 풍암동
중흥호반,29140-147,2000,26.02~27.09,갱신,9,2,2026,"14,000",59.46,9,1048,0,"14,000",,풍암순환로 10,0,00010,00000,3160050,1,12240,12240,풍암동,,서구,12240,아파트,전월세,202602,아파트 전월세,,,,,,서구|풍암동|1048|풍암순환로 10|00010|00000,35.1248923281192,126.87467678202,광주광역시 서구 풍암동 1048,전남광주통합특별시 서구 풍암순환로 10,서구,풍암동,1224083000,성공,서구,풍암동,True,서구 풍암동,서구 풍암동
중흥호반,29140-147,2000,26.02~27.09,갱신,9,2,2026,"14,000",59.46,9,1048,0,"14,000",,풍암순환로 10,0,00010,00000,3160050,1,12240,12240,풍암동,,서구,12240,아파트,전월세,202602,아파트 전월세,,,,,,서구|풍암동|1048|풍암순환로 10|00010|00000,35.1248923281192,126.87467678202,광주광역시 서구 풍암동 1048,전남광주통합특별시 서구 풍암순환로 10,서구,풍암동,1224083000,성공,서구,풍암동,True,서구 풍암동,서구 풍암동
삼익세라믹2차,29155-94,1999,26.02~28.02,신규,13,2,2026,500,59.4,11,470-1,45,,,서문대로654번길 24,0,00024,00000,4283381,1,12270,12270,진월동,,남구,12270,아파트,전월세,202602,아파트 전월세,,,,,,남구|진월동|470-1|서문대로654번길 24|00024|00000,35.1165353628834,126.901023021069,광주광역시 남구 진월동 470-1,전남광주통합특별시 남구 서문대로654번길 24,남구,진월동,1227070500,성공,남구,진월동,True,남구 진월동,남구 진월동
삼익세라믹2차,29155-94,1999,26.04~28.04,신규,26,2,2026,"12,000",59.4,4,470-1,0,,,서문대로654번길 24,0,00024,00000,4283381,1,12270,12270,진월동,,남구,12270,아파트,전월세,202602,아파트 전월세,,,,,,남구|진월동|470-1|서문대로654번길 24|00024|00000,35.1165353628834,126.901023021069,광주광역시 남구 진월동 470-1,전남광주통합특별시 남구 서문대로654번길 24,남구,진월동,1227070500,성공,남구,진월동,True,남구 진월동,남구 진월동
삼익세라믹2차,29155-94,1999,26.04~28.04,신규,26,2,2026,"12,000",59.4,4,470-1,0,,,서문대로654번길 24,0,00024,00000,4283381,1,12270,12270,진월동,,남구,12270,아파트,전월세,202602,아파트 전월세,,,,,,남구|진월동|470-1|서문대로654번길 24|00024|00000,35.1165353628834,126.901023021069,광주광역시 남구 진월동 470-1,전남광주통합특별시 남구 서문대로654번길 24,남구,진월동,1227070500,성공,남구,진월동,True,남구 진월동,남구 진월동
삼익세라믹2차,29155-94,1999,26.02~28.02,신규,13,2,2026,500,59.4,11,470-1,45,,,서문대로654번길 24,0,00024,00000,4283381,1,12270,12270,진월동,,남구,12270,아파트,전월세,202602,아파트 전월세,,,,,,남구|진월동|470-1|서문대로654번길 24|00024|00000,35.1165353628834,126.901023021069,광주광역시 남구 진월동 470-1,전남광주통합특별시 남구 서문대로654번길 24,남구,진월동,1227070500,성공,남구,진월동,True,남구 진월동,남구 진월동
국제미소래,29200-384,2017,26.05~28.05,신규,3,2,2026,"15,410",59.4918,14,1620,0,,,용아로 175,0,00175,00000,3163035,2,12330,12330,우산동,,광산구,12330,아파트,전월세,202602,아파트 전월세,,,,,,광산구|우산동|1620|용아로 175|00175|00000,35.1580213863043,126.79988362894,광주광역시 광산구 우산동 1620,전남광주통합특별시 광산구 용아로 175,광산구,우산동,1233058000,성공,광산구,우산동,True,광산구 우산동,광산구 우산동
국제미소래,29200-384,2017,26.04~28.04,신규,25,2,2026,"15,410",59.4918,13,1620,0,,,용아로 175,0,00175,00000,3163035,2,12330,12330,우산동,,광산구,12330,아파트,전월세,202602,아파트 전월세,,,,,,광산구|우산동|1620|용아로 175|00175|00000,35.1580213863043,126.79988362894,광주광역시 광산구 우산동 1620,전남광주통합특별시 광산구 용아로 175,광산구,우산동,1233058000,성공,광산구,우산동,True,광산구 우산동,광산구 우산동
국제미소래,29200-384,2017,26.04~28.04,신규,25,2,2026,"15,410",59.4918,13,1620,0,,,용아로 175,0,00175,00000,3163035,2,12330,12330,우산동,,광산구,12330,아파트,전월세,202602,아파트 전월세,,,,,,광산구|우산동|1620|용아로 175|00175|00000,35.1580213863043,126.79988362894,광주광역시 광산구 우산동 1620,전남광주통합특별시 광산구 용아로 175,광산구,우산동,1233058000,성공,광산구,우산동,True,광산구 우산동,광산구 우산동
국제미소래,29200-384,2017,26.05~28.05,신규,3,2,2026,"15,410",59.4918,14,1620,0,,,용아로 175,0,00175,00000,3163035,2,12330,12330,우산동,,광산구,12330,아파트,전월세,202602,아파트 전월세,,,,,,광산구|우산동|1620|용아로 175|00175|00000,35.1580213863043,126.79988362894,광주광역시 광산구 우산동 1620,전남광주통합특별시 광산구 용아로 175,광산구,우산동,1233058000,성공,광산구,우산동,True,광산구 우산동,광산구 우산동
충장아트원,29110-325,2014,26.03~27.03,신규,2,3,2026,300,18,9,14,36,,,중앙로 179,0,00179,00000,3162073,9,12210,12210,충장로4가,,동구,12210,아파트,전월세,202603,아파트 전월세,,,,,,동구|충장로4가|14|중앙로 179|00179|00000,35.149946551823,126.914522764183,광주광역시 동구 충장로4가 14,전남광주통합특별시 동구 중앙로 179,동구,충장동,1221052500,성공,동구,충장동,True,동구 충장동,동구 충장동
고운하이츠(22-0),29110-301,2011,26.03~28.04,신규,9,3,2026,"5,000",29.817,5,22,10,,,천변우로 329-10,0,00329,00010,3009025,1,12210,12210,수기동,,동구,12210,아파트,전월세,202603,아파트 전월세,,,,,,동구|수기동|22|천변우로 329-10|00329|00010,35.1508234797879,126.909307097405,광주광역시 동구 수기동 22,전남광주통합특별시 동구 천변우로 329-10,동구,충장동,1221052500,성공,동구,충장동,True,동구 충장동,동구 충장동
고운하이츠(22-0),29110-301,2011,26.03~28.04,신규,9,3,2026,"5,000",29.817,5,22,10,,,천변우로 329-10,0,00329,00010,3009025,1,12210,12210,수기동,,동구,12210,아파트,전월세,202603,아파트 전월세,,,,,,동구|수기동|22|천변우로 329-10|00329|00010,35.1508234797879,126.909307097405,광주광역시 동구 수기동 22,전남광주통합특별시 동구 천변우로 329-10,동구,충장동,1221052500,성공,동구,충장동,True,동구 충장동,동구 충장동
충장아트원,29110-325,2014,26.03~27.03,신규,2,3,2026,300,18,9,14,36,,,중앙로 179,0,00179,00000,3162073,9,12210,12210,충장로4가,,동구,12210,아파트,전월세,202603,아파트 전월세,,,,,,동구|충장로4가|14|중앙로 179|00179|00000,35.149946551823,126.914522764183,광주광역시 동구 충장로4가 14,전남광주통합특별시 동구 중앙로 179,동구,충장동,1221052500,성공,동구,충장동,True,동구 충장동,동구 충장동
중흥호반,29140-147,2000,26.04~28.04,신규,31,3,2026,"15,000",59.46,6,1048,0,,,풍암순환로 10,0,00010,00000,3160050,1,12240,12240,풍암동,,서구,12240,아파트,전월세,202603,아파트 전월세,,,,,,서구|풍암동|1048|풍암순환로 10|00010|00000,35.1248923281192,126.87467678202,광주광역시 서구 풍암동 1048,전남광주통합특별시 서구 풍암순환로 10,서구,풍암동,1224083000,성공,서구,풍암동,True,서구 풍암동,서구 풍암동
중흥호반,29140-147,2000,26.04~28.04,신규,31,3,2026,"15,000",59.46,6,1048,0,,,풍암순환로 10,0,00010,00000,3160050,1,12240,12240,풍암동,,서구,12240,아파트,전월세,202603,아파트 전월세,,,,,,서구|풍암동|1048|풍암순환로 10|00010|00000,35.1248923281192,126.87467678202,광주광역시 서구 풍암동 1048,전남광주통합특별시 서구 풍암순환로 10,서구,풍암동,1224083000,성공,서구,풍암동,True,서구 풍암동,서구 풍암동
중흥호반,29140-147,2000,26.04~28.04,신규,31,3,2026,"15,000",59.46,6,1048,0,,,풍암순환로 10,0,00010,00000,3160050,1,12240,12240,풍암동,,서구,12240,아파트,전월세,202603,아파트 전월세,,,,,,서구|풍암동|1048|풍암순환로 10|00010|00000,35.1248923281192,126.87467678202,광주광역시 서구 풍암동 1048,전남광주통합특별시 서구 풍암순환로 10,서구,풍암동,1224083000,성공,서구,풍암동,True,서구 풍암동,서구 풍암동
우산동AM-City스카이하이,29200-332,2014,26.04~27.04,신규,21,3,2026,300,20.1947,5,1608-1,35,,,사암로171번길 110,0,00110,00000,4289184,1,12330,12330,우산동,,광산구,12330,아파트,전월세,202603,아파트 전월세,,,,,,광산구|우산동|1608-1|사암로171번길 110|00110|00000,35.1604619203296,126.801483077525,광주광역시 광산구 우산동 1608-1,전남광주통합특별시 광산구 사암로171번길 110,광산구,우산동,1233058000,성공,광산구,우산동,True,광산구 우산동,광산구 우산동
우산동AM-City스카이하이,29200-332,2014,26.04~27.04,신규,21,3,2026,300,20.1947,5,1608-1,35,,,사암로171번길 110,0,00110,00000,4289184,1,12330,12330,우산동,,광산구,12330,아파트,전월세,202603,아파트 전월세,,,,,,광산구|우산동|1608-1|사암로171번길 110|00110|00000,35.1604619203296,126.801483077525,광주광역시 광산구 우산동 1608-1,전남광주통합특별시 광산구 사암로171번길 110,광산구,우산동,1233058000,성공,광산구,우산동,True,광산구 우산동,광산구 우산동
광주첨단엘에이치2단지,29200-426,2020,26.03~28.04,신규,24,3,2026,"3,438",36.72,8,683-2,19,,,임방울대로825번길 9,0,00009,00000,4289554,0,12330,12330,쌍암동,,광산구,12330,아파트,전월세,202603,아파트 전월세,,,,,,광산구|쌍암동|683-2|임방울대로825번길 9|00009|00000,35.218229827909,126.848341882075,광주광역시 광산구 쌍암동 683-2,전남광주통합특별시 광산구 임방울대로825번길 9,광산구,첨단1동,1233062400,성공,광산구,첨단1동,True,광산구 첨단1동,광산구 첨단1동
광주첨단엘에이치2단지,29200-426,2020,26.03~28.04,신규,24,3,2026,"3,438",36.72,8,683-2,19,,,임방울대로825번길 9,0,00009,00000,4289554,0,12330,12330,쌍암동,,광산구,12330,아파트,전월세,202603,아파트 전월세,,,,,,광산구|쌍암동|683-2|임방울대로825번길 9|00009|00000,35.218229827909,126.848341882075,광주광역시 광산구 쌍암동 683-2,전남광주통합특별시 광산구 임방울대로825번길 9,광산구,첨단1동,1233062400,성공,광산구,첨단1동,True,광산구 첨단1동,광산구 첨단1동
에이엠시티5차,29200-307,2013,26.03~27.03,신규,4,3,2026,300,19.1284,8,682-1,36,,,임방울대로825번길 19,0,00019,00000,4289554,1,12330,12330,쌍암동,,광산구,12330,아파트,전월세,202603,아파트 전월세,,,,,,광산구|쌍암동|682-1|임방울대로825번길 19|00019|00000,35.2187157362366,126.847688221979,광주광역시 광산구 쌍암동 682-1,전남광주통합특별시 광산구 임방울대로825번길 19,광산구,첨단1동,1233062400,성공,광산구,첨단1동,True,광산구 첨단1동,광산구 첨단1동
에이엠시티5차,29200-307,2013,26.03~27.03,신규,4,3,2026,300,19.1284,8,682-1,36,,,임방울대로825번길 19,0,00019,00000,4289554,1,12330,12330,쌍암동,,광산구,12330,아파트,전월세,202603,아파트 전월세,,,,,,광산구|쌍암동|682-1|임방울대로825번길 19|00019|00000,35.2187157362366,126.847688221979,광주광역시 광산구 쌍암동 682-1,전남광주통합특별시 광산구 임방울대로825번길 19,광산구,첨단1동,1233062400,성공,광산구,첨단1동,True,광산구 첨단1동,광산구 첨단1동
아트리뷰스,29110-339,2016,26.05~28.05,신규,22,4,2026,"8,600",32.3909,4,43,0,,,독립로226번길 17,0,00017,00000,4277059,2,12210,12210,수기동,,동구,12210,아파트,전월세,202604,아파트 전월세,,,,,,동구|수기동|43|독립로226번길 17|00017|00000,35.1511524145655,126.909949291548,광주광역시 동구 수기동 43,전남광주통합특별시 동구 독립로226번길 17,동구,충장동,1221052500,성공,동구,충장동,True,동구 충장동,동구 충장동
아트리뷰스,29110-339,2016,26.05~28.05,신규,22,4,2026,"8,600",32.3909,4,43,0,,,독립로226번길 17,0,00017,00000,4277059,2,12210,12210,수기동,,동구,12210,아파트,전월세,202604,아파트 전월세,,,,,,동구|수기동|43|독립로226번길 17|00017|00000,35.1511524145655,126.909949291548,광주광역시 동구 수기동 43,전남광주통합특별시 동구 독립로226번길 17,동구,충장동,1221052500,성공,동구,충장동,True,동구 충장동,동구 충장동
주은모아,29140-130,2000,26.05~28.05,신규,21,4,2026,"16,500",59.28,4,1127,0,,,풍암2로 36,0,00036,00000,3160048,1,12240,12240,풍암동,,서구,12240,아파트,전월세,202604,아파트 전월세,,,,,,서구|풍암동|1127|풍암2로 36|00036|00000,35.1238802449865,126.87998966123,광주광역시 서구 풍암동 1127,전남광주통합특별시 서구 풍암2로 36,서구,풍암동,1224083000,성공,서구,풍암동,True,서구 풍암동,서구 풍암동
주은모아,29140-130,2000,26.05~28.05,신규,21,4,2026,"16,500",59.28,4,1127,0,,,풍암2로 36,0,00036,00000,3160048,1,12240,12240,풍암동,,서구,12240,아파트,전월세,202604,아파트 전월세,,,,,,서구|풍암동|1127|풍암2로 36|00036|00000,35.1238802449865,126.87998966123,광주광역시 서구 풍암동 1127,전남광주통합특별시 서구 풍암2로 36,서구,풍암동,1224083000,성공,서구,풍암동,True,서구 풍암동,서구 풍암동
토담휴로스,29200-305,2013,26.04~28.04,신규,22,4,2026,300,19.9163,5,1576-4,35,,,무진대로231번길 13-5,0,00013,00005,4289119,1,12330,12330,우산동,,광산구,12330,아파트,전월세,202604,아파트 전월세,,,,,,광산구|우산동|1576-4|무진대로231번길 13-5|00013|00005,35.1625981868476,126.805739231192,광주광역시 광산구 우산동 1576-4,전남광주통합특별시 광산구 무진대로231번길 13-5,광산구,우산동,1233058000,성공,광산구,우산동,True,광산구 우산동,광산구 우산동
토담휴로스,29200-305,2013,26.04~28.04,신규,22,4,2026,300,19.9163,5,1576-4,35,,,무진대로231번길 13-5,0,00013,00005,4289119,1,12330,12330,우산동,,광산구,12330,아파트,전월세,202604,아파트 전월세,,,,,,광산구|우산동|1576-4|무진대로231번길 13-5|00013|00005,35.1625981868476,126.805739231192,광주광역시 광산구 우산동 1576-4,전남광주통합특별시 광산구 무진대로231번길 13-5,광산구,우산동,1233058000,성공,광산구,우산동,True,광산구 우산동,광산구 우산동
하남주공(2단지),29200-39,1991,26.05~28.05,신규,14,4,2026,300,44.52,12,1571-1,40,,,월곡산정로 12,0,00012,00000,3163042,1,12330,12330,우산동,,광산구,12330,아파트,전월세,202604,아파트 전월세,,,,,,광산구|우산동|1571-1|월곡산정로 12|00012|00000,35.1651071402315,126.803686058,광주광역시 광산구 우산동 1571-1,전남광주통합특별시 광산구 월곡산정로 12,광산구,우산동,1233058000,성공,광산구,우산동,True,광산구 우산동,광산구 우산동
하남주공(2단지),29200-39,1991,26.05~28.05,신규,14,4,2026,300,44.52,12,1571-1,40,,,월곡산정로 12,0,00012,00000,3163042,1,12330,12330,우산동,,광산구,12330,아파트,전월세,202604,아파트 전월세,,,,,,광산구|우산동|1571-1|월곡산정로 12|00012|00000,35.1651071402315,126.803686058,광주광역시 광산구 우산동 1571-1,전남광주통합특별시 광산구 월곡산정로 12,광산구,우산동,1233058000,성공,광산구,우산동,True,광산구 우산동,광산구 우산동
MaruHiII,29200-320,2014,26.04~27.04,신규,14,4,2026,300,20.7468,5,1594-2,35,,,무진대로 278-12,0,00278,00012,2009009,2,12330,12330,우산동,,광산구,12330,아파트,전월세,202604,아파트 전월세,,,,,,광산구|우산동|1594-2|무진대로 278-12|00278|00012,35.1599831885253,126.810475648689,광주광역시 광산구 우산동 1594-2,전남광주통합특별시 광산구 무진대로 278-12,광산구,우산동,1233058000,성공,광산구,우산동,True,광산구 우산동,광산구 우산동
MaruHiII,29200-320,2014,26.04~27.04,신규,14,4,2026,300,20.7468,5,1594-2,35,,,무진대로 278-12,0,00278,00012,2009009,2,12330,12330,우산동,,광산구,12330,아파트,전월세,202604,아파트 전월세,,,,,,광산구|우산동|1594-2|무진대로 278-12|00278|00012,35.1599831885253,126.810475648689,광주광역시 광산구 우산동 1594-2,전남광주통합특별시 광산구 무진대로 278-12,광산구,우산동,1233058000,성공,광산구,우산동,True,광산구 우산동,광산구 우산동
충장고운라피네,29110-348,2017,26.07~28.07,신규,11,5,2026,"15,000",49.831,14,34,0,,,충장로58번길 14,,00014,00000,4277237,0,12210,12210,충장로4가,,동구,12210,아파트,전월세,202605,아파트 전월세,,,,,,동구|충장로4가|34|충장로58번길 14|00014|00000,35.1493869644374,126.913097129313,광주광역시 동구 충장로4가 34,전남광주통합특별시 동구 충장로58번길 14,동구,충장동,1221052500,성공,동구,충장동,True,동구 충장동,동구 충장동
충장고운라피네,29110-348,2017,26.07~28.07,신규,11,5,2026,"15,000",49.831,14,34,0,,,충장로58번길 14,,00014,00000,4277237,0,12210,12210,충장로4가,,동구,12210,아파트,전월세,202605,아파트 전월세,,,,,,동구|충장로4가|34|충장로58번길 14|00014|00000,35.1493869644374,126.913097129313,광주광역시 동구 충장로4가 34,전남광주통합특별시 동구 충장로58번길 14,동구,충장동,1221052500,성공,동구,충장동,True,동구 충장동,동구 충장동
상무리채2,29140-357,2014,26.05~27.05,신규,22,5,2026,300,19.2869,12,1258-5,40,,,시청로 13,0,00013,00000,3160029,1,12240,12240,치평동,,서구,12240,아파트,전월세,202605,아파트 전월세,,,,,,서구|치평동|1258-5|시청로 13|00013|00000,35.1496032148731,126.851130701034,광주광역시 서구 치평동 1258-5,전남광주통합특별시 서구 시청로 13,서구,치평동,1224074500,성공,서구,치평동,True,서구 치평동,서구 치평동
상무리채2,29140-357,2014,26.05~27.05,신규,22,5,2026,300,19.2869,12,1258-5,40,,,시청로 13,0,00013,00000,3160029,1,12240,12240,치평동,,서구,12240,아파트,전월세,202605,아파트 전월세,,,,,,서구|치평동|1258-5|시청로 13|00013|00000,35.1496032148731,126.851130701034,광주광역시 서구 치평동 1258-5,전남광주통합특별시 서구 시청로 13,서구,치평동,1224074500,성공,서구,치평동,True,서구 치평동,서구 치평동
운암프라자,29170-62,2006,26.06~28.06,신규,19,5,2026,500,38.61,16,940,42,,,서강로 104-3,0,00104,00003,3162027,1,12300,12300,운암동,,북구,12300,아파트,전월세,202605,아파트 전월세,,,,,,북구|운암동|940|서강로 104-3|00104|00003,35.1803160118784,126.873422893152,광주광역시 북구 운암동 940,전남광주통합특별시 북구 서강로 104-3,북구,운암1동,1230060100,성공,북구,운암1동,True,북구 운암1동,북구 운암1동
운암프라자,29170-62,2006,26.06~28.06,신규,19,5,2026,500,38.61,16,940,42,,,서강로 104-3,0,00104,00003,3162027,1,12300,12300,운암동,,북구,12300,아파트,전월세,202605,아파트 전월세,,,,,,북구|운암동|940|서강로 104-3|00104|00003,35.1803160118784,126.873422893152,광주광역시 북구 운암동 940,전남광주통합특별시 북구 서강로 104-3,북구,운암1동,1230060100,성공,북구,운암1동,True,북구 운암1동,북구 운암1동
토담휴로스,29200-305,2013,26.07~27.07,신규,13,5,2026,500,25.663,8,1576-4,45,,,무진대로231번길 13-5,0,00013,00005,4289119,1,12330,12330,우산동,,광산구,12330,아파트,전월세,202605,아파트 전월세,,,,,,광산구|우산동|1576-4|무진대로231번길 13-5|00013|00005,35.1625981868476,126.805739231192,광주광역시 광산구 우산동 1576-4,전남광주통합특별시 광산구 무진대로231번길 13-5,광산구,우산동,1233058000,성공,광산구,우산동,True,광산구 우산동,광산구 우산동
하남주공(2단지),29200-39,1991,26.05~28.05,신규,20,5,2026,200,38.64,13,1571-1,42,,,월곡산정로 12,0,00012,00000,3163042,1,12330,12330,우산동,,광산구,12330,아파트,전월세,202605,아파트 전월세,,,,,,광산구|우산동|1571-1|월곡산정로 12|00012|00000,35.1651071402315,126.803686058,광주광역시 광산구 우산동 1571-1,전남광주통합특별시 광산구 월곡산정로 12,광산구,우산동,1233058000,성공,광산구,우산동,True,광산구 우산동,광산구 우산동
국제미소래,29200-384,2017,26.06~28.06,신규,15,5,2026,"15,410",59.4918,6,1620,0,,,용아로 175,0,00175,00000,3163035,2,12330,12330,우산동,,광산구,12330,아파트,전월세,202605,아파트 전월세,,,,,,광산구|우산동|1620|용아로 175|00175|00000,35.1580213863043,126.79988362894,광주광역시 광산구 우산동 1620,전남광주통합특별시 광산구 용아로 175,광산구,우산동,1233058000,성공,광산구,우산동,True,광산구 우산동,광산구 우산동
하남주공(2단지),29200-39,1991,26.05~28.05,신규,20,5,2026,200,38.64,13,1571-1,42,,,월곡산정로 12,0,00012,00000,3163042,1,12330,12330,우산동,,광산구,12330,아파트,전월세,202605,아파트 전월세,,,,,,광산구|우산동|1571-1|월곡산정로 12|00012|00000,35.1651071402315,126.803686058,광주광역시 광산구 우산동 1571-1,전남광주통합특별시 광산구 월곡산정로 12,광산구,우산동,1233058000,성공,광산구,우산동,True,광산구 우산동,광산구 우산동
하남주공(2단지),29200-39,1991,26.05~28.05,신규,9,5,2026,300,44.52,5,1571-1,50,,,월곡산정로 12,0,00012,00000,3163042,1,12330,12330,우산동,,광산구,12330,아파트,전월세,202605,아파트 전월세,,,,,,광산구|우산동|1571-1|월곡산정로 12|00012|00000,35.1651071402315,126.803686058,광주광역시 광산구 우산동 1571-1,전남광주통합특별시 광산구 월곡산정로 12,광산구,우산동,1233058000,성공,광산구,우산동,True,광산구 우산동,광산구 우산동
토담휴로스,29200-305,2013,26.07~27.07,신규,13,5,2026,500,25.663,8,1576-4,45,,,무진대로231번길 13-5,0,00013,00005,4289119,1,12330,12330,우산동,,광산구,12330,아파트,전월세,202605,아파트 전월세,,,,,,광산구|우산동|1576-4|무진대로231번길 13-5|00013|00005,35.1625981868476,126.805739231192,광주광역시 광산구 우산동 1576-4,전남광주통합특별시 광산구 무진대로231번길 13-5,광산구,우산동,1233058000,성공,광산구,우산동,True,광산구 우산동,광산구 우산동
하남우미,29200-38,1992,26.05~28.05,신규,3,5,2026,500,49.92,10,1572-2,50,,,월곡산정로 40,0,00040,00000,3163042,1,12330,12330,우산동,,광산구,12330,아파트,전월세,202605,아파트 전월세,,,,,,광산구|우산동|1572-2|월곡산정로 40|00040|00000,35.1658362217461,126.806527217382,광주광역시 광산구 우산동 1572-2,전남광주통합특별시 광산구 월곡산정로 40,광산구,우산동,1233058000,성공,광산구,우산동,True,광산구 우산동,광산구 우산동
하남주공(2단지),29200-39,1991,26.05~28.05,신규,9,5,2026,300,44.52,5,1571-1,50,,,월곡산정로 12,0,00012,00000,3163042,1,12330,12330,우산동,,광산구,12330,아파트,전월세,202605,아파트 전월세,,,,,,광산구|우산동|1571-1|월곡산정로 12|00012|00000,35.1651071402315,126.803686058,광주광역시 광산구 우산동 1571-1,전남광주통합특별시 광산구 월곡산정로 12,광산구,우산동,1233058000,성공,광산구,우산동,True,광산구 우산동,광산구 우산동
국제미소래,29200-384,2017,26.06~28.06,신규,15,5,2026,"15,410",59.4918,6,1620,0,,,용아로 175,0,00175,00000,3163035,2,12330,12330,우산동,,광산구,12330,아파트,전월세,202605,아파트 전월세,,,,,,광산구|우산동|1620|용아로 175|00175|00000,35.1580213863043,126.79988362894,광주광역시 광산구 우산동 1620,전남광주통합특별시 광산구 용아로 175,광산구,우산동,1233058000,성공,광산구,우산동,True,광산구 우산동,광산구 우산동
하남우미,29200-38,1992,26.05~28.05,신규,3,5,2026,500,49.92,10,1572-2,50,,,월곡산정로 40,0,00040,00000,3163042,1,12330,12330,우산동,,광산구,12330,아파트,전월세,202605,아파트 전월세,,,,,,광산구|우산동|1572-2|월곡산정로 40|00040|00000,35.1658362217461,126.806527217382,광주광역시 광산구 우산동 1572-2,전남광주통합특별시 광산구 월곡산정로 40,광산구,우산동,1233058000,성공,광산구,우산동,True,광산구 우산동,광산구 우산동
금호2지구도개공1단지,29140-155,1998,26.08~28.08,신규,9,6,2026,"13,000",49.92,7,770,0,,,금화로115번길 12,0,00012,00000,4280062,1,12240,12240,금호동,,서구,12240,아파트,전월세,202606,아파트 전월세,,,,,,서구|금호동|770|금화로115번길 12|00012|00000,35.133549091566,126.861885001852,광주광역시 서구 금호동 770,전남광주통합특별시 서구 금화로115번길 12,서구,금호1동,1224082100,성공,서구,금호1동,True,서구 금호1동,서구 금호1동
상무리채2,29140-357,2014,26.06~27.06,신규,10,6,2026,500,20.7189,8,1258-5,43,,,시청로 13,0,00013,00000,3160029,1,12240,12240,치평동,,서구,12240,아파트,전월세,202606,아파트 전월세,,,,,,서구|치평동|1258-5|시청로 13|00013|00000,35.1496032148731,126.851130701034,광주광역시 서구 치평동 1258-5,전남광주통합특별시 서구 시청로 13,서구,치평동,1224074500,성공,서구,치평동,True,서구 치평동,서구 치평동
상무리채2,29140-357,2014,26.06~27.06,신규,10,6,2026,500,20.7189,8,1258-5,43,,,시청로 13,0,00013,00000,3160029,1,12240,12240,치평동,,서구,12240,아파트,전월세,202606,아파트 전월세,,,,,,서구|치평동|1258-5|시청로 13|00013|00000,35.1496032148731,126.851130701034,광주광역시 서구 치평동 1258-5,전남광주통합특별시 서구 시청로 13,서구,치평동,1224074500,성공,서구,치평동,True,서구 치평동,서구 치평동
금호2지구도개공1단지,29140-155,1998,26.08~28.08,신규,9,6,2026,"13,000",49.92,7,770,0,,,금화로115번길 12,0,00012,00000,4280062,1,12240,12240,금호동,,서구,12240,아파트,전월세,202606,아파트 전월세,,,,,,서구|금호동|770|금화로115번길 12|00012|00000,35.133549091566,126.861885001852,광주광역시 서구 금호동 770,전남광주통합특별시 서구 금화로115번길 12,서구,금호1동,1224082100,성공,서구,금호1동,True,서구 금호1동,서구 금호1동
진월3차삼익세라믹아파트,29155-95,2000,26.07~28.07,신규,11,6,2026,"12,000",59.4,20,484,0,,,화산로31번길 17,0,00017,00000,4283692,1,12270,12270,진월동,,남구,12270,아파트,전월세,202606,아파트 전월세,,,,,,남구|진월동|484|화산로31번길 17|00017|00000,35.1138819971429,126.900673997986,광주광역시 남구 진월동 484,전남광주통합특별시 남구 화산로31번길 17,남구,진월동,1227070500,성공,남구,진월동,True,남구 진월동,남구 진월동
진월3차삼익세라믹아파트,29155-95,2000,26.07~28.07,신규,11,6,2026,"12,000",59.4,20,484,0,,,화산로31번길 17,0,00017,00000,4283692,1,12270,12270,진월동,,남구,12270,아파트,전월세,202606,아파트 전월세,,,,,,남구|진월동|484|화산로31번길 17|00017|00000,35.1138819971429,126.900673997986,광주광역시 남구 진월동 484,전남광주통합특별시 남구 화산로31번길 17,남구,진월동,1227070500,성공,남구,진월동,True,남구 진월동,남구 진월동
토담휴로스,29200-305,2013,26.07~27.07,신규,20,6,2026,300,19.9163,9,1576-4,35,,,무진대로231번길 13-5,0,00013,00005,4289119,1,12330,12330,우산동,,광산구,12330,아파트,전월세,202606,아파트 전월세,,,,,,광산구|우산동|1576-4|무진대로231번길 13-5|00013|00005,35.1625981868476,126.805739231192,광주광역시 광산구 우산동 1576-4,전남광주통합특별시 광산구 무진대로231번길 13-5,광산구,우산동,1233058000,성공,광산구,우산동,True,광산구 우산동,광산구 우산동
휴먼빌,29200-274,2012,26.06~28.06,신규,17,6,2026,"8,900",48.01,2,677-12,0,,,첨단중앙로182번길 60-5,0,00060,00005,4289616,1,12330,12330,쌍암동,,광산구,12330,아파트,전월세,202606,아파트 전월세,,,,,,광산구|쌍암동|677-12|첨단중앙로182번길 60-5|00060|00005,35.221366870569,126.848186334851,광주광역시 광산구 쌍암동 677-12,전남광주통합특별시 광산구 첨단중앙로182번길 60-5,광산구,첨단1동,1233062400,성공,광산구,첨단1동,True,광산구 첨단1동,광산구 첨단1동
휴먼빌,29200-274,2012,26.07~28.07,갱신,16,6,2026,"9,390",46.71,4,677-12,0,"9,390",,첨단중앙로182번길 60-5,0,00060,00005,4289616,1,12330,12330,쌍암동,,광산구,12330,아파트,전월세,202606,아파트 전월세,,,,,,광산구|쌍암동|677-12|첨단중앙로182번길 60-5|00060|00005,35.221366870569,126.848186334851,광주광역시 광산구 쌍암동 677-12,전남광주통합특별시 광산구 첨단중앙로182번길 60-5,광산구,첨단1동,1233062400,성공,광산구,첨단1동,True,광산구 첨단1동,광산구 첨단1동
토담휴로스,29200-305,2013,26.07~27.07,신규,20,6,2026,300,19.9163,9,1576-4,35,,,무진대로231번길 13-5,0,00013,00005,4289119,1,12330,12330,우산동,,광산구,12330,아파트,전월세,202606,아파트 전월세,,,,,,광산구|우산동|1576-4|무진대로231번길 13-5|00013|00005,35.1625981868476,126.805739231192,광주광역시 광산구 우산동 1576-4,전남광주통합특별시 광산구 무진대로231번길 13-5,광산구,우산동,1233058000,성공,광산구,우산동,True,광산구 우산동,광산구 우산동
휴먼빌,29200-274,2012,26.06~28.06,신규,17,6,2026,"8,900",48.01,2,677-12,0,,,첨단중앙로182번길 60-5,0,00060,00005,4289616,1,12330,12330,쌍암동,,광산구,12330,아파트,전월세,202606,아파트 전월세,,,,,,광산구|쌍암동|677-12|첨단중앙로182번길 60-5|00060|00005,35.221366870569,126.848186334851,광주광역시 광산구 쌍암동 677-12,전남광주통합특별시 광산구 첨단중앙로182번길 60-5,광산구,첨단1동,1233062400,성공,광산구,첨단1동,True,광산구 첨단1동,광산구 첨단1동
휴먼빌,29200-274,2012,26.07~28.07,갱신,16,6,2026,"9,390",46.71,4,677-12,0,"9,390",,첨단중앙로182번길 60-5,0,00060,00005,4289616,1,12330,12330,쌍암동,,광산구,12330,아파트,전월세,202606,아파트 전월세,,,,,,광산구|쌍암동|677-12|첨단중앙로182번길 60-5|00060|00005,35.221366870569,126.848186334851,광주광역시 광산구 쌍암동 677-12,전남광주통합특별시 광산구 첨단중앙로182번길 60-5,광산구,첨단1동,1233062400,성공,광산구,첨단1동,True,광산구 첨단1동,광산구 첨단1동
,,2023,25.09~26.05,신규,30,8,2025,"9,800",23.61,11,1230,0,,,,,,,,,,12240,치평동,,서구,12240,오피스텔,전월세,202508,오피스텔 전월세,상무 대라수 오피스텔,서구,,,,서구|치평동|1230|||,35.1536262149849,126.852055248872,광주광역시 서구 치평동 1230,전남광주통합특별시 서구 시청로 60,서구,치평동,1224074500,성공,서구,치평동,True,서구 치평동,서구 치평동
,,2023,25.09~26.05,신규,30,8,2025,"9,800",23.61,11,1230,0,,,,,,,,,,12240,치평동,,서구,12240,오피스텔,전월세,202508,오피스텔 전월세,상무 대라수 오피스텔,서구,,,,서구|치평동|1230|||,35.1536262149849,126.852055248872,광주광역시 서구 치평동 1230,전남광주통합특별시 서구 시청로 60,서구,치평동,1224074500,성공,서구,치평동,True,서구 치평동,서구 치평동
,,2014,25.08~26.08,신규,22,8,2025,500,29.94,23,1203-1,40,,,,,,,,,,12240,치평동,,서구,12240,오피스텔,전월세,202508,오피스텔 전월세,중흥에스-클래스스카이31,서구,,,,서구|치평동|1203-1|||,35.1574570996642,126.85089315525,광주광역시 서구 치평동 1203-1,전남광주통합특별시 서구 시청로 97,서구,치평동,1224074500,성공,서구,치평동,True,서구 치평동,서구 치평동
,,2014,25.08~26.08,신규,22,8,2025,500,29.94,23,1203-1,40,,,,,,,,,,12240,치평동,,서구,12240,오피스텔,전월세,202508,오피스텔 전월세,중흥에스-클래스스카이31,서구,,,,서구|치평동|1203-1|||,35.1574570996642,126.85089315525,광주광역시 서구 치평동 1203-1,전남광주통합특별시 서구 시청로 97,서구,치평동,1224074500,성공,서구,치평동,True,서구 치평동,서구 치평동
,,2014,25.09~26.09,신규,2,9,2025,500,29.94,8,1203-1,45,,,,,,,,,,12240,치평동,,서구,12240,오피스텔,전월세,202509,오피스텔 전월세,중흥에스-클래스스카이31,서구,,,,서구|치평동|1203-1|||,35.1574570996642,126.85089315525,광주광역시 서구 치평동 1203-1,전남광주통합특별시 서구 시청로 97,서구,치평동,1224074500,성공,서구,치평동,True,서구 치평동,서구 치평동
,,2014,25.09~26.09,신규,2,9,2025,500,29.94,8,1203-1,45,,,,,,,,,,12240,치평동,,서구,12240,오피스텔,전월세,202509,오피스텔 전월세,중흥에스-클래스스카이31,서구,,,,서구|치평동|1203-1|||,35.1574570996642,126.85089315525,광주광역시 서구 치평동 1203-1,전남광주통합특별시 서구 시청로 97,서구,치평동,1224074500,성공,서구,치평동,True,서구 치평동,서구 치평동
,,2023,25.09~27.09,신규,1,9,2025,"9,500",20.54,7,1230,0,,,,,,,,,,12240,치평동,,서구,12240,오피스텔,전월세,202509,오피스텔 전월세,상무 대라수 오피스텔,서구,,,,서구|치평동|1230|||,35.1536262149849,126.852055248872,광주광역시 서구 치평동 1230,전남광주통합특별시 서구 시청로 60,서구,치평동,1224074500,성공,서구,치평동,True,서구 치평동,서구 치평동
,,2023,25.09~27.09,신규,1,9,2025,"9,500",20.54,7,1230,0,,,,,,,,,,12240,치평동,,서구,12240,오피스텔,전월세,202509,오피스텔 전월세,상무 대라수 오피스텔,서구,,,,서구|치평동|1230|||,35.1536262149849,126.852055248872,광주광역시 서구 치평동 1230,전남광주통합특별시 서구 시청로 60,서구,치평동,1224074500,성공,서구,치평동,True,서구 치평동,서구 치평동
,,2014,25.11~27.11,신규,16,10,2025,"7,000",28.16,3,1259-4,0,,,,,,,,,,12240,치평동,,서구,12240,오피스텔,전월세,202510,오피스텔 전월세,상무e-다움골드,서구,,,,서구|치평동|1259-4|||,35.1490405392878,126.851313020322,광주광역시 서구 치평동 1259-4,전남광주통합특별시 서구 시청로 7,서구,치평동,1224074500,성공,서구,치평동,True,서구 치평동,서구 치평동
,,2014,25.11~27.11,신규,16,10,2025,"7,000",28.16,3,1259-4,0,,,,,,,,,,12240,치평동,,서구,12240,오피스텔,전월세,202510,오피스텔 전월세,상무e-다움골드,서구,,,,서구|치평동|1259-4|||,35.1490405392878,126.851313020322,광주광역시 서구 치평동 1259-4,전남광주통합특별시 서구 시청로 7,서구,치평동,1224074500,성공,서구,치평동,True,서구 치평동,서구 치평동
,,2014,25.11~26.11,신규,30,10,2025,500,29.94,23,1203-1,45,,,,,,,,,,12240,치평동,,서구,12240,오피스텔,전월세,202510,오피스텔 전월세,중흥에스-클래스스카이31,서구,,,,서구|치평동|1203-1|||,35.1574570996642,126.85089315525,광주광역시 서구 치평동 1203-1,전남광주통합특별시 서구 시청로 97,서구,치평동,1224074500,성공,서구,치평동,True,서구 치평동,서구 치평동
,,2014,25.11~26.11,신규,30,10,2025,500,29.94,23,1203-1,45,,,,,,,,,,12240,치평동,,서구,12240,오피스텔,전월세,202510,오피스텔 전월세,중흥에스-클래스스카이31,서구,,,,서구|치평동|1203-1|||,35.1574570996642,126.85089315525,광주광역시 서구 치평동 1203-1,전남광주통합특별시 서구 시청로 97,서구,치평동,1224074500,성공,서구,치평동,True,서구 치평동,서구 치평동
,,2013,25.11~26.10,신규,13,10,2025,"2,000",33.58,4,694-115,31,,,,,,,,,,12330,쌍암동,,광산구,12330,오피스텔,전월세,202510,오피스텔 전월세,에드가,광산구,,,,광산구|쌍암동|694-115|||,35.2149023369798,126.849588941863,광주광역시 광산구 쌍암동 694-115,전남광주통합특별시 광산구 월계로 223-17,광산구,첨단2동,1233062600,성공,북구,첨단2동,True,광산구 첨단2동,북구 첨단2동
,,2020,25.11~27.11,신규,31,10,2025,"9,700",30,12,872-4,13,,,,,,,,,,12330,월계동,,광산구,12330,오피스텔,전월세,202510,오피스텔 전월세,더허브,광산구,,,,광산구|월계동|872-4|||,35.2167301172038,126.847016894707,광주광역시 광산구 월계동 872-4,전남광주통합특별시 광산구 임방울대로800번길 11-10,광산구,첨단2동,1233062600,성공,북구,첨단2동,True,광산구 첨단2동,북구 첨단2동
,,2013,25.11~26.10,신규,13,10,2025,"2,000",33.58,4,694-115,31,,,,,,,,,,12330,쌍암동,,광산구,12330,오피스텔,전월세,202510,오피스텔 전월세,에드가,광산구,,,,광산구|쌍암동|694-115|||,35.2149023369798,126.849588941863,광주광역시 광산구 쌍암동 694-115,전남광주통합특별시 광산구 월계로 223-17,광산구,첨단2동,1233062600,성공,북구,첨단2동,True,광산구 첨단2동,북구 첨단2동
,,2020,25.11~27.11,신규,31,10,2025,"9,700",30,12,872-4,13,,,,,,,,,,12330,월계동,,광산구,12330,오피스텔,전월세,202510,오피스텔 전월세,더허브,광산구,,,,광산구|월계동|872-4|||,35.2167301172038,126.847016894707,광주광역시 광산구 월계동 872-4,전남광주통합특별시 광산구 임방울대로800번길 11-10,광산구,첨단2동,1233062600,성공,북구,첨단2동,True,광산구 첨단2동,북구 첨단2동
,,2022,25.11~26.11,신규,20,11,2025,"1,000",42.6,14,68-1,76,,,,,,,,,,12210,수기동,,동구,12210,오피스텔,전월세,202511,오피스텔 전월세,금남로 유탑유블레스 원시티,동구,,,,동구|수기동|68-1|||,35.1493405408076,126.911473531914,광주광역시 동구 수기동 68-1,전남광주통합특별시 동구 천변우로 361-21,동구,충장동,1221052500,성공,동구,충장동,True,동구 충장동,동구 충장동
,,2022,25.11~26.11,신규,20,11,2025,"1,000",42.6,14,68-1,76,,,,,,,,,,12210,수기동,,동구,12210,오피스텔,전월세,202511,오피스텔 전월세,금남로 유탑유블레스 원시티,동구,,,,동구|수기동|68-1|||,35.1493405408076,126.911473531914,광주광역시 동구 수기동 68-1,전남광주통합특별시 동구 천변우로 361-21,동구,충장동,1221052500,성공,동구,충장동,True,동구 충장동,동구 충장동
,,2014,25.11~26.11,신규,21,11,2025,500,36.27,6,689-5,42,,,,,,,,,,12330,쌍암동,,광산구,12330,오피스텔,전월세,202511,오피스텔 전월세,(689-5),광산구,,,,광산구|쌍암동|689-5|||,35.2203778939048,126.851810756566,광주광역시 광산구 쌍암동 689-5,전남광주통합특별시 광산구 임방울대로825번길 60-26,광산구,첨단1동,1233062400,성공,광산구,첨단1동,True,광산구 첨단1동,광산구 첨단1동
,,2014,25.11~26.11,신규,21,11,2025,500,36.27,6,689-5,42,,,,,,,,,,12330,쌍암동,,광산구,12330,오피스텔,전월세,202511,오피스텔 전월세,(689-5),광산구,,,,광산구|쌍암동|689-5|||,35.2203778939048,126.851810756566,광주광역시 광산구 쌍암동 689-5,전남광주통합특별시 광산구 임방울대로825번길 60-26,광산구,첨단1동,1233062400,성공,광산구,첨단1동,True,광산구 첨단1동,광산구 첨단1동
,,2014,26.01~27.01,신규,16,1,2026,500,29.94,6,1203-1,45,,,,,,,,,,12240,치평동,,서구,12240,오피스텔,전월세,202601,오피스텔 전월세,중흥에스-클래스스카이31,서구,,,,서구|치평동|1203-1|||,35.1574570996642,126.85089315525,광주광역시 서구 치평동 1203-1,전남광주통합특별시 서구 시청로 97,서구,치평동,1224074500,성공,서구,치평동,True,서구 치평동,서구 치평동
,,2014,26.01~27.01,신규,16,1,2026,500,29.94,6,1203-1,45,,,,,,,,,,12240,치평동,,서구,12240,오피스텔,전월세,202601,오피스텔 전월세,중흥에스-클래스스카이31,서구,,,,서구|치평동|1203-1|||,35.1574570996642,126.85089315525,광주광역시 서구 치평동 1203-1,전남광주통합특별시 서구 시청로 97,서구,치평동,1224074500,성공,서구,치평동,True,서구 치평동,서구 치평동
,,,26.02~27.02,신규,30,1,2026,300,32.16,2,571-7,42,,,,,,,,,,12270,진월동,,남구,12270,오피스텔,전월세,202601,오피스텔 전월세,(571-7),남구,,,,남구|진월동|571-7|||,35.1082584184018,126.897481776037,광주광역시 남구 진월동 571-7,전남광주통합특별시 남구 효덕로 280-4,남구,진월동,1227070500,성공,남구,진월동,True,남구 진월동,남구 진월동
,,,26.02~27.02,신규,30,1,2026,300,32.16,2,571-7,42,,,,,,,,,,12270,진월동,,남구,12270,오피스텔,전월세,202601,오피스텔 전월세,(571-7),남구,,,,남구|진월동|571-7|||,35.1082584184018,126.897481776037,광주광역시 남구 진월동 571-7,전남광주통합특별시 남구 효덕로 280-4,남구,진월동,1227070500,성공,남구,진월동,True,남구 진월동,남구 진월동
,,,26.02~27.02,신규,12,2,2026,300,22.23,13,417-18,35,,,,,,,,,,12240,농성동,,서구,12240,오피스텔,전월세,202602,오피스텔 전월세,골든힐스타워,서구,,,,서구|농성동|417-18|||,35.1598446623792,126.88453085155,광주광역시 서구 농성동 417-18,전남광주통합특별시 서구 죽봉대로78번길 10,서구,농성1동,1224065000,성공,서구,농성1동,True,서구 농성1동,서구 농성1동
,,,26.02~27.02,신규,12,2,2026,300,22.23,13,417-18,35,,,,,,,,,,12240,농성동,,서구,12240,오피스텔,전월세,202602,오피스텔 전월세,골든힐스타워,서구,,,,서구|농성동|417-18|||,35.1598446623792,126.88453085155,광주광역시 서구 농성동 417-18,전남광주통합특별시 서구 죽봉대로78번길 10,서구,농성1동,1224065000,성공,서구,농성1동,True,서구 농성1동,서구 농성1동
,,2017,26.04~28.04,신규,23,2,2026,"7,000",29.98,3,694-74,0,,,,,,,,,,12330,쌍암동,,광산구,12330,오피스텔,전월세,202602,오피스텔 전월세,윤진리안채,광산구,,,,광산구|쌍암동|694-74|||,35.2151862774642,126.851132647598,광주광역시 광산구 쌍암동 694-74,전남광주통합특별시 광산구 첨단강변로99번길 21,광산구,첨단2동,1233062600,성공,북구,첨단2동,True,광산구 첨단2동,북구 첨단2동
,,2017,26.04~28.04,신규,23,2,2026,"7,000",29.98,3,694-74,0,,,,,,,,,,12330,쌍암동,,광산구,12330,오피스텔,전월세,202602,오피스텔 전월세,윤진리안채,광산구,,,,광산구|쌍암동|694-74|||,35.2151862774642,126.851132647598,광주광역시 광산구 쌍암동 694-74,전남광주통합특별시 광산구 첨단강변로99번길 21,광산구,첨단2동,1233062600,성공,북구,첨단2동,True,광산구 첨단2동,북구 첨단2동
,,2022,26.03~27.03,신규,5,3,2026,400,24.27,3,888-6,55,,,,,,,,,,12330,월계동,,광산구,12330,오피스텔,전월세,202603,오피스텔 전월세,첨단트레비엔 H-CITY,광산구,,,,광산구|월계동|888-6|||,35.215303570123,126.8442051377,광주광역시 광산구 월계동 888-6,전남광주통합특별시 광산구 첨단중앙로106번길 25,광산구,첨단2동,1233062600,성공,북구,첨단2동,True,광산구 첨단2동,북구 첨단2동
,,2022,26.03~27.03,신규,5,3,2026,400,24.27,3,888-6,55,,,,,,,,,,12330,월계동,,광산구,12330,오피스텔,전월세,202603,오피스텔 전월세,첨단트레비엔 H-CITY,광산구,,,,광산구|월계동|888-6|||,35.215303570123,126.8442051377,광주광역시 광산구 월계동 888-6,전남광주통합특별시 광산구 첨단중앙로106번길 25,광산구,첨단2동,1233062600,성공,북구,첨단2동,True,광산구 첨단2동,북구 첨단2동
,,2014,26.04~27.04,신규,25,4,2026,500,29.94,18,1203-1,45,,,,,,,,,,12240,치평동,,서구,12240,오피스텔,전월세,202604,오피스텔 전월세,중흥에스-클래스스카이31,서구,,,,서구|치평동|1203-1|||,35.1574570996642,126.85089315525,광주광역시 서구 치평동 1203-1,전남광주통합특별시 서구 시청로 97,서구,치평동,1224074500,성공,서구,치평동,True,서구 치평동,서구 치평동
,,2014,26.04~27.04,신규,25,4,2026,500,29.94,18,1203-1,45,,,,,,,,,,12240,치평동,,서구,12240,오피스텔,전월세,202604,오피스텔 전월세,중흥에스-클래스스카이31,서구,,,,서구|치평동|1203-1|||,35.1574570996642,126.85089315525,광주광역시 서구 치평동 1203-1,전남광주통합특별시 서구 시청로 97,서구,치평동,1224074500,성공,서구,치평동,True,서구 치평동,서구 치평동
,,2016,26.04~27.04,신규,3,4,2026,500,31.61,25,1210-3,55,,,,,,,,,,12240,치평동,,서구,12240,오피스텔,전월세,202604,오피스텔 전월세,샌트럴시티오피스텔,서구,,,,서구|치평동|1210-3|||,35.1555638218983,126.850915157682,광주광역시 서구 치평동 1210-3,전남광주통합특별시 서구 시청로 77,서구,치평동,1224074500,성공,서구,치평동,True,서구 치평동,서구 치평동
,,2016,26.04~27.04,신규,3,4,2026,500,31.61,25,1210-3,55,,,,,,,,,,12240,치평동,,서구,12240,오피스텔,전월세,202604,오피스텔 전월세,샌트럴시티오피스텔,서구,,,,서구|치평동|1210-3|||,35.1555638218983,126.850915157682,광주광역시 서구 치평동 1210-3,전남광주통합특별시 서구 시청로 77,서구,치평동,1224074500,성공,서구,치평동,True,서구 치평동,서구 치평동
,,2016,26.04~28.04,신규,25,4,2026,"15,500",55.54,7,480,0,,,,,,,,,,12270,봉선동,,남구,12270,오피스텔,전월세,202604,오피스텔 전월세,더플레이스 봉선,남구,,,,남구|봉선동|480|||,35.1245740008812,126.909914374404,광주광역시 남구 봉선동 480,전남광주통합특별시 남구 봉선로133번길 15,남구,봉선2동,1227053800,성공,남구,봉선2동,True,남구 봉선2동,남구 봉선2동
,,2016,26.04~28.04,신규,25,4,2026,"15,500",55.54,7,480,0,,,,,,,,,,12270,봉선동,,남구,12270,오피스텔,전월세,202604,오피스텔 전월세,더플레이스 봉선,남구,,,,남구|봉선동|480|||,35.1245740008812,126.909914374404,광주광역시 남구 봉선동 480,전남광주통합특별시 남구 봉선로133번길 15,남구,봉선2동,1227053800,성공,남구,봉선2동,True,남구 봉선2동,남구 봉선2동
,,2021,26.07~27.07,갱신,26,6,2026,"9,500",29.8,10,79-1,0,"10,000",,,,,,,,,12210,금남로4가,,동구,12210,오피스텔,전월세,202606,오피스텔 전월세,로머스파크,동구,,,,동구|금남로4가|79-1|||,35.1503712744405,126.914397101761,광주광역시 동구 금남로4가 79-1,전남광주통합특별시 동구 금남로 202,동구,충장동,1221052500,성공,동구,충장동,True,동구 충장동,동구 충장동
,,2021,26.07~27.07,갱신,26,6,2026,"9,500",29.8,10,79-1,0,"10,000",,,,,,,,,12210,금남로4가,,동구,12210,오피스텔,전월세,202606,오피스텔 전월세,로머스파크,동구,,,,동구|금남로4가|79-1|||,35.1503712744405,126.914397101761,광주광역시 동구 금남로4가 79-1,전남광주통합특별시 동구 금남로 202,동구,충장동,1221052500,성공,동구,충장동,True,동구 충장동,동구 충장동
,,2012,25.08~26.08,신규,6,8,2025,200,17.57,1,565-8,36,,,,,,,,,,12270,진월동,,남구,12270,연립다세대,전월세,202508,연립다세대 전월세,,,다세대,,해든하우스,남구|진월동|565-8|||,35.1100058715366,126.897237501477,광주광역시 남구 진월동 565-8,전남광주통합특별시 남구 효덕로300번길 8-8,남구,진월동,1227070500,성공,남구,진월동,True,남구 진월동,남구 진월동
,,2012,25.08~26.08,신규,6,8,2025,200,17.57,1,565-8,36,,,,,,,,,,12270,진월동,,남구,12270,연립다세대,전월세,202508,연립다세대 전월세,,,다세대,,해든하우스,남구|진월동|565-8|||,35.1100058715366,126.897237501477,광주광역시 남구 진월동 565-8,전남광주통합특별시 남구 효덕로300번길 8-8,남구,진월동,1227070500,성공,남구,진월동,True,남구 진월동,남구 진월동
,,2014,25.12~26.12,신규,23,12,2025,"1,000",25.175,3,694-23,41,,,,,,,,,,12330,쌍암동,,광산구,12330,연립다세대,전월세,202512,연립다세대 전월세,,,연립,,샤넬타운,광산구|쌍암동|694-23|||,35.2169606273118,126.849562299558,광주광역시 광산구 쌍암동 694-23,전남광주통합특별시 광산구 임방울대로826번길 7-14,광산구,첨단2동,1233062600,성공,북구,첨단2동,True,광산구 첨단2동,북구 첨단2동
,,2014,25.12~26.12,신규,23,12,2025,"1,000",25.175,3,694-23,41,,,,,,,,,,12330,쌍암동,,광산구,12330,연립다세대,전월세,202512,연립다세대 전월세,,,연립,,샤넬타운,광산구|쌍암동|694-23|||,35.2169606273118,126.849562299558,광주광역시 광산구 쌍암동 694-23,전남광주통합특별시 광산구 임방울대로826번길 7-14,광산구,첨단2동,1233062600,성공,북구,첨단2동,True,광산구 첨단2동,북구 첨단2동
,,2001,26.01~27.01,신규,18,1,2026,"2,800",26.24,3,29-10,0,,,,,,,,,,12210,학동,,동구,12210,연립다세대,전월세,202601,연립다세대 전월세,,,다세대,,대성하이빌,동구|학동|29-10|||,35.1382937714961,126.924462597707,광주광역시 동구 학동 29-10,전남광주통합특별시 동구 남문로 768-6,동구,학동,1221068500,성공,동구,학동,True,동구 학동,동구 학동
,,2001,26.01~27.01,신규,18,1,2026,"2,800",26.24,3,29-10,0,,,,,,,,,,12210,학동,,동구,12210,연립다세대,전월세,202601,연립다세대 전월세,,,다세대,,대성하이빌,동구|학동|29-10|||,35.1382937714961,126.924462597707,광주광역시 동구 학동 29-10,전남광주통합특별시 동구 남문로 768-6,동구,학동,1221068500,성공,동구,학동,True,동구 학동,동구 학동
,,2012,26.02~27.02,신규,29,1,2026,200,17.57,2,565-8,37,,,,,,,,,,12270,진월동,,남구,12270,연립다세대,전월세,202601,연립다세대 전월세,,,다세대,,해든하우스,남구|진월동|565-8|||,35.1100058715366,126.897237501477,광주광역시 남구 진월동 565-8,전남광주통합특별시 남구 효덕로300번길 8-8,남구,진월동,1227070500,성공,남구,진월동,True,남구 진월동,남구 진월동
,,2012,26.02~27.02,신규,29,1,2026,200,17.57,2,565-8,37,,,,,,,,,,12270,진월동,,남구,12270,연립다세대,전월세,202601,연립다세대 전월세,,,다세대,,해든하우스,남구|진월동|565-8|||,35.1100058715366,126.897237501477,광주광역시 남구 진월동 565-8,전남광주통합특별시 남구 효덕로300번길 8-8,남구,진월동,1227070500,성공,남구,진월동,True,남구 진월동,남구 진월동
