시설명,시설유형,기관분류,주소,자치구,출처,출처URL,수집기준,수집일,위도,경도,카카오검색주소,지오코딩상태,좌표보완방식,좌표보완검색어,공식자치구,공식행정동,행정동코드,행정동매핑상태,프로젝트자치구,프로젝트행정동,분석대상여부,원본자치구_좌표자치구_일치
광산구 도시재생공동체센터,기타공간,공공,광주 광산구 장덕로96번길 15 (장덕동),광산구,광주청년통합플랫폼,https://youth.gwangju.go.kr/www/areaResve/resveList,광주청년통합플랫폼에서 기관분류가 공공으로 표시된 시설,2026-09-05,35.1912241031777,126.816337659051,전남광주통합특별시 광산구 장덕로96번길 15,성공,,,광산구,수완동,1233063700,성공,광산구,수완동,True,True
광산구 주민참여플랫폼 더하기센터,기타공간,공공,광주 광산구 용진로 303 (남산동),광산구,광주청년통합플랫폼,https://youth.gwangju.go.kr/www/areaResve/resveList,광주청년통합플랫폼에서 기관분류가 공공으로 표시된 시설,2026-09-05,35.180489296295,126.720909435748,전남광주통합특별시 광산구 용진로 303,성공,,,광산구,본량동,1233069000,성공,광산구,본량동,False,True
광산형 구독오피스 3호점,기타공간,공공,광주 광산구 소촌로85번길 14-9 (소촌동),광산구,광주청년통합플랫폼,https://youth.gwangju.go.kr/www/areaResve/resveList,광주청년통합플랫폼에서 기관분류가 공공으로 표시된 시설,2026-09-05,35.152662301273,126.79088222594,전남광주통합특별시 광산구 소촌로85번길 14-9,성공,,,광산구,어룡동,1233056500,성공,광산구,어룡동,False,True
광산형 구독오피스 4호점,기타공간,공공,"광주 광산구 산정공원로72번길 21-12 (월곡동, 월곡2동 행정복지센터)",광산구,광주청년통합플랫폼,https://youth.gwangju.go.kr/www/areaResve/resveList,광주청년통합플랫폼에서 기관분류가 공공으로 표시된 시설,2026-09-05,35.1743584594335,126.80800207396,전남광주통합특별시 광산구 산정공원로72번길 21-12,성공,,,광산구,월곡2동,1233061000,성공,광산구,월곡2동,False,True
광산형 구독오피스 5호점,기타공간,공공,광주 광산구 산월로21번길 42 (월계동) 첨단2동 세대공감커뮤니티센터 3층,광산구,광주청년통합플랫폼,https://youth.gwangju.go.kr/www/areaResve/resveList,광주청년통합플랫폼에서 기관분류가 공공으로 표시된 시설,2026-09-05,35.2108978847779,126.839804495493,전남광주통합특별시 광산구 산월로21번길 42,성공,,,광산구,첨단2동,1233062600,성공,북구,첨단2동,True,True
동곡동 행정복지센터,기타공간,공공,"광주 광산구 동곡로 151-56 (하산동, 동곡동 행정복지센터)",광산구,광주청년통합플랫폼,https://youth.gwangju.go.kr/www/areaResve/resveList,광주청년통합플랫폼에서 기관분류가 공공으로 표시된 시설,2026-09-05,35.0983955925539,126.772085383592,전남광주통합특별시 광산구 동곡로 151-56,성공,,,광산구,동곡동,1233066000,성공,광산구,동곡동,False,True
비아동 행정복지센터,기타공간,공공,"광주 광산구 비아중앙로31번길 8-6 (비아동, 비아동행정복지센터)",광산구,광주청년통합플랫폼,https://youth.gwangju.go.kr/www/areaResve/resveList,광주청년통합플랫폼에서 기관분류가 공공으로 표시된 시설,2026-09-05,35.2222657473363,126.824426510857,전남광주통합특별시 광산구 비아중앙로31번길 8-6,성공,,,광산구,비아동,1233062000,성공,광산구,비아동,False,True
삼도동 행정복지센터,기타공간,공공,"광주 광산구 오운로 433-1 (도덕동, 삼도동행정복지센터)",광산구,광주청년통합플랫폼,https://youth.gwangju.go.kr/www/areaResve/resveList,광주청년통합플랫폼에서 기관분류가 공공으로 표시된 시설,2026-09-05,35.1622070185439,126.697579019429,전남광주통합특별시 광산구 오운로 433-1,성공,,,광산구,삼도동,1233068000,성공,광산구,삼도동,False,True
송정1동 커뮤니티센터 송정다락,기타공간,공공,광주 광산구 광산로 98-3 (송정동) 송정다락,광산구,광주청년통합플랫폼,https://youth.gwangju.go.kr/www/areaResve/resveList,광주청년통합플랫폼에서 기관분류가 공공으로 표시된 시설,2026-09-05,35.1422085690859,126.80114202322,전남광주통합특별시 광산구 광산로 98,성공,,,광산구,송정1동,1233051500,성공,광산구,송정1동,True,True
송정다누리작은도서관,기타공간,공공,"광주 광산구 광산로 70 (송정동, 송정1동행정복지센터) 2층 송정다누리작은도서관",광산구,광주청년통합플랫폼,https://youth.gwangju.go.kr/www/areaResve/resveList,광주청년통합플랫폼에서 기관분류가 공공으로 표시된 시설,2026-09-05,35.1407141623166,126.798769209652,전남광주통합특별시 광산구 광산로 70,성공,,,광산구,송정1동,1233051500,성공,광산구,송정1동,True,True
신창동 행정복지센터,기타공간,공공,"광주 광산구 왕버들로 291 (신창동, 신창동 행정복지센터)",광산구,광주청년통합플랫폼,https://youth.gwangju.go.kr/www/areaResve/resveList,광주청년통합플랫폼에서 기관분류가 공공으로 표시된 시설,2026-09-05,35.1955842917607,126.840705647343,전남광주통합특별시 광산구 왕버들로 291,성공,,,광산구,신창동,1233070000,성공,광산구,신창동,False,True
월곡1동 행정복지센터,기타공간,공공,"광주 광산구 사암로 306 (월곡동, 월곡1동 주민센터)",광산구,광주청년통합플랫폼,https://youth.gwangju.go.kr/www/areaResve/resveList,광주청년통합플랫폼에서 기관분류가 공공으로 표시된 시설,2026-09-05,35.1718784057027,126.809790508863,전남광주통합특별시 광산구 사암로 306,성공,,,광산구,월곡1동,1233060000,성공,광산구,월곡1동,False,True
월곡2동 작은도서관,기타공간,공공,광주광역시 광산구 산정공원로 72번길 21-12,광산구,광주청년통합플랫폼,https://youth.gwangju.go.kr/www/areaResve/resveList,광주청년통합플랫폼에서 기관분류가 공공으로 표시된 시설,2026-09-05,35.1743584594335,126.80800207396,전남광주통합특별시 광산구 산정공원로72번길 21-12,성공,,,광산구,월곡2동,1233061000,성공,광산구,월곡2동,False,True
유노윤호작은도서관 HUG,기타공간,공공,광주 광산구 소촌로85번길 14-9 (소촌동) 소촌아트팩토리,광산구,광주청년통합플랫폼,https://youth.gwangju.go.kr/www/areaResve/resveList,광주청년통합플랫폼에서 기관분류가 공공으로 표시된 시설,2026-09-05,35.152662301273,126.79088222594,전남광주통합특별시 광산구 소촌로85번길 14-9,성공,,,광산구,어룡동,1233056500,성공,광산구,어룡동,False,True
이야기꽃도서관,기타공간,공공,"광주 광산구 선운중앙로67번길 6 (선암동, 이야기꽃도서관/어룡동행정복지센터)",광산구,광주청년통합플랫폼,https://youth.gwangju.go.kr/www/areaResve/resveList,광주청년통합플랫폼에서 기관분류가 공공으로 표시된 시설,2026-09-05,35.1484108709334,126.779895141601,전남광주통합특별시 광산구 선운중앙로67번길 6,성공,,,광산구,어룡동,1233056500,성공,광산구,어룡동,False,True
임곡꿈쟁이작은도서관,기타공간,공공,"광주 광산구 고봉로 788 (임곡동, 임곡동행정복지센터/임곡복지문화관)",광산구,광주청년통합플랫폼,https://youth.gwangju.go.kr/www/areaResve/resveList,광주청년통합플랫폼에서 기관분류가 공공으로 표시된 시설,2026-09-05,35.2195984826766,126.74479017612,전남광주통합특별시 광산구 고봉로 788,성공,,,광산구,임곡동,1233065000,성공,광산구,임곡동,False,True
장덕도서관,기타공간,공공,"광주 광산구 풍영로 179 (장덕동, 장덕도서관)",광산구,광주청년통합플랫폼,https://youth.gwangju.go.kr/www/areaResve/resveList,광주청년통합플랫폼에서 기관분류가 공공으로 표시된 시설,2026-09-05,35.187593295059,126.813347020265,전남광주통합특별시 광산구 풍영로 179,성공,,,광산구,수완동,1233063700,성공,광산구,수완동,True,True
첨단2동 작은도서관,기타공간,공공,광주 광산구 월계로22번길 42 (월계동),광산구,광주청년통합플랫폼,https://youth.gwangju.go.kr/www/areaResve/resveList,광주청년통합플랫폼에서 기관분류가 공공으로 표시된 시설,2026-09-05,35.2103637688642,126.834990382481,전남광주통합특별시 광산구 월계로22번길 42,성공,,,광산구,첨단2동,1233062600,성공,북구,첨단2동,True,True
첨단2동 행정복지센터,기타공간,공공,"광주 광산구 첨단중앙로124번길 24 (월계동, 첨단2동 행정복지센터)",광산구,광주청년통합플랫폼,https://youth.gwangju.go.kr/www/areaResve/resveList,광주청년통합플랫폼에서 기관분류가 공공으로 표시된 시설,2026-09-05,35.2162497596578,126.843329829405,전남광주통합특별시 광산구 첨단중앙로124번길 24,성공,,,광산구,첨단2동,1233062600,성공,북구,첨단2동,True,True
광산형 구독오피스 1호점,창업지원형,공공,광주 광산구 소촌로85번길 14-9 (소촌동) 광산구 지역경제활력센터,광산구,광주청년통합플랫폼,https://youth.gwangju.go.kr/www/areaResve/resveList,광주청년통합플랫폼에서 기관분류가 공공으로 표시된 시설,2026-09-05,35.152662301273,126.79088222594,전남광주통합특별시 광산구 소촌로85번길 14-9,성공,,,광산구,어룡동,1233056500,성공,광산구,어룡동,False,True
광산형 구독오피스 2호점,창업지원형,공공,"광주 광산구 단전1길 14 (하남동, 광산공유센터)",광산구,광주청년통합플랫폼,https://youth.gwangju.go.kr/www/areaResve/resveList,광주청년통합플랫폼에서 기관분류가 공공으로 표시된 시설,2026-09-05,35.1816393259524,126.799375522562,전남광주통합특별시 광산구 단전1길 14,성공,,,광산구,하남동,1233064000,성공,광산구,하남동,False,True
광주여자대학교 대학일자리플러스센터,취업지원형,공공,"광주 광산구 광주여대길 40 (산정동, 광주여자대학교 도서관/대학본부) 도서관 1층",광산구,광주청년통합플랫폼,https://youth.gwangju.go.kr/www/areaResve/resveList,광주청년통합플랫폼에서 기관분류가 공공으로 표시된 시설,2026-09-05,35.1631661342677,126.796408497487,전남광주통합특별시 광산구 광주여대길 40,성공,,,광산구,월곡2동,1233061000,성공,광산구,월곡2동,False,True
호남대학교 대학일자리플러스센터,취업지원형,공공,"광주 광산구 호남대길 75 (서봉동, 상지관) 호남대학교 상지관(3호관)",광산구,광주청년통합플랫폼,https://youth.gwangju.go.kr/www/areaResve/resveList,광주청년통합플랫폼에서 기관분류가 공공으로 표시된 시설,2026-09-05,35.1518534580722,126.767647648668,전남광주통합특별시 광산구 호남대길 75,성공,,,광산구,어룡동,1233056500,성공,광산구,어룡동,False,True
스키나드,통합지원형,공공,"광주 광산구 앰코로 35 (쌍암동, 폭스존)",광산구,광주청년통합플랫폼,https://youth.gwangju.go.kr/www/areaResve/resveList,광주청년통합플랫폼에서 기관분류가 공공으로 표시된 시설,2026-09-05,35.2215143042016,126.852391831029,전남광주통합특별시 광산구 앰코로 35,성공,,,광산구,첨단1동,1233062400,성공,광산구,첨단1동,True,True
우산동 작은도서관,통합지원형,공공,"광주 광산구 무진대로 246-12 (우산동, 우산동행정복지센터)",광산구,광주청년통합플랫폼,https://youth.gwangju.go.kr/www/areaResve/resveList,광주청년통합플랫폼에서 기관분류가 공공으로 표시된 시설,2026-09-05,35.1602375375304,126.807040529941,전남광주통합특별시 광산구 무진대로 246-12,성공,,,광산구,우산동,1233058000,성공,광산구,우산동,True,True
주식회사 허니,통합지원형,공공,"광주 광산구 신창로 64 (신창동, 프뤼몰타운)",광산구,광주청년통합플랫폼,https://youth.gwangju.go.kr/www/areaResve/resveList,광주청년통합플랫폼에서 기관분류가 공공으로 표시된 시설,2026-09-05,35.1909878387072,126.837381786207,전남광주통합특별시 광산구 신창로 64,성공,,,광산구,신창동,1233070000,성공,광산구,신창동,False,True
청청플랫폼,통합지원형,공공,"광주 광산구 첨단중앙로 160 (쌍암동, 첨단1동 행정복지센터) 첨단종합사회복지관 4층",광산구,광주청년통합플랫폼,https://youth.gwangju.go.kr/www/areaResve/resveList,광주청년통합플랫폼에서 기관분류가 공공으로 표시된 시설,2026-09-05,35.2194803920107,126.842368587241,전남광주통합특별시 광산구 첨단중앙로 160,성공,,,광산구,첨단1동,1233062400,성공,광산구,첨단1동,True,True
감성스토리 레인보우뮤직,프로그램운영형,공공,광주 광산구 장신로50번길 27 (장덕동),광산구,광주청년통합플랫폼,https://youth.gwangju.go.kr/www/areaResve/resveList,광주청년통합플랫폼에서 기관분류가 공공으로 표시된 시설,2026-09-05,35.1895661553152,126.815923283518,전남광주통합특별시 광산구 장신로50번길 27,성공,,,광산구,수완동,1233063700,성공,광산구,수완동,True,True
꿈꾸는 작업실,프로그램운영형,공공,광주 광산구 월계로118번길 37-6 (월계동),광산구,광주청년통합플랫폼,https://youth.gwangju.go.kr/www/areaResve/resveList,광주청년통합플랫폼에서 기관분류가 공공으로 표시된 시설,2026-09-05,35.2117555978708,126.83864128285,전남광주통합특별시 광산구 월계로118번길 37-6,성공,,,광산구,첨단2동,1233062600,성공,북구,첨단2동,True,True
다올플러스사회적협동조합,프로그램운영형,공공,광주 광산구 소촌로85번길 14-9 (소촌동),광산구,광주청년통합플랫폼,https://youth.gwangju.go.kr/www/areaResve/resveList,광주청년통합플랫폼에서 기관분류가 공공으로 표시된 시설,2026-09-05,35.152662301273,126.79088222594,전남광주통합특별시 광산구 소촌로85번길 14-9,성공,,,광산구,어룡동,1233056500,성공,광산구,어룡동,False,True
디저트꾸움,프로그램운영형,공공,"광주 광산구 사암로215번길 16 (우산동, 어등하이빌)",광산구,광주청년통합플랫폼,https://youth.gwangju.go.kr/www/areaResve/resveList,광주청년통합플랫폼에서 기관분류가 공공으로 표시된 시설,2026-09-05,35.1641280959899,126.808193837224,전남광주통합특별시 광산구 사암로215번길 16,성공,,,광산구,우산동,1233058000,성공,광산구,우산동,True,True
리디아 장미농원,프로그램운영형,공공,광주 광산구 연계금곡길 108-9 (연산동),광산구,광주청년통합플랫폼,https://youth.gwangju.go.kr/www/areaResve/resveList,광주청년통합플랫폼에서 기관분류가 공공으로 표시된 시설,2026-09-05,35.1137758188562,126.749587569751,전남광주통합특별시 광산구 연계금곡길 108-9,성공,,,광산구,평동,1233067000,성공,광산구,평동,False,True
별아뜰리에,프로그램운영형,공공,"광주 광산구 용아로 175-6 (우산동, 광주하남 LH 천년나무)",광산구,광주청년통합플랫폼,https://youth.gwangju.go.kr/www/areaResve/resveList,광주청년통합플랫폼에서 기관분류가 공공으로 표시된 시설,2026-09-05,35.160389524537,126.800266370978,전남광주통합특별시 광산구 용아로 175-6,성공,,,광산구,우산동,1233058000,성공,광산구,우산동,True,True
수떡공예 교욱문화원,프로그램운영형,공공,광주 광산구 산정공원로 12 (월곡동),광산구,광주청년통합플랫폼,https://youth.gwangju.go.kr/www/areaResve/resveList,광주청년통합플랫폼에서 기관분류가 공공으로 표시된 시설,2026-09-05,35.1693046397195,126.807771034135,전남광주통합특별시 광산구 산정공원로 12,성공,,,광산구,월곡2동,1233061000,성공,광산구,월곡2동,False,True
수미상관 가죽공방,프로그램운영형,공공,광주 광산구 첨단중앙로67번길 7-16 (월계동),광산구,광주청년통합플랫폼,https://youth.gwangju.go.kr/www/areaResve/resveList,광주청년통합플랫폼에서 기관분류가 공공으로 표시된 시설,2026-09-05,35.2106029829588,126.842153247601,전남광주통합특별시 광산구 첨단중앙로67번길 7-16,성공,,,광산구,첨단2동,1233062600,성공,북구,첨단2동,True,True
시즈레더,프로그램운영형,공공,광주 광산구 신창로105번길 16-7 (신창동),광산구,광주청년통합플랫폼,https://youth.gwangju.go.kr/www/areaResve/resveList,광주청년통합플랫폼에서 기관분류가 공공으로 표시된 시설,2026-09-05,35.1953321671376,126.836968389208,전남광주통합특별시 광산구 신창로105번길 16-7,성공,,,광산구,신창동,1233070000,성공,광산구,신창동,False,True
아트트리스튜디오,프로그램운영형,공공,광주 광산구 장신로148번길 9-16 (수완동),광산구,광주청년통합플랫폼,https://youth.gwangju.go.kr/www/areaResve/resveList,광주청년통합플랫폼에서 기관분류가 공공으로 표시된 시설,2026-09-05,35.1899545438947,126.828062374806,전남광주통합특별시 광산구 장신로148번길 9-16,성공,,,광산구,수완동,1233063700,성공,광산구,수완동,True,True
카페스태리,프로그램운영형,공공,"광주 광산구 용아로 175 (우산동, 국제미소래아파트)",광산구,광주청년통합플랫폼,https://youth.gwangju.go.kr/www/areaResve/resveList,광주청년통합플랫폼에서 기관분류가 공공으로 표시된 시설,2026-09-05,35.1587796177898,126.800216855345,전남광주통합특별시 광산구 용아로 175,성공,,,광산구,우산동,1233058000,성공,광산구,우산동,True,True
협동조합 놀자,프로그램운영형,공공,광주 광산구 월계로 84-25 (월계동),광산구,광주청년통합플랫폼,https://youth.gwangju.go.kr/www/areaResve/resveList,광주청년통합플랫폼에서 기관분류가 공공으로 표시된 시설,2026-09-05,35.2116725451514,126.835996492088,전남광주통합특별시 광산구 월계로 84-25,성공,,,광산구,첨단2동,1233062600,성공,북구,첨단2동,True,True
1549 대촌공감센터,기타공간,공공,광주 남구 포충로 591-1 (지석동),남구,광주청년통합플랫폼,https://youth.gwangju.go.kr/www/areaResve/resveList,광주청년통합플랫폼에서 기관분류가 공공으로 표시된 시설,2026-09-05,35.0815171852993,126.8336783857,전남광주통합특별시 남구 포충로 591-1,성공,,,남구,대촌동,1227073000,성공,남구,대촌동,False,True
광주온에어스테이션,기타공간,공공,"광주 남구 송암로 60 (송하동, 광주CGI센터) 기업동 3층",남구,광주청년통합플랫폼,https://youth.gwangju.go.kr/www/areaResve/resveList,광주청년통합플랫폼에서 기관분류가 공공으로 표시된 시설,2026-09-05,35.110713711125,126.877804066884,전남광주통합특별시 남구 송암로 60,성공,,,남구,송암동,1227072000,성공,남구,송암동,True,True
광주음악산업진흥센터,기타공간,공공,광주 남구 사직길 17 (사동),남구,광주청년통합플랫폼,https://youth.gwangju.go.kr/www/areaResve/resveList,광주청년통합플랫폼에서 기관분류가 공공으로 표시된 시설,2026-09-05,35.142611994627,126.914907478461,전남광주통합특별시 남구 사직길 17,성공,,,남구,사직동,1227054500,성공,남구,사직동,False,True
글빛마루정원,기타공간,공공,광주 남구 천변좌로338번길 7 (구동) 빛고을아트스페이스 2층,남구,광주청년통합플랫폼,https://youth.gwangju.go.kr/www/areaResve/resveList,광주청년통합플랫폼에서 기관분류가 공공으로 표시된 시설,2026-09-05,35.1479055222584,126.907896870694,전남광주통합특별시 남구 천변좌로338번길 7,성공,,,남구,사직동,1227054500,성공,남구,사직동,False,True
남구 청년 따순 주먹밥 쉼터 2호점,기타공간,공공,광주 남구 구성로38번길 10 (월산동) 달뫼커뮤니티센터 3층,남구,광주청년통합플랫폼,https://youth.gwangju.go.kr/www/areaResve/resveList,광주청년통합플랫폼에서 기관분류가 공공으로 표시된 시설,2026-09-05,35.1513958113727,126.900975996329,전남광주통합특별시 남구 구성로38번길 10,성공,,,남구,월산동,1227060500,성공,남구,월산동,False,True
남구 청년 따순 주먹밥 쉼터 3호점,기타공간,공공,"광주 남구 용대로 91 (봉선동, 인애종합사회복지관) 별관",남구,광주청년통합플랫폼,https://youth.gwangju.go.kr/www/areaResve/resveList,광주청년통합플랫폼에서 기관분류가 공공으로 표시된 시설,2026-09-05,35.124545426857,126.917642684131,전남광주통합특별시 남구 용대로 91,성공,,,남구,봉선2동,1227053800,성공,남구,봉선2동,True,True
남구문화정보도서관,기타공간,공공,"광주 남구 봉선로 208 (봉선동, 남구종합문화예술회관(남구청소년수련관)) 5층",남구,광주청년통합플랫폼,https://youth.gwangju.go.kr/www/areaResve/resveList,광주청년통합플랫폼에서 기관분류가 공공으로 표시된 시설,2026-09-05,35.1220342708818,126.917313569562,전남광주통합특별시 남구 봉선로 208,성공,,,남구,봉선2동,1227053800,성공,남구,봉선2동,True,True
남구청 북카페,기타공간,공공,"광주 남구 봉선로 1 (봉선동, 남구청) 1층 민원봉사과 앞",남구,광주청년통합플랫폼,https://youth.gwangju.go.kr/www/areaResve/resveList,광주청년통합플랫폼에서 기관분류가 공공으로 표시된 시설,2026-09-05,35.1327995691901,126.902451218247,전남광주통합특별시 남구 봉선로 1,성공,,,남구,봉선1동,1227053700,성공,남구,봉선1동,False,True
남구청소년도서관,기타공간,공공,"광주 남구 제석로 100 (봉선동, 남구 청소년도서관)",남구,광주청년통합플랫폼,https://youth.gwangju.go.kr/www/areaResve/resveList,광주청년통합플랫폼에서 기관분류가 공공으로 표시된 시설,2026-09-05,35.1233993503613,126.907886067368,전남광주통합특별시 남구 제석로 100,성공,,,남구,봉선2동,1227053800,성공,남구,봉선2동,True,True
달뫼 작은도서관,기타공간,공공,광주 남구 구성로38번길 10 (월산동) 달뫼커뮤니티센터 2층,남구,광주청년통합플랫폼,https://youth.gwangju.go.kr/www/areaResve/resveList,광주청년통합플랫폼에서 기관분류가 공공으로 표시된 시설,2026-09-05,35.1513958113727,126.900975996329,전남광주통합특별시 남구 구성로38번길 10,성공,,,남구,월산동,1227060500,성공,남구,월산동,False,True
방림1동 작은도서관,기타공간,공공,"광주 남구 오방로 101-2 (방림동, 방림1동 행정복지센터) 꽃마을작은도서관",남구,광주청년통합플랫폼,https://youth.gwangju.go.kr/www/areaResve/resveList,광주청년통합플랫폼에서 기관분류가 공공으로 표시된 시설,2026-09-05,35.1343516045751,126.918263607283,전남광주통합특별시 남구 오방로 101-2,성공,,,남구,방림1동,1227052000,성공,남구,방림1동,True,True
방림2동 작은도서관,기타공간,공공,광주 남구 큰방림길 36 (방림동) 고맙습니다 방림2동 작은도서관,남구,광주청년통합플랫폼,https://youth.gwangju.go.kr/www/areaResve/resveList,광주청년통합플랫폼에서 기관분류가 공공으로 표시된 시설,2026-09-05,35.1319331452,126.922782082199,전남광주통합특별시 남구 큰방림길 36,성공,,,남구,방림2동,1227053000,성공,남구,방림2동,False,True
방림2동 커뮤니티센터,기타공간,공공,"광주 남구 천변좌로566번다길 12 (방림동, 방림2동 행정복지센터)",남구,광주청년통합플랫폼,https://youth.gwangju.go.kr/www/areaResve/resveList,광주청년통합플랫폼에서 기관분류가 공공으로 표시된 시설,2026-09-05,35.1319309313062,126.921999235064,전남광주통합특별시 남구 천변좌로566번다길 12,성공,,,남구,방림2동,1227053000,성공,남구,방림2동,False,True
백운1동 커뮤니티센터,기타공간,공공,광주 남구 백운로 45-2 (백운동),남구,광주청년통합플랫폼,https://youth.gwangju.go.kr/www/areaResve/resveList,광주청년통합플랫폼에서 기관분류가 공공으로 표시된 시설,2026-09-05,35.1374337806666,126.906613997913,전남광주통합특별시 남구 백운로 45-2,성공,,,남구,백운1동,1227067000,성공,남구,백운1동,False,True
백운2동 커뮤니티센터,기타공간,공공,광주 남구 백운로21번길 3 (백운동),남구,광주청년통합플랫폼,https://youth.gwangju.go.kr/www/areaResve/resveList,광주청년통합플랫폼에서 기관분류가 공공으로 표시된 시설,2026-09-05,35.1357073828733,126.908361907686,전남광주통합특별시 남구 백운로21번길 3,성공,,,남구,백운2동,1227068000,성공,남구,백운2동,False,True
백운2동 행정복지센터,기타공간,공공,"광주 남구 진다리로6번길 9 (백운동, 백운2동 행정복지센터)",남구,광주청년통합플랫폼,https://youth.gwangju.go.kr/www/areaResve/resveList,광주청년통합플랫폼에서 기관분류가 공공으로 표시된 시설,2026-09-05,35.1361014209336,126.902312976372,전남광주통합특별시 남구 진다리로6번길 9,성공,,,남구,백운2동,1227068000,성공,남구,백운2동,False,True
봉선1동 작은도서관,기타공간,공공,"광주 남구 봉선로51번길 21 (봉선동, 봉선1동 행정복지센터) 노들행복작은도서관",남구,광주청년통합플랫폼,https://youth.gwangju.go.kr/www/areaResve/resveList,광주청년통합플랫폼에서 기관분류가 공공으로 표시된 시설,2026-09-05,35.129367917141,126.906711638123,전남광주통합특별시 남구 봉선로51번길 21,성공,,,남구,봉선1동,1227053700,성공,남구,봉선1동,False,True
봉선2동 작은도서관,기타공간,공공,"광주 남구 봉선로 189 (봉선동, 봉선2동 행정복지센터)",남구,광주청년통합플랫폼,https://youth.gwangju.go.kr/www/areaResve/resveList,광주청년통합플랫폼에서 기관분류가 공공으로 표시된 시설,2026-09-05,35.1232701011604,126.915827862233,전남광주통합특별시 남구 봉선로 189,성공,,,남구,봉선2동,1227053800,성공,남구,봉선2동,True,True
사직동 행정복지센터,기타공간,공공,"광주 남구 중앙로95번길 14 (서동, 사직동 행정복지센터)",남구,광주청년통합플랫폼,https://youth.gwangju.go.kr/www/areaResve/resveList,광주청년통합플랫폼에서 기관분류가 공공으로 표시된 시설,2026-09-05,35.1457468479514,126.908009809029,전남광주통합특별시 남구 중앙로95번길 14,성공,,,남구,사직동,1227054500,성공,남구,사직동,False,True
양림동 역사문화작은도서관,기타공간,공공,"광주 남구 백서로 94 (양림동, 양림커뮤니티센터)",남구,광주청년통합플랫폼,https://youth.gwangju.go.kr/www/areaResve/resveList,광주청년통합플랫폼에서 기관분류가 공공으로 표시된 시설,2026-09-05,35.1405073777836,126.916423518736,전남광주통합특별시 남구 백서로 94,성공,,,남구,양림동,1227051000,성공,남구,양림동,False,True
월산4동 작은도서관,기타공간,공공,"광주 남구 대남대로390번길 11 (월산동, 월산4동행정복지센터)",남구,광주청년통합플랫폼,https://youth.gwangju.go.kr/www/areaResve/resveList,광주청년통합플랫폼에서 기관분류가 공공으로 표시된 시설,2026-09-05,35.1466911268811,126.890764741405,전남광주통합특별시 남구 대남대로390번길 11,성공,,,남구,월산4동,1227063000,성공,남구,월산4동,False,True
월산5동 작은도서관,기타공간,공공,"광주 남구 군분로82번길 14 (월산동, 월산5동 행정복지센터)",남구,광주청년통합플랫폼,https://youth.gwangju.go.kr/www/areaResve/resveList,광주청년통합플랫폼에서 기관분류가 공공으로 표시된 시설,2026-09-05,35.1409104265771,126.892988823442,전남광주통합특별시 남구 군분로82번길 14,성공,,,남구,월산5동,1227064000,성공,남구,월산5동,False,True
월산5동 커뮤니티센터,기타공간,공공,광주 남구 군분로78번길 6 (월산동),남구,광주청년통합플랫폼,https://youth.gwangju.go.kr/www/areaResve/resveList,광주청년통합플랫폼에서 기관분류가 공공으로 표시된 시설,2026-09-05,35.140183051946,126.892507289815,전남광주통합특별시 남구 군분로78번길 6,성공,,,남구,월산5동,1227064000,성공,남구,월산5동,False,True
진월작은도서관,기타공간,공공,"광주 남구 서문대로 693 (진월동, 광주광역시남구청소년상담복지센터) 진월작은도서관",남구,광주청년통합플랫폼,https://youth.gwangju.go.kr/www/areaResve/resveList,광주청년통합플랫폼에서 기관분류가 공공으로 표시된 시설,2026-09-05,35.1212035658947,126.898446543729,전남광주통합특별시 남구 서문대로 693,성공,,,남구,진월동,1227070500,성공,남구,진월동,True,True
청년예술인지원센터,기타공간,공공,"광주 남구 사직길 12 (사동, 전남여성회관)",남구,광주청년통합플랫폼,https://youth.gwangju.go.kr/www/areaResve/resveList,광주청년통합플랫폼에서 기관분류가 공공으로 표시된 시설,2026-09-05,35.1424214480975,126.913635315083,전남광주통합특별시 남구 사직길 12,성공,,,남구,사직동,1227054500,성공,남구,사직동,False,True
푸른길도서관,기타공간,공공,광주 남구 금당로 140 (주월동),남구,광주청년통합플랫폼,https://youth.gwangju.go.kr/www/areaResve/resveList,광주청년통합플랫폼에서 기관분류가 공공으로 표시된 시설,2026-09-05,35.1292035529586,126.895185511651,전남광주통합특별시 남구 금당로 140,성공,,,남구,주월1동,1227069000,성공,남구,주월1동,False,True
효덕동 송화마을 커뮤니티센터,기타공간,공공,광주 남구 노대마을1길 34-15 (노대동),남구,광주청년통합플랫폼,https://youth.gwangju.go.kr/www/areaResve/resveList,광주청년통합플랫폼에서 기관분류가 공공으로 표시된 시설,2026-09-05,35.1004768587981,126.907974813976,전남광주통합특별시 남구 노대마을1길 34-15,성공,,,남구,효덕동,1227071000,성공,남구,효덕동,True,True
효천어울림도서관,기타공간,공공,"광주 남구 효우로 208 (행암동, 효천복합문화커뮤니티센터)",남구,광주청년통합플랫폼,https://youth.gwangju.go.kr/www/areaResve/resveList,광주청년통합플랫폼에서 기관분류가 공공으로 표시된 시설,2026-09-05,35.1020690387412,126.893758337752,전남광주통합특별시 남구 효우로 208,성공,,,남구,효덕동,1227071000,성공,남구,효덕동,True,True
광주대학교 호심취창업지원단 대학일자리플러스센터,취업지원형,공공,광주 남구 효덕로 277 (진월동) 1층 호심취창업지원단,남구,광주청년통합플랫폼,https://youth.gwangju.go.kr/www/areaResve/resveList,광주청년통합플랫폼에서 기관분류가 공공으로 표시된 시설,2026-09-05,35.1059030273568,126.896176845497,전남광주통합특별시 남구 효덕로 277,성공,,,남구,진월동,1227070500,성공,남구,진월동,True,True
광주공유센터,통합지원형,공공,광주 남구 화산로 30 (진월동) 진월국제테니스장 지하,남구,광주청년통합플랫폼,https://youth.gwangju.go.kr/www/areaResve/resveList,광주청년통합플랫폼에서 기관분류가 공공으로 표시된 시설,2026-09-05,35.1115134058968,126.900367540201,전남광주통합특별시 남구 화산로 30,성공,,,남구,진월동,1227070500,성공,남구,진월동,True,True
광주남구생활문화센터,통합지원형,공공,"광주 남구 봉선로 208 (봉선동, 남구종합문화예술회관(남구청소년수련관)) 1층, 남구생활문화센터",남구,광주청년통합플랫폼,https://youth.gwangju.go.kr/www/areaResve/resveList,광주청년통합플랫폼에서 기관분류가 공공으로 표시된 시설,2026-09-05,35.1220342708818,126.917313569562,전남광주통합특별시 남구 봉선로 208,성공,,,남구,봉선2동,1227053800,성공,남구,봉선2동,True,True
남구 청년와락樂,통합지원형,공공,광주 남구 독립로 2 (백운동) 2층,남구,광주청년통합플랫폼,https://youth.gwangju.go.kr/www/areaResve/resveList,광주청년통합플랫폼에서 기관분류가 공공으로 표시된 시설,2026-09-05,35.1339308864621,126.901913107715,전남광주통합특별시 남구 독립로 2,성공,,,남구,백운2동,1227068000,성공,남구,백운2동,False,True
대촌동 생태작은도서관,통합지원형,공공,"광주 남구 포충로 591 (지석동, 대촌동행정복지센터)",남구,광주청년통합플랫폼,https://youth.gwangju.go.kr/www/areaResve/resveList,광주청년통합플랫폼에서 기관분류가 공공으로 표시된 시설,2026-09-05,35.0812297138571,126.833726228962,전남광주통합특별시 남구 포충로 591,성공,,,남구,대촌동,1227073000,성공,남구,대촌동,False,True
빛고을시민문화관,통합지원형,공공,광주 남구 천변좌로338번길 7 (구동) 서오층석탑,남구,광주청년통합플랫폼,https://youth.gwangju.go.kr/www/areaResve/resveList,광주청년통합플랫폼에서 기관분류가 공공으로 표시된 시설,2026-09-05,35.1479055222584,126.907896870694,전남광주통합특별시 남구 천변좌로338번길 7,성공,,,남구,사직동,1227054500,성공,남구,사직동,False,True
사직골 생활문화센터,통합지원형,공공,"광주 남구 천변좌로402번길 3-1 (사동, 사직골생활문화센터) 2층",남구,광주청년통합플랫폼,https://youth.gwangju.go.kr/www/areaResve/resveList,광주청년통합플랫폼에서 기관분류가 공공으로 표시된 시설,2026-09-05,35.1431588517712,126.914269351052,전남광주통합특별시 남구 천변좌로402번길 3-1,성공,,,남구,사직동,1227054500,성공,남구,사직동,False,True
월산4동 수박등마을커뮤니티센터,통합지원형,공공,광주 남구 금화로446번가길 12 (월산동),남구,광주청년통합플랫폼,https://youth.gwangju.go.kr/www/areaResve/resveList,광주청년통합플랫폼에서 기관분류가 공공으로 표시된 시설,2026-09-05,35.1468655769745,126.892214936477,전남광주통합특별시 남구 금화로446번가길 12,성공,,,남구,월산4동,1227063000,성공,남구,월산4동,False,True
518민주화운동기록관,기타공간,공공,"광주 동구 금남로 221 (금남로3가, 518민주화운동기록관)",동구,광주청년통합플랫폼,https://youth.gwangju.go.kr/www/areaResve/resveList,광주청년통합플랫폼에서 기관분류가 공공으로 표시된 시설,2026-09-05,35.1495579107818,126.916760725354,전남광주통합특별시 동구 금남로 221,성공,,,동구,충장동,1221052500,성공,동구,충장동,True,True
계림2동 마을사랑채 활짝마을,기타공간,공공,광주 동구 동계로 68 (계림동) 행정복지센터 4층,동구,광주청년통합플랫폼,https://youth.gwangju.go.kr/www/areaResve/resveList,광주청년통합플랫폼에서 기관분류가 공공으로 표시된 시설,2026-09-05,35.1579160655267,126.923635572919,전남광주통합특별시 동구 동계로 68,성공,,,동구,계림2동,1221057000,성공,동구,계림2동,False,True
광주이스포츠경기장,기타공간,공공,"광주 동구 조선대5길 31 (서석동, 해오름관)",동구,광주청년통합플랫폼,https://youth.gwangju.go.kr/www/areaResve/resveList,광주청년통합플랫폼에서 기관분류가 공공으로 표시된 시설,2026-09-05,35.1408404305096,126.933120368202,전남광주통합특별시 동구 조선대5길 31,성공,,,동구,서남동,1221065500,성공,동구,서남동,False,True
광주인쇄비즈니스센터,기타공간,공공,광주 동구 문화전당로35번길 22 (불로동),동구,광주청년통합플랫폼,https://youth.gwangju.go.kr/www/areaResve/resveList,광주청년통합플랫폼에서 기관분류가 공공으로 표시된 시설,2026-09-05,35.1451174171308,126.916720254488,전남광주통합특별시 동구 문화전당로35번길 22,성공,,,동구,서남동,1221065500,성공,동구,서남동,False,True
다복마을도서관,기타공간,공공,광주 동구 밤실로4번길 22 (지산동) 다복마을도서관,동구,광주청년통합플랫폼,https://youth.gwangju.go.kr/www/areaResve/resveList,광주청년통합플랫폼에서 기관분류가 공공으로 표시된 시설,2026-09-05,35.1483053714668,126.938653686396,전남광주통합특별시 동구 밤실로4번길 22,성공,,,동구,지산2동,1221063000,성공,동구,지산2동,True,True
대안도서관 틔움,기타공간,공공,광주 동구 밤실로136번길 8-21 (산수동),동구,광주청년통합플랫폼,https://youth.gwangju.go.kr/www/areaResve/resveList,광주청년통합플랫폼에서 기관분류가 공공으로 표시된 시설,2026-09-05,35.1587497761248,126.936516807195,전남광주통합특별시 동구 밤실로136번길 8-21,성공,,,동구,산수2동,1221060000,성공,동구,산수2동,False,True
동구 인문학당,기타공간,공공,광주 동구 동계천로 168-5 (동명동),동구,광주청년통합플랫폼,https://youth.gwangju.go.kr/www/areaResve/resveList,광주청년통합플랫폼에서 기관분류가 공공으로 표시된 시설,2026-09-05,35.1487579258989,126.927670789045,전남광주통합특별시 동구 동계천로 168-5,성공,,,동구,동명동,1221054500,성공,동구,동명동,False,True
동구영상미디어센터,기타공간,공공,"광주 동구 남문로 646 (소태동, 동구문화센터)",동구,광주청년통합플랫폼,https://youth.gwangju.go.kr/www/areaResve/resveList,광주청년통합플랫폼에서 기관분류가 공공으로 표시된 시설,2026-09-05,35.1285612917934,126.930945103826,전남광주통합특별시 동구 남문로 646,성공,,,동구,지원1동,1221073000,성공,동구,지원1동,True,True
산수1동 마을사랑채,기타공간,공공,"광주 동구 무등로449번길 5-42 (산수동, 마을사랑채)",동구,광주청년통합플랫폼,https://youth.gwangju.go.kr/www/areaResve/resveList,광주청년통합플랫폼에서 기관분류가 공공으로 표시된 시설,2026-09-05,35.1578690896542,126.929872740025,전남광주통합특별시 동구 무등로449번길 5-42,성공,,,동구,산수1동,1221059000,성공,동구,산수1동,False,True
산수2동 마을사랑채 호랑꼬두메복합커뮤니티센터,기타공간,공공,"광주 동구 밤실로 113 (산수동, 꼬두메 복합커뮤니티센터)",동구,광주청년통합플랫폼,https://youth.gwangju.go.kr/www/areaResve/resveList,광주청년통합플랫폼에서 기관분류가 공공으로 표시된 시설,2026-09-05,35.157487644291,126.935234106138,전남광주통합특별시 동구 밤실로 113,성공,,,동구,산수2동,1221060000,성공,동구,산수2동,False,True
산수2동 행정복지센터,기타공간,공공,"광주 동구 필문대로191번길 43-24 (산수동, 산수2동주민센터)",동구,광주청년통합플랫폼,https://youth.gwangju.go.kr/www/areaResve/resveList,광주청년통합플랫폼에서 기관분류가 공공으로 표시된 시설,2026-09-05,35.1545624006442,126.93614010567,전남광주통합특별시 동구 필문대로191번길 43-24,성공,,,동구,산수2동,1221060000,성공,동구,산수2동,False,True
여행자의zip,기타공간,공공,광주 동구 동계천로 137-17 (동명동),동구,광주청년통합플랫폼,https://youth.gwangju.go.kr/www/areaResve/resveList,광주청년통합플랫폼에서 기관분류가 공공으로 표시된 시설,2026-09-05,35.1499132806943,126.925132052958,전남광주통합특별시 동구 동계천로 137-17,성공,,,동구,동명동,1221054500,성공,동구,동명동,False,True
전일빌딩 디지털정보도서관,기타공간,공공,"광주 동구 금남로 245 (금남로1가, 전일빌딩) 2층",동구,광주청년통합플랫폼,https://youth.gwangju.go.kr/www/areaResve/resveList,광주청년통합플랫폼에서 기관분류가 공공으로 표시된 시설,2026-09-05,35.1483386295361,126.918737425445,전남광주통합특별시 동구 금남로 245,성공,,,동구,충장동,1221052500,성공,동구,충장동,True,True
지산1동 마을사랑채 미로마을,기타공간,공공,광주 동구 지산로 63 (지산동),동구,광주청년통합플랫폼,https://youth.gwangju.go.kr/www/areaResve/resveList,광주청년통합플랫폼에서 기관분류가 공공으로 표시된 시설,2026-09-05,35.149318751192,126.93283567274,전남광주통합특별시 동구 지산로 63,성공,,,동구,지산1동,1221062000,성공,동구,지산1동,False,True
지산2동 마을사랑채,기타공간,공공,"광주 동구 밤실로4번길 16 (지산동, 지산복지회관) 지산복지회관",동구,광주청년통합플랫폼,https://youth.gwangju.go.kr/www/areaResve/resveList,광주청년통합플랫폼에서 기관분류가 공공으로 표시된 시설,2026-09-05,35.148480932814,126.938429022909,전남광주통합특별시 동구 밤실로4번길 16,성공,,,동구,지산2동,1221063000,성공,동구,지산2동,True,True
지산2동 행정복지센터,기타공간,공공,"광주 동구 지호로 51 (지산동, 지산2동주민센터)",동구,광주청년통합플랫폼,https://youth.gwangju.go.kr/www/areaResve/resveList,광주청년통합플랫폼에서 기관분류가 공공으로 표시된 시설,2026-09-05,35.1479663586361,126.934499910459,전남광주통합특별시 동구 지호로 51,성공,,,동구,지산2동,1221063000,성공,동구,지산2동,True,True
지원1동 마을사랑채,기타공간,공공,광주 동구 남문로634번길 1-1 (소태동),동구,광주청년통합플랫폼,https://youth.gwangju.go.kr/www/areaResve/resveList,광주청년통합플랫폼에서 기관분류가 공공으로 표시된 시설,2026-09-05,35.1276347587782,126.931544045728,전남광주통합특별시 동구 남문로634번길 1-1,성공,,,동구,지원1동,1221073000,성공,동구,지원1동,True,True
지원2동 마을사랑채 소원마을,기타공간,공공,"광주 동구 화산로337번길 1 (용산동, 용강경로당) 용강경로당",동구,광주청년통합플랫폼,https://youth.gwangju.go.kr/www/areaResve/resveList,광주청년통합플랫폼에서 기관분류가 공공으로 표시된 시설,2026-09-05,35.119306885205,126.930937884849,전남광주통합특별시 동구 화산로337번길 1,성공,,,동구,지원2동,1221074000,성공,동구,지원2동,False,True
지원2동 작은도서관,기타공간,공공,"광주 동구 화산로 361 (용산동, 지원2동주민센터)",동구,광주청년통합플랫폼,https://youth.gwangju.go.kr/www/areaResve/resveList,광주청년통합플랫폼에서 기관분류가 공공으로 표시된 시설,2026-09-05,35.1204838742425,126.932838065986,전남광주통합특별시 동구 화산로 361,성공,,,동구,지원2동,1221074000,성공,동구,지원2동,False,True
책정원도서관,기타공간,공공,광주 동구 남계길 49 (내남동),동구,광주청년통합플랫폼,https://youth.gwangju.go.kr/www/areaResve/resveList,광주청년통합플랫폼에서 기관분류가 공공으로 표시된 시설,2026-09-05,35.0931673515537,126.940520756251,전남광주통합특별시 동구 남계길 49,성공,,,동구,지원2동,1221074000,성공,동구,지원2동,False,True
충장22,기타공간,공공,"광주 동구 충장로22번길 2 (충장로5가, 충장22)",동구,광주청년통합플랫폼,https://youth.gwangju.go.kr/www/areaResve/resveList,광주청년통합플랫폼에서 기관분류가 공공으로 표시된 시설,2026-09-05,35.1516851716796,126.910996999173,전남광주통합특별시 동구 충장로22번길 2,성공,,,동구,충장동,1221052500,성공,동구,충장동,True,True
충장동 마을사랑채,기타공간,공공,광주 동구 구성로194번길 20 (금남로4가),동구,광주청년통합플랫폼,https://youth.gwangju.go.kr/www/areaResve/resveList,광주청년통합플랫폼에서 기관분류가 공공으로 표시된 시설,2026-09-05,35.1517692183049,126.915199857824,전남광주통합특별시 동구 구성로194번길 20,성공,,,동구,충장동,1221052500,성공,동구,충장동,True,True
학동 마을사랑채,기타공간,공공,광주 동구 제봉로17번길 18-6 (학동) 1층,동구,광주청년통합플랫폼,https://youth.gwangju.go.kr/www/areaResve/resveList,광주청년통합플랫폼에서 기관분류가 공공으로 표시된 시설,2026-09-05,35.1393048419535,126.920810525132,전남광주통합특별시 동구 제봉로17번길 18-6,성공,,,동구,학동,1221068500,성공,동구,학동,True,True
학운동 마을사랑채 무꽃동,기타공간,공공,"광주 동구 의재로43번길 6 (학동, 학동무등파크맨션)",동구,광주청년통합플랫폼,https://youth.gwangju.go.kr/www/areaResve/resveList,광주청년통합플랫폼에서 기관분류가 공공으로 표시된 시설,2026-09-05,35.1330346402536,126.93297928643,전남광주통합특별시 동구 의재로43번길 6,성공,,,동구,학운동,1221071000,성공,동구,학운동,False,True
학운동 작은도서관,기타공간,공공,"광주 동구 의재로43번길 27-3 (학동, 동구청소년수련관)",동구,광주청년통합플랫폼,https://youth.gwangju.go.kr/www/areaResve/resveList,광주청년통합플랫폼에서 기관분류가 공공으로 표시된 시설,2026-09-05,35.1330397502318,126.934745243023,전남광주통합특별시 동구 의재로43번길 27-3,성공,,,동구,학운동,1221071000,성공,동구,학운동,False,True
IPLEX 광주,창업지원형,공공,"광주 동구 동계천로 150 (동명동, I-PLEX 광주)",동구,광주청년통합플랫폼,https://youth.gwangju.go.kr/www/areaResve/resveList,광주청년통합플랫폼에서 기관분류가 공공으로 표시된 시설,2026-09-05,35.1482316255341,126.92588806572,전남광주통합특별시 동구 동계천로 150,성공,,,동구,동명동,1221054500,성공,동구,동명동,False,True
동구창업지원센터,창업지원형,공공,"광주 동구 서남로 14 (서석동, 서남동주민센터) 2층",동구,광주청년통합플랫폼,https://youth.gwangju.go.kr/www/areaResve/resveList,광주청년통합플랫폼에서 기관분류가 공공으로 표시된 시설,2026-09-05,35.1449570043663,126.923177895177,전남광주통합특별시 동구 서남로 14,성공,,,동구,서남동,1221065500,성공,동구,서남동,False,True
광주청년일자리스테이션 동명,취업지원형,공공,광주 동구 서석로 89 (대의동),동구,광주청년통합플랫폼,https://youth.gwangju.go.kr/www/areaResve/resveList,광주청년통합플랫폼에서 기관분류가 공공으로 표시된 시설,2026-09-05,35.1497995727503,126.920943684266,전남광주통합특별시 동구 서석로 89,성공,,,동구,충장동,1221052500,성공,동구,충장동,True,True
동구평생학습관,취업지원형,공공,"광주 동구 백서로175번길 15 (서석동, 동구 평생학습관)",동구,광주청년통합플랫폼,https://youth.gwangju.go.kr/www/areaResve/resveList,광주청년통합플랫폼에서 기관분류가 공공으로 표시된 시설,2026-09-05,35.144601269393,126.922803479009,전남광주통합특별시 동구 백서로175번길 15,성공,,,동구,서남동,1221065500,성공,동구,서남동,False,True
조선대학교 대학일자리플러스센터,취업지원형,공공,광주 동구 필문대로 308 (서석동) 중앙도서관 1층,동구,광주청년통합플랫폼,https://youth.gwangju.go.kr/www/areaResve/resveList,광주청년통합플랫폼에서 기관분류가 공공으로 표시된 시설,2026-09-05,35.1444604363879,126.925621423191,전남광주통합특별시 동구 필문대로 308,성공,,,동구,서남동,1221065500,성공,동구,서남동,False,True
광주청년센터,통합지원형,공공,광주 동구 예술길 38 (대의동),동구,광주청년통합플랫폼,https://youth.gwangju.go.kr/www/areaResve/resveList,광주청년통합플랫폼에서 기관분류가 공공으로 표시된 시설,2026-09-05,35.1488158874942,126.91952874125,전남광주통합특별시 동구 예술길 38,성공,,,동구,충장동,1221052500,성공,동구,충장동,True,True
동구 청년센터 아지트,통합지원형,공공,광주 동구 중앙로246번길 7-9 (동명동),동구,광주청년통합플랫폼,https://youth.gwangju.go.kr/www/areaResve/resveList,광주청년통합플랫폼에서 기관분류가 공공으로 표시된 시설,2026-09-05,35.1532118510229,126.92080166208,전남광주통합특별시 동구 중앙로246번길 7-9,성공,,,동구,동명동,1221054500,성공,동구,동명동,False,True
동구청소년수련관,통합지원형,공공,"광주 동구 의재로43번길 27-3 (학동, 동구청소년수련관)",동구,광주청년통합플랫폼,https://youth.gwangju.go.kr/www/areaResve/resveList,광주청년통합플랫폼에서 기관분류가 공공으로 표시된 시설,2026-09-05,35.1330397502318,126.934745243023,전남광주통합특별시 동구 의재로43번길 27-3,성공,,,동구,학운동,1221071000,성공,동구,학운동,False,True
동명동 행정복지센터,통합지원형,공공,"광주 동구 동명로26번길 13 (동명동, 동명동주민센터)",동구,광주청년통합플랫폼,https://youth.gwangju.go.kr/www/areaResve/resveList,광주청년통합플랫폼에서 기관분류가 공공으로 표시된 시설,2026-09-05,35.1511627692295,126.925168002418,전남광주통합특별시 동구 동명로26번길 13,성공,,,동구,동명동,1221054500,성공,동구,동명동,False,True
동명청년창작소,통합지원형,공공,광주 동구 중앙로246번길 5 (동명동),동구,광주청년통합플랫폼,https://youth.gwangju.go.kr/www/areaResve/resveList,광주청년통합플랫폼에서 기관분류가 공공으로 표시된 시설,2026-09-05,35.1533664822047,126.92046195084,전남광주통합특별시 동구 중앙로246번길 5,성공,,,동구,동명동,1221054500,성공,동구,동명동,False,True
인재육성아카데미,통합지원형,공공,광주 동구 천변우로 335 (수기동),동구,광주청년통합플랫폼,https://youth.gwangju.go.kr/www/areaResve/resveList,광주청년통합플랫폼에서 기관분류가 공공으로 표시된 시설,2026-09-05,35.1505035064518,126.909440572509,전남광주통합특별시 동구 천변우로 335,성공,,,동구,충장동,1221052500,성공,동구,충장동,True,True
푸른마을공동체센터,통합지원형,공공,"광주 동구 동명로67번길 29 (산수동, 푸른마을공동체센터)",동구,광주청년통합플랫폼,https://youth.gwangju.go.kr/www/areaResve/resveList,광주청년통합플랫폼에서 기관분류가 공공으로 표시된 시설,2026-09-05,35.1529779052321,126.925862251529,전남광주통합특별시 동구 동명로67번길 29,성공,,,동구,산수1동,1221059000,성공,동구,산수1동,False,True
건국동 행정복지센터,기타공간,공공,광주 북구 본촌마을길 25 (본촌동),북구,광주청년통합플랫폼,https://youth.gwangju.go.kr/www/areaResve/resveList,광주청년통합플랫폼에서 기관분류가 공공으로 표시된 시설,2026-09-05,35.2229359594613,126.881646297157,전남광주통합특별시 북구 본촌마을길 25,성공,,,북구,건국동,1230069500,성공,북구,건국동,False,True
동림동 작은도서관,기타공간,공공,"광주 북구 북문대로 236 (동림동, 동림동행정복지센터)",북구,광주청년통합플랫폼,https://youth.gwangju.go.kr/www/areaResve/resveList,광주청년통합플랫폼에서 기관분류가 공공으로 표시된 시설,2026-09-05,35.1870531901239,126.866617652498,전남광주통합특별시 북구 북문대로 236,성공,,,북구,동림동,1230061500,성공,북구,동림동,False,True
동림동 행정복지센터,기타공간,공공,"광주 북구 북문대로 236 (동림동, 동림동행정복지센터)",북구,광주청년통합플랫폼,https://youth.gwangju.go.kr/www/areaResve/resveList,광주청년통합플랫폼에서 기관분류가 공공으로 표시된 시설,2026-09-05,35.1870531901239,126.866617652498,전남광주통합특별시 북구 북문대로 236,성공,,,북구,동림동,1230061500,성공,북구,동림동,False,True
두암1동 작은도서관,기타공간,공공,"광주 북구 동문대로110번길 77 (두암동, 두암1동주민센터)",북구,광주청년통합플랫폼,https://youth.gwangju.go.kr/www/areaResve/resveList,광주청년통합플랫폼에서 기관분류가 공공으로 표시된 시설,2026-09-05,35.1710340757233,126.92896273416,전남광주통합특별시 북구 동문대로110번길 77,성공,,,북구,두암1동,1230066100,성공,북구,두암1동,False,True
두암3동 행정복지센터,기타공간,공공,"광주 북구 삼정로3번길 25 (두암동, 두암3동주민센터)",북구,광주청년통합플랫폼,https://youth.gwangju.go.kr/www/areaResve/resveList,광주청년통합플랫폼에서 기관분류가 공공으로 표시된 시설,2026-09-05,35.1630239848388,126.934750280101,전남광주통합특별시 북구 삼정로3번길 25,성공,,,북구,두암3동,1230066300,성공,북구,두암3동,False,True
문흥2동 작은도서관,기타공간,공공,"광주 북구 문산로 25 (문흥동, 문흥2동주민센터)",북구,광주청년통합플랫폼,https://youth.gwangju.go.kr/www/areaResve/resveList,광주청년통합플랫폼에서 기관분류가 공공으로 표시된 시설,2026-09-05,35.1843038333131,126.921907725784,전남광주통합특별시 북구 문산로 25,성공,,,북구,문흥2동,1230065700,성공,북구,문흥2동,False,True
문흥2동 행정복지센터,기타공간,공공,"광주 북구 문산로 25 (문흥동, 문흥2동주민센터)",북구,광주청년통합플랫폼,https://youth.gwangju.go.kr/www/areaResve/resveList,광주청년통합플랫폼에서 기관분류가 공공으로 표시된 시설,2026-09-05,35.1843038333131,126.921907725784,전남광주통합특별시 북구 문산로 25,성공,,,북구,문흥2동,1230065700,성공,북구,문흥2동,False,True
시립무등도서관,기타공간,공공,"광주 북구 면앙로 130 (우산동, 시립무등도서관)",북구,광주청년통합플랫폼,https://youth.gwangju.go.kr/www/areaResve/resveList,광주청년통합플랫폼에서 기관분류가 공공으로 표시된 시설,2026-09-05,35.1765848717992,126.925311797401,전남광주통합특별시 북구 면앙로 130,성공,,,북구,우산동,1230062000,성공,북구,우산동,False,True
신용생활문화센터,기타공간,공공,"광주 북구 첨단연신로107번길 22 (신용동, 신용동행정복지센터)",북구,광주청년통합플랫폼,https://youth.gwangju.go.kr/www/areaResve/resveList,광주청년통합플랫폼에서 기관분류가 공공으로 표시된 시설,2026-09-05,35.207753086871,126.861759575408,전남광주통합특별시 북구 첨단연신로107번길 22,성공,,,북구,신용동,1230069700,성공,북구,신용동,False,True
어울림팩토리,기타공간,공공,광주 북구 자미로6번길 26-1 (신안동),북구,광주청년통합플랫폼,https://youth.gwangju.go.kr/www/areaResve/resveList,광주청년통합플랫폼에서 기관분류가 공공으로 표시된 시설,2026-09-05,35.1657611455437,126.905270374201,전남광주통합특별시 북구 자미로6번길 26-1,성공,,,북구,신안동,1230058000,성공,북구,신안동,False,True
역전커뮤니티센터,기타공간,공공,광주 북구 무등로 277 (중흥동),북구,광주청년통합플랫폼,https://youth.gwangju.go.kr/www/areaResve/resveList,광주청년통합플랫폼에서 기관분류가 공공으로 표시된 시설,2026-09-05,35.163347532778,126.913652933373,전남광주통합특별시 북구 무등로 277,성공,,,북구,중흥1동,1230051000,성공,북구,중흥1동,False,True
오치2동 작은도서관,기타공간,공공,"광주 북구 서하로183번길 29 (오치동, 오치2동주민센터)",북구,광주청년통합플랫폼,https://youth.gwangju.go.kr/www/areaResve/resveList,광주청년통합플랫폼에서 기관분류가 공공으로 표시된 시설,2026-09-05,35.1899776148431,126.900429959467,전남광주통합특별시 북구 서하로183번길 29,성공,,,북구,오치2동,1230067700,성공,북구,오치2동,False,True
용봉동 행정복지센터,기타공간,공공,"광주 북구 용주로18번길 28 (용봉동, 용봉동주민센터)",북구,광주청년통합플랫폼,https://youth.gwangju.go.kr/www/areaResve/resveList,광주청년통합플랫폼에서 기관분류가 공공으로 표시된 시설,2026-09-05,35.1803692271365,126.901164939533,전남광주통합특별시 북구 용주로18번길 28,성공,,,북구,용봉동,1230059000,성공,북구,용봉동,True,True
우산생활문화센터,기타공간,공공,"광주 북구 서방로68번길 21 (우산동, 우산동 행정복지센터)",북구,광주청년통합플랫폼,https://youth.gwangju.go.kr/www/areaResve/resveList,광주청년통합플랫폼에서 기관분류가 공공으로 표시된 시설,2026-09-05,35.1710355356374,126.920025418559,전남광주통합특별시 북구 서방로68번길 21,성공,,,북구,우산동,1230062000,성공,북구,우산동,False,True
운암생활문화센터,기타공간,공공,"광주 북구 북문대로98번길 20 (운암동, 경양초등학교)",북구,광주청년통합플랫폼,https://youth.gwangju.go.kr/www/areaResve/resveList,광주청년통합플랫폼에서 기관분류가 공공으로 표시된 시설,2026-09-05,35.180068637161,126.878755823607,전남광주통합특별시 북구 북문대로98번길 20,성공,,,북구,운암3동,1230060300,성공,북구,운암3동,False,True
일곡생활문화센터,기타공간,공공,광주 북구 설죽로 523 (일곡동),북구,광주청년통합플랫폼,https://youth.gwangju.go.kr/www/areaResve/resveList,광주청년통합플랫폼에서 기관분류가 공공으로 표시된 시설,2026-09-05,35.2057927140915,126.897347921151,전남광주통합특별시 북구 설죽로 523,성공,,,북구,일곡동,1230066900,성공,북구,일곡동,False,True
임동디지털창작소,기타공간,공공,"광주 북구 무등로 68-5 (임동, 임동디지털창작소)",북구,광주청년통합플랫폼,https://youth.gwangju.go.kr/www/areaResve/resveList,광주청년통합플랫폼에서 기관분류가 공공으로 표시된 시설,2026-09-05,35.168198237811,126.891615560738,전남광주통합특별시 북구 무등로 68-5,성공,,,북구,임동,1230057000,성공,북구,임동,False,True
중흥1동 작은도서관,기타공간,공공,"광주 북구 중흥로183번길 7 (중흥동, 중흥1동주민센터)",북구,광주청년통합플랫폼,https://youth.gwangju.go.kr/www/areaResve/resveList,광주청년통합플랫폼에서 기관분류가 공공으로 표시된 시설,2026-09-05,35.1616887592961,126.913775751207,전남광주통합특별시 북구 중흥로183번길 7,성공,,,북구,중흥1동,1230051000,성공,북구,중흥1동,False,True
중흥1동 행정복지센터,기타공간,공공,"광주 북구 중흥로183번길 7 (중흥동, 중흥1동주민센터)",북구,광주청년통합플랫폼,https://youth.gwangju.go.kr/www/areaResve/resveList,광주청년통합플랫폼에서 기관분류가 공공으로 표시된 시설,2026-09-05,35.1616887592961,126.913775751207,전남광주통합특별시 북구 중흥로183번길 7,성공,,,북구,중흥1동,1230051000,성공,북구,중흥1동,False,True
㈜국제커리어센터,취업지원형,공공,광주 북구 호동로 6-6 (중흥동) 광주직업전문학교,북구,광주청년통합플랫폼,https://youth.gwangju.go.kr/www/areaResve/resveList,광주청년통합플랫폼에서 기관분류가 공공으로 표시된 시설,2026-09-05,35.1741036767573,126.913735420865,전남광주통합특별시 북구 호동로 6-6,성공,,,북구,중흥동,1230053500,성공,북구,중흥동,False,True
광주청년일자리스테이션 용봉,취업지원형,공공,"광주 북구 용봉로 105 (용봉동, 북구행복어울림센터) 5층",북구,광주청년통합플랫폼,https://youth.gwangju.go.kr/www/areaResve/resveList,광주청년통합플랫폼에서 기관분류가 공공으로 표시된 시설,2026-09-05,35.172738298487,126.908332341665,전남광주통합특별시 북구 용봉로 105,성공,,,북구,용봉동,1230059000,성공,북구,용봉동,True,True
전남대학교 대학일자리플러스센터,취업지원형,공공,"광주 북구 용봉로 77 (용봉동, 전남대학교) 제1학생회관 2층",북구,광주청년통합플랫폼,https://youth.gwangju.go.kr/www/areaResve/resveList,광주청년통합플랫폼에서 기관분류가 공공으로 표시된 시설,2026-09-05,35.1739175430866,126.911235470135,전남광주통합특별시 북구 용봉로 77,성공,,,북구,용봉동,1230059000,성공,북구,용봉동,True,True
광주청년드림은행,통합지원형,공공,광주 북구 무등로 237 (중흥동) 2층,북구,광주청년통합플랫폼,https://youth.gwangju.go.kr/www/areaResve/resveList,광주청년통합플랫폼에서 기관분류가 공공으로 표시된 시설,2026-09-05,35.1645719757534,126.909746806502,전남광주통합특별시 북구 무등로 237,성공,,,북구,중흥1동,1230051000,성공,북구,중흥1동,False,True
북구청년센터 청춘이랑,통합지원형,공공,광주 북구 자미로66번길 55 (중흥동),북구,광주청년통합플랫폼,https://youth.gwangju.go.kr/www/areaResve/resveList,광주청년통합플랫폼에서 기관분류가 공공으로 표시된 시설,2026-09-05,35.1710597043163,126.907743761497,전남광주통합특별시 북구 자미로66번길 55,성공,,,북구,중흥동,1230053500,성공,북구,중흥동,False,True
스테이지,통합지원형,공공,광주 북구 자미로6번길 45 (중흥동) 2층,북구,광주청년통합플랫폼,https://youth.gwangju.go.kr/www/areaResve/resveList,광주청년통합플랫폼에서 기관분류가 공공으로 표시된 시설,2026-09-05,35.1657064744182,126.907069374741,전남광주통합특별시 북구 자미로6번길 45,성공,,,북구,중흥1동,1230051000,성공,북구,중흥1동,False,True
시화문화마을 작은도서관,통합지원형,공공,"광주 북구 각화대로 93 (각화동, 시화문화마을 문화관 커뮤니티센터)",북구,광주청년통합플랫폼,https://youth.gwangju.go.kr/www/areaResve/resveList,광주청년통합플랫폼에서 기관분류가 공공으로 표시된 시설,2026-09-05,35.1790941867639,126.940495006467,전남광주통합특별시 북구 각화대로 93,성공,,,북구,문화동,1230065000,성공,북구,문화동,False,True
오치2동 세대공감배움터,통합지원형,공공,"광주 북구 서하로183번길 29 (오치동, 오치2동주민센터)",북구,광주청년통합플랫폼,https://youth.gwangju.go.kr/www/areaResve/resveList,광주청년통합플랫폼에서 기관분류가 공공으로 표시된 시설,2026-09-05,35.1899776148431,126.900429959467,전남광주통합특별시 북구 서하로183번길 29,성공,,,북구,오치2동,1230067700,성공,북구,오치2동,False,True
오치복합커뮤니티센터,통합지원형,공공,"광주 북구 서하로194번길 6 (오치동, 오치 영구임대아파트) 오치복합커뮤니티센터",북구,광주청년통합플랫폼,https://youth.gwangju.go.kr/www/areaResve/resveList,광주청년통합플랫폼에서 기관분류가 공공으로 표시된 시설,2026-09-05,35.1854488449553,126.900977743698,전남광주통합특별시 북구 서하로194번길 6,성공,,,북구,오치2동,1230067700,성공,북구,오치2동,False,True
광주광역시 자원봉사센터,기타공간,공공,"광주 서구 상무대로 760 (마륵동, 광주교통공사) 광주광역시 자원봉사센터",서구,광주청년통합플랫폼,https://youth.gwangju.go.kr/www/areaResve/resveList,광주청년통합플랫폼에서 기관분류가 공공으로 표시된 시설,2026-09-05,35.1455648530012,126.847724112722,전남광주통합특별시 서구 상무대로 760,성공,,,서구,서창동,1224080000,성공,서구,서창동,False,True
광주시청자미디어센터,기타공간,공공,"광주 서구 회재로 905 (금호동, 시청자미디어센터)",서구,광주청년통합플랫폼,https://youth.gwangju.go.kr/www/areaResve/resveList,광주청년통합플랫폼에서 기관분류가 공공으로 표시된 시설,2026-09-05,35.1237900551135,126.86230334026,전남광주통합특별시 서구 회재로 905,성공,,,서구,금호2동,1224082400,성공,서구,금호2동,False,True
광주학생독립운동기념회관,기타공간,공공,"광주 서구 학생독립로 30 (화정동, 광주학생독립운동기념관)",서구,광주청년통합플랫폼,https://youth.gwangju.go.kr/www/areaResve/resveList,광주청년통합플랫폼에서 기관분류가 공공으로 표시된 시설,2026-09-05,35.1405880269981,126.865020750692,전남광주통합특별시 서구 학생독립로 30,성공,,,서구,화정4동,1224079000,성공,서구,화정4동,False,True
금호1동 행정복지센터,기타공간,공공,"광주 서구 운천로31번길 17 (금호동, 금호1동 행정복지센터)",서구,광주청년통합플랫폼,https://youth.gwangju.go.kr/www/areaResve/resveList,광주청년통합플랫폼에서 기관분류가 공공으로 표시된 시설,2026-09-05,35.1351809261176,126.857148429404,전남광주통합특별시 서구 운천로31번길 17,성공,,,서구,금호1동,1224082100,성공,서구,금호1동,True,True
금호2동 작은도서관,기타공간,공공,"광주 서구 풍금로 135 (금호동, 금호2동 행정복지센터)",서구,광주청년통합플랫폼,https://youth.gwangju.go.kr/www/areaResve/resveList,광주청년통합플랫폼에서 기관분류가 공공으로 표시된 시설,2026-09-05,35.1289627883664,126.857151828242,전남광주통합특별시 서구 풍금로 135,성공,,,서구,금호2동,1224082400,성공,서구,금호2동,False,True
농성1동 행정복지센터,기타공간,공공,"광주 서구 상무대로1189번길 23 (농성동, 농성1동 행정복지센터)",서구,광주청년통합플랫폼,https://youth.gwangju.go.kr/www/areaResve/resveList,광주청년통합플랫폼에서 기관분류가 공공으로 표시된 시설,2026-09-05,35.1566614903072,126.889732361263,전남광주통합특별시 서구 상무대로1189번길 23,성공,,,서구,농성1동,1224065000,성공,서구,농성1동,True,True
동천동 작은도서관,기타공간,공공,"광주 서구 유림로98번길 8 (동천동, 동천동 행정복지센터)",서구,광주청년통합플랫폼,https://youth.gwangju.go.kr/www/areaResve/resveList,광주청년통합플랫폼에서 기관분류가 공공으로 표시된 시설,2026-09-05,35.1708526504747,126.864731999931,전남광주통합특별시 서구 유림로98번길 8,성공,,,서구,동천동,1224084000,성공,서구,동천동,False,True
문화의숲 도서관,기타공간,공공,"광주 서구 마재로 3 (금호동, 서구문화센터) 3층 문화의숲 도서관",서구,광주청년통합플랫폼,https://youth.gwangju.go.kr/www/areaResve/resveList,광주청년통합플랫폼에서 기관분류가 공공으로 표시된 시설,2026-09-05,35.130813963578,126.86036212615,전남광주통합특별시 서구 마재로 3,성공,,,서구,금호2동,1224082400,성공,서구,금호2동,False,True
별빛 발산마을 커뮤니티센터,기타공간,공공,광주 서구 천변좌로108번길 16-32 (양동) 2층,서구,광주청년통합플랫폼,https://youth.gwangju.go.kr/www/areaResve/resveList,광주청년통합플랫폼에서 기관분류가 공공으로 표시된 시설,2026-09-05,35.1590571850359,126.890895724542,전남광주통합특별시 서구 천변좌로108번길 16-32,성공,,,서구,양3동,1224059000,성공,서구,양3동,False,True
상록도서관,기타공간,공공,"광주 서구 상무대로1171번길 11 (농성동, 상록도서관)",서구,광주청년통합플랫폼,https://youth.gwangju.go.kr/www/areaResve/resveList,광주청년통합플랫폼에서 기관분류가 공공으로 표시된 시설,2026-09-05,35.1552102085134,126.888940052997,전남광주통합특별시 서구 상무대로1171번길 11,성공,,,서구,농성1동,1224065000,성공,서구,농성1동,True,True
상무1동 행정복지센터,기타공간,공공,"광주 서구 월드컵4강로197번길 20 (쌍촌동, 상무1동 행정복지센터)",서구,광주청년통합플랫폼,https://youth.gwangju.go.kr/www/areaResve/resveList,광주청년통합플랫폼에서 기관분류가 공공으로 표시된 시설,2026-09-05,35.1537886693883,126.867419573099,전남광주통합특별시 서구 월드컵4강로197번길 20,성공,,,서구,상무1동,1224075100,성공,서구,상무1동,False,True
새몰마루작은도서관,기타공간,공공,광주 서구 천변우하로 301 (유촌동) 3층,서구,광주청년통합플랫폼,https://youth.gwangju.go.kr/www/areaResve/resveList,광주청년통합플랫폼에서 기관분류가 공공으로 표시된 시설,2026-09-05,35.1659202740922,126.854417744456,전남광주통합특별시 서구 천변우하로 301,성공,,,서구,유덕동,1224074000,성공,서구,유덕동,False,True
서빛마루도서관,기타공간,공공,광주 서구 풍암공원로 30 (풍암동) 4층,서구,광주청년통합플랫폼,https://youth.gwangju.go.kr/www/areaResve/resveList,광주청년통합플랫폼에서 기관분류가 공공으로 표시된 시설,2026-09-05,35.1304741316296,126.880587274647,전남광주통합특별시 서구 풍암공원로 30,성공,,,서구,풍암동,1224083000,성공,서구,풍암동,True,True
서창한옥작은도서관,기타공간,공공,광주 서구 세동1길 27-1 (세하동) 1층,서구,광주청년통합플랫폼,https://youth.gwangju.go.kr/www/areaResve/resveList,광주청년통합플랫폼에서 기관분류가 공공으로 표시된 시설,2026-09-05,35.1150862049771,126.83024612319,전남광주통합특별시 서구 세동1길 27-1,성공,,,서구,서창동,1224080000,성공,서구,서창동,False,True
소담스퀘어 광주,기타공간,공공,"광주 서구 무진대로 919 (광천동, 호반 써밋 광주) 2~3층",서구,광주청년통합플랫폼,https://youth.gwangju.go.kr/www/areaResve/resveList,광주청년통합플랫폼에서 기관분류가 공공으로 표시된 시설,2026-09-05,35.1623727902778,126.880530024229,전남광주통합특별시 서구 무진대로 919,성공,주소검색,광주 서구 무진대로 919,서구,광천동,1224073000,성공,서구,광천동,False,True
양동 행정복지센터,기타공간,공공,"광주 서구 천변좌로222번길 3-2 (양동, 양동 행정복지센터)",서구,광주청년통합플랫폼,https://youth.gwangju.go.kr/www/areaResve/resveList,광주청년통합플랫폼에서 기관분류가 공공으로 표시된 시설,2026-09-05,35.1548959818265,126.900876162829,전남광주통합특별시 서구 천변좌로222번길 3-2,성공,,,서구,양동,1224057500,성공,서구,양동,False,True
어린이생태학습도서관,기타공간,공공,"광주 서구 풍암공원로 8 (풍암동, 어린이생태학습도서관)",서구,광주청년통합플랫폼,https://youth.gwangju.go.kr/www/areaResve/resveList,광주청년통합플랫폼에서 기관분류가 공공으로 표시된 시설,2026-09-05,35.1297565337036,126.881851928523,전남광주통합특별시 서구 풍암공원로 8,성공,,,서구,풍암동,1224083000,성공,서구,풍암동,True,True
에너지파크 해담마루,기타공간,공공,광주 서구 상무공원로 131 (치평동),서구,광주청년통합플랫폼,https://youth.gwangju.go.kr/www/areaResve/resveList,광주청년통합플랫폼에서 기관분류가 공공으로 표시된 시설,2026-09-05,35.1562543835019,126.842185310911,전남광주통합특별시 서구 상무공원로 131,성공,,,서구,치평동,1224074500,성공,서구,치평동,True,True
일가정양립지원본부,기타공간,공공,"광주 서구 상무자유로 73 (치평동, 일가정양립지원본부)",서구,광주청년통합플랫폼,https://youth.gwangju.go.kr/www/areaResve/resveList,광주청년통합플랫폼에서 기관분류가 공공으로 표시된 시설,2026-09-05,35.1522166109578,126.842221312631,전남광주통합특별시 서구 상무자유로 73,성공,,,서구,치평동,1224074500,성공,서구,치평동,True,True
화정4동 작은도서관,기타공간,공공,"광주 서구 염화로83번길 3 (화정동, 화정4동 행정복지센터)",서구,광주청년통합플랫폼,https://youth.gwangju.go.kr/www/areaResve/resveList,광주청년통합플랫폼에서 기관분류가 공공으로 표시된 시설,2026-09-05,35.1418251053658,126.873764522049,전남광주통합특별시 서구 염화로83번길 3,성공,,,서구,화정4동,1224079000,성공,서구,화정4동,False,True
꿈이룸 상무 2호점,창업지원형,공공,광주 서구 상무중앙로 24 (치평동) 엠씨타워 1층,서구,광주청년통합플랫폼,https://youth.gwangju.go.kr/www/areaResve/resveList,광주청년통합플랫폼에서 기관분류가 공공으로 표시된 시설,2026-09-05,35.1489096419869,126.848892563329,전남광주통합특별시 서구 상무중앙로 24,성공,,,서구,치평동,1224074500,성공,서구,치평동,True,True
서구 스타트업센터,창업지원형,공공,"광주 서구 상무대로 지하 1123 (농성동, 농성역) 농성역 지하 1층",서구,광주청년통합플랫폼,https://youth.gwangju.go.kr/www/areaResve/resveList,광주청년통합플랫폼에서 기관분류가 공공으로 표시된 시설,2026-09-05,35.1533406469668,126.88304252615,전남광주통합특별시 서구 상무대로 지하 1123,성공,,,서구,화정1동,1224076000,성공,서구,화정1동,False,True
광주청년일자리스테이션 상무,취업지원형,공공,"광주 서구 상무중앙로 9 (치평동, 동양빌딩) 동양빌딩 9층",서구,광주청년통합플랫폼,https://youth.gwangju.go.kr/www/areaResve/resveList,광주청년통합플랫폼에서 기관분류가 공공으로 표시된 시설,2026-09-05,35.1478067687644,126.84790891024,전남광주통합특별시 서구 상무중앙로 9,성공,,,서구,치평동,1224074500,성공,서구,치평동,True,True
서구 Job Café 청춘발산공작소,취업지원형,공공,"광주 서구 내방로 392 (농성동, 한국자산관리공사 광주전남지역본부) 한국자산관리공사 별관1층",서구,광주청년통합플랫폼,https://youth.gwangju.go.kr/www/areaResve/resveList,광주청년통합플랫폼에서 기관분류가 공공으로 표시된 시설,2026-09-05,35.1573378010852,126.883587878535,전남광주통합특별시 서구 내방로 392,성공,,,서구,농성1동,1224065000,성공,서구,농성1동,True,True
광주청년센터 토닥토닥 상무점,통합지원형,공공,광주 서구 상무중앙로 34 (치평동) 2층,서구,광주청년통합플랫폼,https://youth.gwangju.go.kr/www/areaResve/resveList,광주청년통합플랫폼에서 기관분류가 공공으로 표시된 시설,2026-09-05,35.1499428234408,126.848854328209,전남광주통합특별시 서구 상무중앙로 34,성공,,,서구,치평동,1224074500,성공,서구,치평동,True,True
나무창작소협동조합,통합지원형,공공,광주 서구 쌍촌로 6 (쌍촌동) B1,서구,광주청년통합플랫폼,https://youth.gwangju.go.kr/www/areaResve/resveList,광주청년통합플랫폼에서 기관분류가 공공으로 표시된 시설,2026-09-05,35.1453562923646,126.865321240936,전남광주통합특별시 서구 쌍촌로 6,성공,,,서구,상무2동,1224075200,성공,서구,상무2동,False,True
서구생활문화센터,통합지원형,공공,"광주 서구 마재로 3 (금호동, 서구문화센터)",서구,광주청년통합플랫폼,https://youth.gwangju.go.kr/www/areaResve/resveList,광주청년통합플랫폼에서 기관분류가 공공으로 표시된 시설,2026-09-05,35.130813963578,126.86036212615,전남광주통합특별시 서구 마재로 3,성공,,,서구,금호2동,1224082400,성공,서구,금호2동,False,True
서구청년센터플러스,통합지원형,공공,광주 서구 상무대로1240번길 21 (양동),서구,광주청년통합플랫폼,https://youth.gwangju.go.kr/www/areaResve/resveList,광주청년통합플랫폼에서 기관분류가 공공으로 표시된 시설,2026-09-05,35.155029485914,126.897959818713,전남광주통합특별시 서구 상무대로1240번길 21,성공,,,서구,양3동,1224059000,성공,서구,양3동,False,True
서구 사회적경제 사랑방,프로그램운영형,공공,"광주 서구 북촌길 31 (마륵동, 광주 상무역 골드클래스 아파트) 서구 사회적경제 사랑방",서구,광주청년통합플랫폼,https://youth.gwangju.go.kr/www/areaResve/resveList,광주청년통합플랫폼에서 기관분류가 공공으로 표시된 시설,2026-09-05,35.1438672834381,126.850517958162,전남광주통합특별시 서구 북촌길 31,성공,,,서구,서창동,1224080000,성공,서구,서창동,False,True
