지역,HL_Score,HL정책비교순위,HL정책검토등급,HL정책순위포함여부,HL비교가능성,HL산출유형,월환산주거비,월환산주거비_평균값_만원,전체거래건수,HL주거표본판정,HL데이터주의사항,생활인프라점수,2030선호시설점수,교통접근성점수,주거가성비점수,HL취약유형,HL취약요인수,HL주요취약요인,HL정책검토방향,2030인구수,2030인구비율,생활시설_1000명당,버스정류소_1000명당,선호시설_1000명당,가장가까운_버스정류소_m,생활시설_상대부족,교통_상대부족,선호시설_상대부족,2030인구_TOP10,수요대비인프라후보,수요대비우선후보,수요대비부족분야,두분석_동시신호,최종정책유형,정책근거요약,통합정책제안
서구 풍암동,43.5,21.0,우선 개선 검토,True,정상,4개 영역 전체 반영,51.71,51.71,152,정상,,47.0,59.5,8.7,44.0,생활·교통 취약형,2,"생활인프라, 교통접근성",생활SOC·의료·편의·문화시설 확충 필요성 검토 / 버스정류장 및 대중교통 접근성 개선 필요성 검토,7536,22.93,57.72,6.24,16.06,266.6,True,True,True,True,True,True,"생활 인프라, 교통, 청년 선호시설",True,복합 최우선 검토,"HL-Score 분석에서 생활인프라, 교통접근성 취약 신호가 나타났으며, 청년 인구 대비 생활 인프라, 교통, 청년 선호시설 공급도 상대적으로 부족한 지역.",주거·교통·생활환경 통합 현장진단 우선 검토 · 생활SOC·의료·편의·문화시설 공급 및 접근성 점검 · 노선 수·배차간격을 포함한 대중교통 서비스 수준 점검
남구 진월동,44.5,19.0,관심 검토,True,정상,4개 영역 전체 반영,41.75,41.75,265,정상,,44.2,30.1,27.7,65.2,복합 취약형,3,"생활인프라, 2030선호시설, 교통접근성",생활SOC·의료·편의·문화시설 확충 필요성 검토 / 청년 문화·운동·생활편의시설 확충 필요성 검토 / 버스정류장 및 대중교통 접근성 개선 필요성 검토,5608,20.93,103.42,9.09,9.45,153.4,True,True,True,True,True,False,"생활 인프라, 교통, 청년 선호시설",True,복합 관심 검토,"HL-Score 분석에서 생활인프라, 2030선호시설, 교통접근성 취약 신호가 나타났으며, 청년 인구 대비 생활 인프라, 교통, 청년 선호시설 공급도 상대적으로 부족한 지역.",주거·교통·생활환경 통합 현장진단 우선 검토 · 생활SOC·의료·편의·문화시설 공급 및 접근성 점검 · 청년 문화·운동·생활편의시설 공급 확대 가능성 검토 · 노선 수·배차간격을 포함한 대중교통 서비스 수준 점검
서구 금호1동,45.2,18.0,관심 검토,True,정상,4개 영역 전체 반영,50.67,50.67,137,정상,,50.5,43.1,36.1,46.2,뚜렷한 취약요인 없음,0,없음,상대적 하위 25%에 해당하는 뚜렷한 취약요인 없음,4710,22.63,141.4,13.8,16.14,185.6,True,True,True,True,True,False,"생활 인프라, 교통, 청년 선호시설",True,복합 관심 검토,"HL-Score가 상대적으로 낮게 나타났으며, 청년 인구 대비 생활 인프라, 교통, 청년 선호시설 공급도 상대적으로 부족한 지역.",주거·교통·생활환경 통합 현장진단 우선 검토 · 생활SOC·의료·편의·문화시설 공급 및 접근성 점검 · 노선 수·배차간격을 포함한 대중교통 서비스 수준 점검
남구 송암동,47.8,15.0,관심 검토,True,정상,4개 영역 전체 반영,30.07,30.07,92,정상,,29.9,22.4,41.3,90.1,생활·청년시설 취약형,2,"생활인프라, 2030선호시설",생활SOC·의료·편의·문화시설 확충 필요성 검토 / 청년 문화·운동·생활편의시설 확충 필요성 검토,4836,23.73,39.08,11.79,9.72,93.2,True,True,True,True,True,False,"생활 인프라, 교통, 청년 선호시설",True,복합 관심 검토,"HL-Score 분석에서 생활인프라, 2030선호시설 취약 신호가 나타났으며, 청년 인구 대비 생활 인프라, 교통, 청년 선호시설 공급도 상대적으로 부족한 지역.",주거·교통·생활환경 통합 현장진단 우선 검토 · 생활SOC·의료·편의·문화시설 공급 및 접근성 점검 · 청년 문화·운동·생활편의시설 공급 확대 가능성 검토 · 노선 수·배차간격을 포함한 대중교통 서비스 수준 점검
남구 효덕동,42.3,24.0,우선 개선 검토,True,정상,4개 영역 전체 반영,25.44,25.44,277,정상,,3.7,20.3,40.7,100.0,생활·청년시설 취약형,2,"생활인프라, 2030선호시설",생활SOC·의료·편의·문화시설 확충 필요성 검토 / 청년 문화·운동·생활편의시설 확충 필요성 검토,3458,23.48,40.2,16.77,5.78,104.7,True,True,True,False,False,False,"생활 인프라, 교통, 청년 선호시설",False,주거환경 개선 우선,"HL-Score 상대 하위권 지역으로, 생활인프라, 2030선호시설 부문의 우선 점검이 필요한 지역.",생활SOC·의료·편의·문화시설 공급 및 접근성 점검 · 청년 문화·운동·생활편의시설 공급 확대 가능성 검토
동구 지원1동,43.1,23.0,우선 개선 검토,True,정상,4개 영역 전체 반영,40.69,40.69,33,정상,,53.7,24.2,4.6,67.5,청년시설·교통 취약형,2,"2030선호시설, 교통접근성",청년 문화·운동·생활편의시설 확충 필요성 검토 / 버스정류장 및 대중교통 접근성 개선 필요성 검토,1870,21.62,164.17,26.74,20.32,322.9,True,False,False,False,False,False,생활 인프라,False,주거환경 개선 우선,"HL-Score 상대 하위권 지역으로, 2030선호시설, 교통접근성 부문의 우선 점검이 필요한 지역.",청년 문화·운동·생활편의시설 공급 확대 가능성 검토 · 노선 수·배차간격을 포함한 대중교통 서비스 수준 점검
북구 운암1동,43.1,22.0,우선 개선 검토,True,정상,4개 영역 전체 반영,56.83,56.83,65,정상,,50.0,55.6,28.8,33.1,교통·주거 취약형,2,"교통접근성, 주거가성비",버스정류장 및 대중교통 접근성 개선 필요성 검토 / 청년 주거비 지원·공공임대·부담 가능한 주택 공급 필요성 검토,3638,20.92,238.04,22.54,31.89,333.5,False,False,False,False,False,False,상대부족 없음,False,주거환경 개선 우선,"HL-Score 상대 하위권 지역으로, 교통접근성, 주거가성비 부문의 우선 점검이 필요한 지역.",노선 수·배차간격을 포함한 대중교통 서비스 수준 점검 · 청년 주거비 부담 완화 및 공공임대 연계 가능성 검토
광산구 신가동,43.8,20.0,우선 개선 검토,True,저표본 주의,4개 영역 전체 반영,39.46,39.46,13,저표본 주의,주거 거래 5~19건으로 주거비 해석 시 주의 필요,40.5,34.0,14.1,70.1,복합 취약형,3,"생활인프라, 2030선호시설, 교통접근성",생활SOC·의료·편의·문화시설 확충 필요성 검토 / 청년 문화·운동·생활편의시설 확충 필요성 검토 / 버스정류장 및 대중교통 접근성 개선 필요성 검토,4415,24.29,185.5,10.87,15.63,233.7,False,True,True,False,False,False,"교통, 청년 선호시설",False,주거환경 개선 우선,"HL-Score 상대 하위권 지역으로, 생활인프라, 2030선호시설, 교통접근성 부문의 우선 점검이 필요한 지역. 단, 주거 실거래 표본이 5~19건으로 주거비 해석에 주의가 필요함.",생활SOC·의료·편의·문화시설 공급 및 접근성 점검 · 청년 문화·운동·생활편의시설 공급 확대 가능성 검토 · 노선 수·배차간격을 포함한 대중교통 서비스 수준 점검
광산구 우산동,58.0,9.0,일반 관찰,True,정상,4개 영역 전체 반영,42.2,42.2,520,정상,,57.1,57.4,48.6,64.3,뚜렷한 취약요인 없음,0,없음,상대적 하위 25%에 해당하는 뚜렷한 취약요인 없음,7316,26.66,69.44,9.98,11.07,135.6,True,True,True,True,True,True,"생활 인프라, 교통, 청년 선호시설",False,청년수요 대응 우선,"2030 청년 수요가 큰 반면 생활 인프라, 교통, 청년 선호시설 공급 수준이 상대적으로 낮은 지역.",생활SOC·의료·편의·문화시설 공급 및 접근성 점검 · 노선 수·배차간격을 포함한 대중교통 서비스 수준 점검
북구 첨단2동,62.8,7.0,일반 관찰,True,정상,4개 영역 전체 반영,44.82,44.82,794,정상,,59.7,73.1,59.8,58.7,뚜렷한 취약요인 없음,0,없음,상대적 하위 25%에 해당하는 뚜렷한 취약요인 없음,12308,30.83,76.37,7.64,9.18,150.8,True,True,True,True,True,True,"생활 인프라, 교통, 청년 선호시설",False,청년수요 대응 우선,"2030 청년 수요가 큰 반면 생활 인프라, 교통, 청년 선호시설 공급 수준이 상대적으로 낮은 지역.",생활SOC·의료·편의·문화시설 공급 및 접근성 점검 · 노선 수·배차간격을 포함한 대중교통 서비스 수준 점검
북구 용봉동,64.3,4.0,일반 관찰,True,정상,4개 영역 전체 반영,41.64,41.64,104,정상,,51.1,72.0,75.4,65.5,뚜렷한 취약요인 없음,0,없음,상대적 하위 25%에 해당하는 뚜렷한 취약요인 없음,10520,29.53,90.02,10.65,16.92,101.5,True,True,True,True,True,True,"생활 인프라, 교통, 청년 선호시설",False,청년수요 대응 우선,"2030 청년 수요가 큰 반면 생활 인프라, 교통, 청년 선호시설 공급 수준이 상대적으로 낮은 지역.",생활SOC·의료·편의·문화시설 공급 및 접근성 점검 · 노선 수·배차간격을 포함한 대중교통 서비스 수준 점검
광산구 수완동,75.6,1.0,일반 관찰,True,정상,4개 영역 전체 반영,25.84,25.84,414,정상,,65.2,70.3,58.0,99.1,뚜렷한 취약요인 없음,0,없음,상대적 하위 25%에 해당하는 뚜렷한 취약요인 없음,16643,23.14,72.64,4.21,11.96,46.9,True,True,True,True,True,True,"생활 인프라, 교통, 청년 선호시설",False,청년수요 대응 우선,"2030 청년 수요가 큰 반면 생활 인프라, 교통, 청년 선호시설 공급 수준이 상대적으로 낮은 지역.",생활SOC·의료·편의·문화시설 공급 및 접근성 점검 · 노선 수·배차간격을 포함한 대중교통 서비스 수준 점검
남구 봉선2동,45.5,17.0,관심 검토,True,정상,4개 영역 전체 반영,65.99,65.99,35,정상,,54.8,57.4,70.7,13.6,주거 취약형,1,주거가성비,청년 주거비 지원·공공임대·부담 가능한 주택 공급 필요성 검토,4388,16.19,298.31,19.37,26.44,27.2,False,False,False,False,False,False,상대부족 없음,False,주거환경 관심 검토,HL-Score 분석에서 주거가성비 부문의 추가 점검 필요성이 확인된 지역.,청년 주거비 부담 완화 및 공공임대 연계 가능성 검토
동구 학동,45.9,16.0,관심 검토,True,정상,4개 영역 전체 반영,70.83,70.83,50,정상,,62.1,58.1,78.5,3.3,주거 취약형,1,주거가성비,청년 주거비 지원·공공임대·부담 가능한 주택 공급 필요성 검토,1639,23.58,493.59,63.45,79.32,48.1,False,False,False,False,False,False,상대부족 없음,False,주거환경 관심 검토,HL-Score 분석에서 주거가성비 부문의 추가 점검 필요성이 확인된 지역.,청년 주거비 부담 완화 및 공공임대 연계 가능성 검토
동구 계림1동,52.1,14.0,일반 관찰,True,정상,4개 영역 전체 반영,72.36,72.36,24,정상,,67.5,73.1,90.5,0.0,주거 취약형,1,주거가성비,청년 주거비 지원·공공임대·부담 가능한 주택 공급 필요성 검토,2635,27.14,540.8,56.55,260.72,100.3,False,False,False,False,False,False,상대부족 없음,False,일반 관찰,현재 프로젝트 분석 기준에서는 높은 정책 우선 신호가 확인되지 않은 지역.,청년 주거비 부담 완화 및 공공임대 연계 가능성 검토
남구 방림1동,52.3,13.0,일반 관찰,True,저표본 주의,4개 영역 전체 반영,60.42,60.42,7,저표본 주의,주거 거래 5~19건으로 주거비 해석 시 주의 필요,57.6,58.7,85.1,25.4,주거 취약형,1,주거가성비,청년 주거비 지원·공공임대·부담 가능한 주택 공급 필요성 검토,1255,20.58,788.84,98.8,117.13,67.9,False,False,False,False,False,False,상대부족 없음,False,일반 관찰,"현재 프로젝트 분석 기준에서는 높은 정책 우선 신호가 확인되지 않은 지역. 단, 주거 실거래 표본이 5~19건으로 주거비 해석에 주의가 필요함.",청년 주거비 부담 완화 및 공공임대 연계 가능성 검토
북구 문흥1동,53.5,12.0,일반 관찰,True,정상,4개 영역 전체 반영,45.28,45.28,23,정상,,39.0,67.7,50.3,57.7,생활 취약형,1,생활인프라,생활SOC·의료·편의·문화시설 확충 필요성 검토,2910,20.75,165.64,21.99,28.52,70.5,True,False,False,False,False,False,생활 인프라,False,일반 관찰,현재 프로젝트 분석 기준에서는 높은 정책 우선 신호가 확인되지 않은 지역.,생활SOC·의료·편의·문화시설 공급 및 접근성 점검
동구 지산2동,56.3,11.0,일반 관찰,True,정상,4개 영역 전체 반영,33.07,33.07,39,정상,,49.5,28.2,61.9,83.7,청년시설 취약형,1,2030선호시설,청년 문화·운동·생활편의시설 확충 필요성 검토,1132,28.17,674.91,77.74,81.27,108.6,False,False,False,False,False,False,상대부족 없음,False,일반 관찰,현재 프로젝트 분석 기준에서는 높은 정책 우선 신호가 확인되지 않은 지역.,청년 문화·운동·생활편의시설 공급 확대 가능성 검토
광산구 송정1동,57.5,10.0,일반 관찰,True,정상,4개 영역 전체 반영,31.58,31.58,50,정상,,62.3,34.4,27.4,86.9,교통 취약형,1,교통접근성,버스정류장 및 대중교통 접근성 개선 필요성 검토,2234,23.26,239.48,27.31,13.88,227.1,False,False,True,False,False,False,청년 선호시설,False,일반 관찰,현재 프로젝트 분석 기준에서는 높은 정책 우선 신호가 확인되지 않은 지역.,노선 수·배차간격을 포함한 대중교통 서비스 수준 점검
광산구 첨단1동,58.3,8.0,일반 관찰,True,정상,4개 영역 전체 반영,55.36,55.36,382,정상,,63.8,71.8,69.2,36.2,주거 취약형,1,주거가성비,청년 주거비 지원·공공임대·부담 가능한 주택 공급 필요성 검토,7680,28.82,167.32,11.72,15.23,61.8,False,True,True,True,False,False,"교통, 청년 선호시설",False,일반 관찰,현재 프로젝트 분석 기준에서는 높은 정책 우선 신호가 확인되지 않은 지역.,청년 주거비 부담 완화 및 공공임대 연계 가능성 검토
서구 농성1동,63.6,6.0,일반 관찰,True,정상,4개 영역 전체 반영,47.19,47.19,340,정상,,67.2,59.8,82.4,53.6,뚜렷한 취약요인 없음,0,없음,상대적 하위 25%에 해당하는 뚜렷한 취약요인 없음,3176,28.41,248.43,38.41,105.79,81.8,False,False,False,False,False,False,상대부족 없음,False,일반 관찰,현재 프로젝트 분석 기준에서는 높은 정책 우선 신호가 확인되지 않은 지역.,청년 인구와 주거환경 변화의 지속 모니터링
서구 화정2동,64.3,5.0,일반 관찰,True,저표본 주의,4개 영역 전체 반영,37.4,37.4,15,저표본 주의,주거 거래 5~19건으로 주거비 해석 시 주의 필요,57.1,57.1,70.0,74.5,뚜렷한 취약요인 없음,0,없음,상대적 하위 25%에 해당하는 뚜렷한 취약요인 없음,3709,19.55,273.93,28.31,43.14,117.3,False,False,False,False,False,False,상대부족 없음,False,일반 관찰,"현재 프로젝트 분석 기준에서는 높은 정책 우선 신호가 확인되지 않은 지역. 단, 주거 실거래 표본이 5~19건으로 주거비 해석에 주의가 필요함.",청년 인구와 주거환경 변화의 지속 모니터링
서구 치평동,69.3,3.0,일반 관찰,True,정상,4개 영역 전체 반영,44.17,44.17,861,정상,,81.9,68.0,64.7,60.1,뚜렷한 취약요인 없음,0,없음,상대적 하위 25%에 해당하는 뚜렷한 취약요인 없음,8681,30.18,160.0,9.56,20.16,63.7,True,True,False,True,False,False,"생활 인프라, 교통",False,일반 관찰,현재 프로젝트 분석 기준에서는 높은 정책 우선 신호가 확인되지 않은 지역.,청년 인구와 주거환경 변화의 지속 모니터링
동구 충장동,75.0,2.0,일반 관찰,True,정상,4개 영역 전체 반영,46.62,46.62,622,정상,,78.3,87.4,87.8,54.9,뚜렷한 취약요인 없음,0,없음,상대적 하위 25%에 해당하는 뚜렷한 취약요인 없음,2900,49.29,626.21,46.55,243.1,80.8,False,False,False,False,False,False,상대부족 없음,False,일반 관찰,현재 프로젝트 분석 기준에서는 높은 정책 우선 신호가 확인되지 않은 지역.,청년 인구와 주거환경 변화의 지속 모니터링
북구 두암2동,52.6,,정책순위 제외,False,제한,주거비 제외·나머지 70% 재가중,17.0,17.0,1,표본부족,주거 거래 5건 미만으로 주거가성비점수 미사용·정책순위 비교 제외 / HL-Score는 참고용 접근성지수 기반,50.4,52.7,56.8,,뚜렷한 취약요인 없음,0,없음,상대적 하위 25%에 해당하는 뚜렷한 취약요인 없음,2737,19.82,204.6,28.13,34.34,94.1,False,False,False,False,False,False,상대부족 없음,False,HL순위 제외,주거 실거래 표본이 5건 미만으로 HL 정책순위 비교에서 제외된 지역. 충분한 주거 거래 표본 확보 후 재평가가 필요함.,주거 실거래 표본 추가 확보 후 HL-Score 재평가
