지역,HL_Score,HL정책비교순위,HL정책검토등급,HL정책순위포함여부,HL비교가능성,HL산출유형,월환산주거비,월환산주거비_평균값_만원,전체거래건수,HL주거표본판정,HL데이터주의사항,생활인프라점수,2030선호시설점수,교통접근성점수,주거가성비점수,HL취약유형,HL취약요인수,HL주요취약요인,HL정책검토방향,2030인구수,2030인구비율,생활시설_1000명당,버스정류소_1000명당,선호시설_1000명당,가장가까운_버스정류소_m,생활시설_상대부족,교통_상대부족,선호시설_상대부족,2030인구_TOP10,수요대비인프라후보,수요대비우선후보,수요대비부족분야,두분석_동시신호,최종정책유형,정책근거요약,통합정책제안,청년공공시설수,청년공공시설_1000명당,청년공공시설_0개,공공시설_상대부족,공공지원_점검후보,공공지원인프라_상태,통합지원형_수,취업지원형_수,창업지원형_수,프로그램운영형_수,기타공간_수,공공지원_보조근거,공공지원_정책검토방향,정책_공공지원_통합신호,공공시설_HL반영여부,공공시설지표_역할,공공임대_공급단위수,공공임대_세대수,매입임대_세대수,국민임대_세대수,행복주택_세대수,영구임대_세대수,공공임대_1000명당,매입임대_1000명당,국민임대_1000명당,행복주택_1000명당,영구임대_1000명당,행복주택_공급비율,공공임대_상대부족,행복주택_공급없음,공공임대_수요대비점검후보,행복주택_공급공백_TOP10,청년주거지원_점검후보,공공임대_공급상태,공공임대_정책보조해석,공공임대_HL반영여부,공공임대지표_역할,주거지원_보조근거,정책_주거지원_통합신호,공공임대_정책유형변경여부,공식정류소수,청년1000명당_정류소수,정류소공급_상대부족,버스노선데이터_안전매칭률,버스노선데이터_활용판정,청년교통공급_점검후보,버스정류소_정책보조해석,정책_교통공급_통합신호,버스정류소_HL반영여부,버스정류소지표_역할,버스노선_정책분석사용여부,버스노선_제외사유,버스정류소_정책유형변경여부
서구 풍암동,43.5,21.0,우선 개선 검토,True,정상,4개 영역 전체 반영,51.71,51.71,152,정상,,47.0,59.5,8.7,44.0,생활·교통 취약형,2,"생활인프라, 교통접근성",생활SOC·의료·편의·문화시설 확충 필요성 검토 / 버스정류장 및 대중교통 접근성 개선 필요성 검토,7536,22.93,57.72,6.24,16.06,266.6,True,True,True,True,True,True,"생활 인프라, 교통, 청년 선호시설",True,복합 최우선 검토,"HL-Score 분석에서 생활인프라, 교통접근성 취약 신호가 나타났으며, 청년 인구 대비 생활 인프라, 교통, 청년 선호시설 공급도 상대적으로 부족한 지역.",주거·교통·생활환경 통합 현장진단 우선 검토 · 생활SOC·의료·편의·문화시설 공급 및 접근성 점검 · 노선 수·배차간격을 포함한 대중교통 서비스 수준 점검,2,0.265,False,True,True,청년인구 대비 상대부족,0,0,0,0,2,"청년 공공시설은 2개이나 2030 인구 1,000명당 0.265개로, 청년 인구 규모를 고려할 때 공공지원 인프라가 상대적으로 부족한 지역.",청년 인구 규모를 고려한 청년지원시설 공급 확대 및 기존 시설의 수용능력·접근성 점검,기존 정책신호 + 공공지원 부족,False,HL-Score 미반영 / 정책지원 인프라 보조지표,14,116,116,0,0,0,15.39,15.39,0.0,0.0,0.0,0.0,True,True,True,True,True,청년인구 대비 상대적 공급 부족,"2030 청년인구가 많은 지역이면서 청년인구 대비 전체 공공임대 공급이 25개 동 중앙값보다 낮고, 행복주택 공급도 확인되지 않아 청년 주거지원 공급 여건의 추가 점검이 필요한 지역.",False,HL-Score 미반영 / 청년 주거정책 지원환경 보조지표,"전체 공공임대 116세대, 2030 인구 1,000명당 15.39세대로 25개 분석대상 동 중앙값보다 낮으며, 행복주택 공급도 0세대로 확인되어 청년 주거지원 공급여건의 추가 점검이 필요한 지역.",기존 정책신호 + 청년주거지원 공급 점검,False,39,5.18,False,0.54,매칭률 부족 - 정책판단 사용 보류,False,"행정동 내부 공식 버스정류소 39개, 2030 청년 1,000명당 5.18개. 현재 프로젝트 상대비교에서는 정류소 공급 부족 신호가 확인되지 않은 지역.",기존 정책신호,False,HL-Score 미반영 / 청년 수요 대비 대중교통 공급 보조지표,False,노선 정류소명과 공식 정류소 데이터의 안전 매칭률이 0.54%로 낮아 노선수·노선다양성 지표는 정책분석에서 제외,False
남구 진월동,44.5,19.0,관심 검토,True,정상,4개 영역 전체 반영,41.75,41.75,265,정상,,44.2,30.1,27.7,65.2,복합 취약형,3,"생활인프라, 2030선호시설, 교통접근성",생활SOC·의료·편의·문화시설 확충 필요성 검토 / 청년 문화·운동·생활편의시설 확충 필요성 검토 / 버스정류장 및 대중교통 접근성 개선 필요성 검토,5608,20.93,103.42,9.09,9.45,153.4,True,True,True,True,True,False,"생활 인프라, 교통, 청년 선호시설",True,복합 관심 검토,"HL-Score 분석에서 생활인프라, 2030선호시설, 교통접근성 취약 신호가 나타났으며, 청년 인구 대비 생활 인프라, 교통, 청년 선호시설 공급도 상대적으로 부족한 지역.",주거·교통·생활환경 통합 현장진단 우선 검토 · 생활SOC·의료·편의·문화시설 공급 및 접근성 점검 · 청년 문화·운동·생활편의시설 공급 확대 가능성 검토 · 노선 수·배차간격을 포함한 대중교통 서비스 수준 점검,3,0.535,False,False,False,상대적으로 양호,1,1,0,0,1,"청년 공공시설 3개, 2030 인구 1,000명당 0.535개로 현재 프로젝트 상대비교에서는 공공지원 인프라 부족 신호가 확인되지 않은 지역.",현재 시설 공급 수준을 유지하면서 이용률과 프로그램 운영성과 지속 모니터링,기존 정책신호,False,HL-Score 미반영 / 정책지원 인프라 보조지표,20,24,24,0,0,0,4.28,4.28,0.0,0.0,0.0,0.0,True,True,True,True,True,청년인구 대비 상대적 공급 부족,"2030 청년인구가 많은 지역이면서 청년인구 대비 전체 공공임대 공급이 25개 동 중앙값보다 낮고, 행복주택 공급도 확인되지 않아 청년 주거지원 공급 여건의 추가 점검이 필요한 지역.",False,HL-Score 미반영 / 청년 주거정책 지원환경 보조지표,"전체 공공임대 24세대, 2030 인구 1,000명당 4.28세대로 25개 분석대상 동 중앙값보다 낮으며, 행복주택 공급도 0세대로 확인되어 청년 주거지원 공급여건의 추가 점검이 필요한 지역.",기존 정책신호 + 청년주거지원 공급 점검,False,17,3.03,True,0.54,매칭률 부족 - 정책판단 사용 보류,True,"행정동 내부 공식 버스정류소 17개, 2030 청년 1,000명당 3.03개로 25개 분석대상 동 중앙값보다 낮으며, 청년인구 규모도 큰 지역이어서 대중교통 공급여건의 추가 점검이 필요한 지역.",기존 정책신호 + 청년 대중교통 공급 점검,False,HL-Score 미반영 / 청년 수요 대비 대중교통 공급 보조지표,False,노선 정류소명과 공식 정류소 데이터의 안전 매칭률이 0.54%로 낮아 노선수·노선다양성 지표는 정책분석에서 제외,False
서구 금호1동,45.2,18.0,관심 검토,True,정상,4개 영역 전체 반영,50.67,50.67,137,정상,,50.5,43.1,36.1,46.2,뚜렷한 취약요인 없음,0,없음,상대적 하위 25%에 해당하는 뚜렷한 취약요인 없음,4710,22.63,141.4,13.8,16.14,185.6,True,True,True,True,True,False,"생활 인프라, 교통, 청년 선호시설",True,복합 관심 검토,"HL-Score가 상대적으로 낮게 나타났으며, 청년 인구 대비 생활 인프라, 교통, 청년 선호시설 공급도 상대적으로 부족한 지역.",주거·교통·생활환경 통합 현장진단 우선 검토 · 생활SOC·의료·편의·문화시설 공급 및 접근성 점검 · 노선 수·배차간격을 포함한 대중교통 서비스 수준 점검,1,0.212,False,True,True,청년인구 대비 상대부족,0,0,0,0,1,"청년 공공시설은 1개이나 2030 인구 1,000명당 0.212개로, 청년 인구 규모를 고려할 때 공공지원 인프라가 상대적으로 부족한 지역.",청년 인구 규모를 고려한 청년지원시설 공급 확대 및 기존 시설의 수용능력·접근성 점검,기존 정책신호 + 공공지원 부족,False,HL-Score 미반영 / 정책지원 인프라 보조지표,9,1553,53,0,0,1500,329.72,11.25,0.0,0.0,318.47,0.0,False,True,False,True,False,상대적으로 공급 양호,2030 청년인구 TOP10 지역이지만 현재 수집된 공공임대 데이터에서 행복주택 공급이 확인되지 않은 지역. 실제 청년 입주 가능 물량은 별도 확인이 필요함.,False,HL-Score 미반영 / 청년 주거정책 지원환경 보조지표,"전체 공공임대 1,553세대, 2030 인구 1,000명당 329.72세대. 현재 프로젝트 상대비교에서는 청년주거지원 공급 부족 복합신호가 확인되지 않은 지역.",기존 정책신호,False,11,2.34,True,0.54,매칭률 부족 - 정책판단 사용 보류,True,"행정동 내부 공식 버스정류소 11개, 2030 청년 1,000명당 2.34개로 25개 분석대상 동 중앙값보다 낮으며, 청년인구 규모도 큰 지역이어서 대중교통 공급여건의 추가 점검이 필요한 지역.",기존 정책신호 + 청년 대중교통 공급 점검,False,HL-Score 미반영 / 청년 수요 대비 대중교통 공급 보조지표,False,노선 정류소명과 공식 정류소 데이터의 안전 매칭률이 0.54%로 낮아 노선수·노선다양성 지표는 정책분석에서 제외,False
남구 송암동,47.8,15.0,관심 검토,True,정상,4개 영역 전체 반영,30.07,30.07,92,정상,,29.9,22.4,41.3,90.1,생활·청년시설 취약형,2,"생활인프라, 2030선호시설",생활SOC·의료·편의·문화시설 확충 필요성 검토 / 청년 문화·운동·생활편의시설 확충 필요성 검토,4836,23.73,39.08,11.79,9.72,93.2,True,True,True,True,True,False,"생활 인프라, 교통, 청년 선호시설",True,복합 관심 검토,"HL-Score 분석에서 생활인프라, 2030선호시설 취약 신호가 나타났으며, 청년 인구 대비 생활 인프라, 교통, 청년 선호시설 공급도 상대적으로 부족한 지역.",주거·교통·생활환경 통합 현장진단 우선 검토 · 생활SOC·의료·편의·문화시설 공급 및 접근성 점검 · 청년 문화·운동·생활편의시설 공급 확대 가능성 검토 · 노선 수·배차간격을 포함한 대중교통 서비스 수준 점검,1,0.207,False,True,True,청년인구 대비 상대부족,0,0,0,0,1,"청년 공공시설은 1개이나 2030 인구 1,000명당 0.207개로, 청년 인구 규모를 고려할 때 공공지원 인프라가 상대적으로 부족한 지역.",청년 인구 규모를 고려한 청년지원시설 공급 확대 및 기존 시설의 수용능력·접근성 점검,기존 정책신호 + 공공지원 부족,False,HL-Score 미반영 / 정책지원 인프라 보조지표,47,1177,70,710,264,0,243.38,14.47,146.82,54.59,0.0,22.43,False,False,False,False,False,상대적으로 공급 양호,현재 프로젝트 상대비교 기준에서는 공공임대 공급 부족 복합 신호가 확인되지 않은 지역.,False,HL-Score 미반영 / 청년 주거정책 지원환경 보조지표,"전체 공공임대 1,177세대, 2030 인구 1,000명당 243.38세대. 현재 프로젝트 상대비교에서는 청년주거지원 공급 부족 복합신호가 확인되지 않은 지역.",기존 정책신호,False,30,6.2,False,0.54,매칭률 부족 - 정책판단 사용 보류,False,"행정동 내부 공식 버스정류소 30개, 2030 청년 1,000명당 6.20개. 현재 프로젝트 상대비교에서는 정류소 공급 부족 신호가 확인되지 않은 지역.",기존 정책신호,False,HL-Score 미반영 / 청년 수요 대비 대중교통 공급 보조지표,False,노선 정류소명과 공식 정류소 데이터의 안전 매칭률이 0.54%로 낮아 노선수·노선다양성 지표는 정책분석에서 제외,False
남구 효덕동,42.3,24.0,우선 개선 검토,True,정상,4개 영역 전체 반영,25.44,25.44,277,정상,,3.7,20.3,40.7,100.0,생활·청년시설 취약형,2,"생활인프라, 2030선호시설",생활SOC·의료·편의·문화시설 확충 필요성 검토 / 청년 문화·운동·생활편의시설 확충 필요성 검토,3458,23.48,40.2,16.77,5.78,104.7,True,True,True,False,False,False,"생활 인프라, 교통, 청년 선호시설",False,주거환경 개선 우선,"HL-Score 상대 하위권 지역으로, 생활인프라, 2030선호시설 부문의 우선 점검이 필요한 지역.",생활SOC·의료·편의·문화시설 공급 및 접근성 점검 · 청년 문화·운동·생활편의시설 공급 확대 가능성 검토,2,0.578,False,False,False,상대적으로 양호,0,0,0,0,2,"청년 공공시설 2개, 2030 인구 1,000명당 0.578개로 현재 프로젝트 상대비교에서는 공공지원 인프라 부족 신호가 확인되지 않은 지역.",현재 시설 공급 수준을 유지하면서 이용률과 프로그램 운영성과 지속 모니터링,기존 정책신호,False,HL-Score 미반영 / 정책지원 인프라 보조지표,114,4437,112,2713,1362,250,1283.11,32.39,784.56,393.87,72.3,30.7,False,False,False,False,False,상대적으로 공급 양호,현재 프로젝트 상대비교 기준에서는 공공임대 공급 부족 복합 신호가 확인되지 않은 지역.,False,HL-Score 미반영 / 청년 주거정책 지원환경 보조지표,"전체 공공임대 4,437세대, 2030 인구 1,000명당 1283.11세대. 현재 프로젝트 상대비교에서는 청년주거지원 공급 부족 복합신호가 확인되지 않은 지역.",기존 정책신호,False,34,9.83,False,0.54,매칭률 부족 - 정책판단 사용 보류,False,"행정동 내부 공식 버스정류소 34개, 2030 청년 1,000명당 9.83개. 현재 프로젝트 상대비교에서는 정류소 공급 부족 신호가 확인되지 않은 지역.",기존 정책신호,False,HL-Score 미반영 / 청년 수요 대비 대중교통 공급 보조지표,False,노선 정류소명과 공식 정류소 데이터의 안전 매칭률이 0.54%로 낮아 노선수·노선다양성 지표는 정책분석에서 제외,False
동구 지원1동,43.1,23.0,우선 개선 검토,True,정상,4개 영역 전체 반영,40.69,40.69,33,정상,,53.7,24.2,4.6,67.5,청년시설·교통 취약형,2,"2030선호시설, 교통접근성",청년 문화·운동·생활편의시설 확충 필요성 검토 / 버스정류장 및 대중교통 접근성 개선 필요성 검토,1870,21.62,164.17,26.74,20.32,322.9,True,False,False,False,False,False,생활 인프라,False,주거환경 개선 우선,"HL-Score 상대 하위권 지역으로, 2030선호시설, 교통접근성 부문의 우선 점검이 필요한 지역.",청년 문화·운동·생활편의시설 공급 확대 가능성 검토 · 노선 수·배차간격을 포함한 대중교통 서비스 수준 점검,2,1.07,False,False,False,상대적으로 양호,0,0,0,0,2,"청년 공공시설 2개, 2030 인구 1,000명당 1.070개로 현재 프로젝트 상대비교에서는 공공지원 인프라 부족 신호가 확인되지 않은 지역.",현재 시설 공급 수준을 유지하면서 이용률과 프로그램 운영성과 지속 모니터링,기존 정책신호,False,HL-Score 미반영 / 정책지원 인프라 보조지표,4,59,59,0,0,0,31.55,31.55,0.0,0.0,0.0,0.0,True,True,False,False,False,청년인구 대비 상대적 공급 부족,현재 프로젝트 상대비교 기준에서는 공공임대 공급 부족 복합 신호가 확인되지 않은 지역.,False,HL-Score 미반영 / 청년 주거정책 지원환경 보조지표,"전체 공공임대 59세대, 2030 인구 1,000명당 31.55세대. 현재 프로젝트 상대비교에서는 청년주거지원 공급 부족 복합신호가 확인되지 않은 지역.",기존 정책신호,False,6,3.21,True,0.54,매칭률 부족 - 정책판단 사용 보류,False,"행정동 내부 공식 버스정류소 6개, 2030 청년 1,000명당 3.21개로 25개 분석대상 동 중앙값보다 낮아 정류소 공급여건을 참고할 필요가 있는 지역.",기존 정책신호 + 정류소 공급여건 참고,False,HL-Score 미반영 / 청년 수요 대비 대중교통 공급 보조지표,False,노선 정류소명과 공식 정류소 데이터의 안전 매칭률이 0.54%로 낮아 노선수·노선다양성 지표는 정책분석에서 제외,False
북구 운암1동,43.1,22.0,우선 개선 검토,True,정상,4개 영역 전체 반영,56.83,56.83,65,정상,,50.0,55.6,28.8,33.1,교통·주거 취약형,2,"교통접근성, 주거가성비",버스정류장 및 대중교통 접근성 개선 필요성 검토 / 청년 주거비 지원·공공임대·부담 가능한 주택 공급 필요성 검토,3638,20.92,238.04,22.54,31.89,333.5,False,False,False,False,False,False,상대부족 없음,False,주거환경 개선 우선,"HL-Score 상대 하위권 지역으로, 교통접근성, 주거가성비 부문의 우선 점검이 필요한 지역.",노선 수·배차간격을 포함한 대중교통 서비스 수준 점검 · 청년 주거비 부담 완화 및 공공임대 연계 가능성 검토,0,0.0,True,True,False,시설 없음,0,0,0,0,0,분석대상 행정동 내 청년 공공시설이 확인되지 않아 공공지원 인프라의 추가 점검이 필요한 지역.,청년지원 공간의 신규 설치 필요성 또는 인접 행정동 시설과의 접근성·연계성 검토,기존 정책신호 + 공공시설 없음,False,HL-Score 미반영 / 정책지원 인프라 보조지표,23,47,47,0,0,0,12.92,12.92,0.0,0.0,0.0,0.0,True,True,False,False,False,청년인구 대비 상대적 공급 부족,현재 프로젝트 상대비교 기준에서는 공공임대 공급 부족 복합 신호가 확인되지 않은 지역.,False,HL-Score 미반영 / 청년 주거정책 지원환경 보조지표,"전체 공공임대 47세대, 2030 인구 1,000명당 12.92세대. 현재 프로젝트 상대비교에서는 청년주거지원 공급 부족 복합신호가 확인되지 않은 지역.",기존 정책신호,False,7,1.92,True,0.54,매칭률 부족 - 정책판단 사용 보류,False,"행정동 내부 공식 버스정류소 7개, 2030 청년 1,000명당 1.92개로 25개 분석대상 동 중앙값보다 낮아 정류소 공급여건을 참고할 필요가 있는 지역.",기존 정책신호 + 정류소 공급여건 참고,False,HL-Score 미반영 / 청년 수요 대비 대중교통 공급 보조지표,False,노선 정류소명과 공식 정류소 데이터의 안전 매칭률이 0.54%로 낮아 노선수·노선다양성 지표는 정책분석에서 제외,False
광산구 신가동,43.8,20.0,우선 개선 검토,True,저표본 주의,4개 영역 전체 반영,39.46,39.46,13,저표본 주의,주거 거래 5~19건으로 주거비 해석 시 주의 필요,40.5,34.0,14.1,70.1,복합 취약형,3,"생활인프라, 2030선호시설, 교통접근성",생활SOC·의료·편의·문화시설 확충 필요성 검토 / 청년 문화·운동·생활편의시설 확충 필요성 검토 / 버스정류장 및 대중교통 접근성 개선 필요성 검토,4415,24.29,185.5,10.87,15.63,233.7,False,True,True,False,False,False,"교통, 청년 선호시설",False,주거환경 개선 우선,"HL-Score 상대 하위권 지역으로, 생활인프라, 2030선호시설, 교통접근성 부문의 우선 점검이 필요한 지역. 단, 주거 실거래 표본이 5~19건으로 주거비 해석에 주의가 필요함.",생활SOC·의료·편의·문화시설 공급 및 접근성 점검 · 청년 문화·운동·생활편의시설 공급 확대 가능성 검토 · 노선 수·배차간격을 포함한 대중교통 서비스 수준 점검,0,0.0,True,True,False,시설 없음,0,0,0,0,0,분석대상 행정동 내 청년 공공시설이 확인되지 않아 공공지원 인프라의 추가 점검이 필요한 지역.,청년지원 공간의 신규 설치 필요성 또는 인접 행정동 시설과의 접근성·연계성 검토,기존 정책신호 + 공공시설 없음,False,HL-Score 미반영 / 정책지원 인프라 보조지표,39,614,224,390,0,0,139.07,50.74,88.34,0.0,0.0,0.0,False,True,False,False,False,상대적으로 공급 양호,현재 프로젝트 상대비교 기준에서는 공공임대 공급 부족 복합 신호가 확인되지 않은 지역.,False,HL-Score 미반영 / 청년 주거정책 지원환경 보조지표,"전체 공공임대 614세대, 2030 인구 1,000명당 139.07세대. 현재 프로젝트 상대비교에서는 청년주거지원 공급 부족 복합신호가 확인되지 않은 지역.",기존 정책신호,False,14,3.17,True,0.54,매칭률 부족 - 정책판단 사용 보류,False,"행정동 내부 공식 버스정류소 14개, 2030 청년 1,000명당 3.17개로 25개 분석대상 동 중앙값보다 낮아 정류소 공급여건을 참고할 필요가 있는 지역.",기존 정책신호 + 정류소 공급여건 참고,False,HL-Score 미반영 / 청년 수요 대비 대중교통 공급 보조지표,False,노선 정류소명과 공식 정류소 데이터의 안전 매칭률이 0.54%로 낮아 노선수·노선다양성 지표는 정책분석에서 제외,False
광산구 우산동,58.0,9.0,일반 관찰,True,정상,4개 영역 전체 반영,42.2,42.2,520,정상,,57.1,57.4,48.6,64.3,뚜렷한 취약요인 없음,0,없음,상대적 하위 25%에 해당하는 뚜렷한 취약요인 없음,7316,26.66,69.44,9.98,11.07,135.6,True,True,True,True,True,True,"생활 인프라, 교통, 청년 선호시설",False,청년수요 대응 우선,"2030 청년 수요가 큰 반면 생활 인프라, 교통, 청년 선호시설 공급 수준이 상대적으로 낮은 지역.",생활SOC·의료·편의·문화시설 공급 및 접근성 점검 · 노선 수·배차간격을 포함한 대중교통 서비스 수준 점검,4,0.547,False,False,False,상대적으로 양호,1,0,0,3,0,"청년 공공시설 4개, 2030 인구 1,000명당 0.547개로 현재 프로젝트 상대비교에서는 공공지원 인프라 부족 신호가 확인되지 않은 지역.",현재 시설 공급 수준을 유지하면서 이용률과 프로그램 운영성과 지속 모니터링,기존 정책신호,False,HL-Score 미반영 / 정책지원 인프라 보조지표,33,4272,248,0,661,3363,583.93,33.9,0.0,90.35,459.68,15.47,False,False,False,False,False,상대적으로 공급 양호,현재 프로젝트 상대비교 기준에서는 공공임대 공급 부족 복합 신호가 확인되지 않은 지역.,False,HL-Score 미반영 / 청년 주거정책 지원환경 보조지표,"전체 공공임대 4,272세대, 2030 인구 1,000명당 583.93세대. 현재 프로젝트 상대비교에서는 청년주거지원 공급 부족 복합신호가 확인되지 않은 지역.",기존 정책신호,False,31,4.24,True,0.54,매칭률 부족 - 정책판단 사용 보류,True,"행정동 내부 공식 버스정류소 31개, 2030 청년 1,000명당 4.24개로 25개 분석대상 동 중앙값보다 낮으며, 청년인구 규모도 큰 지역이어서 대중교통 공급여건의 추가 점검이 필요한 지역.",기존 정책신호 + 청년 대중교통 공급 점검,False,HL-Score 미반영 / 청년 수요 대비 대중교통 공급 보조지표,False,노선 정류소명과 공식 정류소 데이터의 안전 매칭률이 0.54%로 낮아 노선수·노선다양성 지표는 정책분석에서 제외,False
북구 첨단2동,62.8,7.0,일반 관찰,True,정상,4개 영역 전체 반영,44.82,44.82,794,정상,,59.7,73.1,59.8,58.7,뚜렷한 취약요인 없음,0,없음,상대적 하위 25%에 해당하는 뚜렷한 취약요인 없음,12308,30.83,76.37,7.64,9.18,150.8,True,True,True,True,True,True,"생활 인프라, 교통, 청년 선호시설",False,청년수요 대응 우선,"2030 청년 수요가 큰 반면 생활 인프라, 교통, 청년 선호시설 공급 수준이 상대적으로 낮은 지역.",생활SOC·의료·편의·문화시설 공급 및 접근성 점검 · 노선 수·배차간격을 포함한 대중교통 서비스 수준 점검,6,0.487,False,False,False,상대적으로 양호,0,0,0,3,3,"청년 공공시설 6개, 2030 인구 1,000명당 0.487개로 현재 프로젝트 상대비교에서는 공공지원 인프라 부족 신호가 확인되지 않은 지역.",현재 시설 공급 수준을 유지하면서 이용률과 프로그램 운영성과 지속 모니터링,기존 정책신호,False,HL-Score 미반영 / 정책지원 인프라 보조지표,26,296,96,0,200,0,24.05,7.8,0.0,16.25,0.0,67.57,True,False,True,False,False,청년인구 대비 상대적 공급 부족,2030 청년인구 규모가 큰 지역에 비해 공공임대 공급량이 상대적으로 낮아 공공주거 공급 여건을 추가 점검할 필요가 있는 지역.,False,HL-Score 미반영 / 청년 주거정책 지원환경 보조지표,"전체 공공임대 296세대, 2030 인구 1,000명당 24.05세대로 청년 인구 규모에 비해 공공주거 공급 수준이 상대적으로 낮은 지역.",기존 정책신호 + 공공임대 공급여건 점검,False,36,2.92,True,0.54,매칭률 부족 - 정책판단 사용 보류,True,"행정동 내부 공식 버스정류소 36개, 2030 청년 1,000명당 2.92개로 25개 분석대상 동 중앙값보다 낮으며, 청년인구 규모도 큰 지역이어서 대중교통 공급여건의 추가 점검이 필요한 지역.",기존 정책신호 + 청년 대중교통 공급 점검,False,HL-Score 미반영 / 청년 수요 대비 대중교통 공급 보조지표,False,노선 정류소명과 공식 정류소 데이터의 안전 매칭률이 0.54%로 낮아 노선수·노선다양성 지표는 정책분석에서 제외,False
북구 용봉동,64.3,4.0,일반 관찰,True,정상,4개 영역 전체 반영,41.64,41.64,104,정상,,51.1,72.0,75.4,65.5,뚜렷한 취약요인 없음,0,없음,상대적 하위 25%에 해당하는 뚜렷한 취약요인 없음,10520,29.53,90.02,10.65,16.92,101.5,True,True,True,True,True,True,"생활 인프라, 교통, 청년 선호시설",False,청년수요 대응 우선,"2030 청년 수요가 큰 반면 생활 인프라, 교통, 청년 선호시설 공급 수준이 상대적으로 낮은 지역.",생활SOC·의료·편의·문화시설 공급 및 접근성 점검 · 노선 수·배차간격을 포함한 대중교통 서비스 수준 점검,3,0.285,False,True,True,청년인구 대비 상대부족,0,2,0,0,1,"청년 공공시설은 3개이나 2030 인구 1,000명당 0.285개로, 청년 인구 규모를 고려할 때 공공지원 인프라가 상대적으로 부족한 지역.",청년 인구 규모를 고려한 청년지원시설 공급 확대 및 기존 시설의 수용능력·접근성 점검,기존 정책신호 + 공공지원 부족,False,HL-Score 미반영 / 정책지원 인프라 보조지표,58,1337,436,901,0,0,127.09,41.44,85.65,0.0,0.0,0.0,False,True,False,True,False,상대적으로 공급 양호,2030 청년인구 TOP10 지역이지만 현재 수집된 공공임대 데이터에서 행복주택 공급이 확인되지 않은 지역. 실제 청년 입주 가능 물량은 별도 확인이 필요함.,False,HL-Score 미반영 / 청년 주거정책 지원환경 보조지표,"전체 공공임대 1,337세대, 2030 인구 1,000명당 127.09세대. 현재 프로젝트 상대비교에서는 청년주거지원 공급 부족 복합신호가 확인되지 않은 지역.",기존 정책신호,False,40,3.8,True,0.54,매칭률 부족 - 정책판단 사용 보류,True,"행정동 내부 공식 버스정류소 40개, 2030 청년 1,000명당 3.80개로 25개 분석대상 동 중앙값보다 낮으며, 청년인구 규모도 큰 지역이어서 대중교통 공급여건의 추가 점검이 필요한 지역.",기존 정책신호 + 청년 대중교통 공급 점검,False,HL-Score 미반영 / 청년 수요 대비 대중교통 공급 보조지표,False,노선 정류소명과 공식 정류소 데이터의 안전 매칭률이 0.54%로 낮아 노선수·노선다양성 지표는 정책분석에서 제외,False
광산구 수완동,75.6,1.0,일반 관찰,True,정상,4개 영역 전체 반영,25.84,25.84,414,정상,,65.2,70.3,58.0,99.1,뚜렷한 취약요인 없음,0,없음,상대적 하위 25%에 해당하는 뚜렷한 취약요인 없음,16643,23.14,72.64,4.21,11.96,46.9,True,True,True,True,True,True,"생활 인프라, 교통, 청년 선호시설",False,청년수요 대응 우선,"2030 청년 수요가 큰 반면 생활 인프라, 교통, 청년 선호시설 공급 수준이 상대적으로 낮은 지역.",생활SOC·의료·편의·문화시설 공급 및 접근성 점검 · 노선 수·배차간격을 포함한 대중교통 서비스 수준 점검,4,0.24,False,True,True,청년인구 대비 상대부족,0,0,0,2,2,"청년 공공시설은 4개이나 2030 인구 1,000명당 0.240개로, 청년 인구 규모를 고려할 때 공공지원 인프라가 상대적으로 부족한 지역.",청년 인구 규모를 고려한 청년지원시설 공급 확대 및 기존 시설의 수용능력·접근성 점검,기존 정책신호 + 공공지원 부족,False,HL-Score 미반영 / 정책지원 인프라 보조지표,22,6828,18,6810,0,0,410.26,1.08,409.18,0.0,0.0,0.0,False,True,False,True,False,상대적으로 공급 양호,2030 청년인구 TOP10 지역이지만 현재 수집된 공공임대 데이터에서 행복주택 공급이 확인되지 않은 지역. 실제 청년 입주 가능 물량은 별도 확인이 필요함.,False,HL-Score 미반영 / 청년 주거정책 지원환경 보조지표,"전체 공공임대 6,828세대, 2030 인구 1,000명당 410.26세대. 현재 프로젝트 상대비교에서는 청년주거지원 공급 부족 복합신호가 확인되지 않은 지역.",기존 정책신호,False,49,2.94,True,0.54,매칭률 부족 - 정책판단 사용 보류,True,"행정동 내부 공식 버스정류소 49개, 2030 청년 1,000명당 2.94개로 25개 분석대상 동 중앙값보다 낮으며, 청년인구 규모도 큰 지역이어서 대중교통 공급여건의 추가 점검이 필요한 지역.",기존 정책신호 + 청년 대중교통 공급 점검,False,HL-Score 미반영 / 청년 수요 대비 대중교통 공급 보조지표,False,노선 정류소명과 공식 정류소 데이터의 안전 매칭률이 0.54%로 낮아 노선수·노선다양성 지표는 정책분석에서 제외,False
남구 봉선2동,45.5,17.0,관심 검토,True,정상,4개 영역 전체 반영,65.99,65.99,35,정상,,54.8,57.4,70.7,13.6,주거 취약형,1,주거가성비,청년 주거비 지원·공공임대·부담 가능한 주택 공급 필요성 검토,4388,16.19,298.31,19.37,26.44,27.2,False,False,False,False,False,False,상대부족 없음,False,주거환경 관심 검토,HL-Score 분석에서 주거가성비 부문의 추가 점검 필요성이 확인된 지역.,청년 주거비 부담 완화 및 공공임대 연계 가능성 검토,5,1.139,False,False,False,상대적으로 양호,1,0,0,0,4,"청년 공공시설 5개, 2030 인구 1,000명당 1.139개로 현재 프로젝트 상대비교에서는 공공지원 인프라 부족 신호가 확인되지 않은 지역.",현재 시설 공급 수준을 유지하면서 이용률과 프로그램 운영성과 지속 모니터링,기존 정책신호,False,HL-Score 미반영 / 정책지원 인프라 보조지표,4,24,24,0,0,0,5.47,5.47,0.0,0.0,0.0,0.0,True,True,False,False,False,청년인구 대비 상대적 공급 부족,현재 프로젝트 상대비교 기준에서는 공공임대 공급 부족 복합 신호가 확인되지 않은 지역.,False,HL-Score 미반영 / 청년 주거정책 지원환경 보조지표,"전체 공공임대 24세대, 2030 인구 1,000명당 5.47세대. 현재 프로젝트 상대비교에서는 청년주거지원 공급 부족 복합신호가 확인되지 않은 지역.",기존 정책신호,False,23,5.24,False,0.54,매칭률 부족 - 정책판단 사용 보류,False,"행정동 내부 공식 버스정류소 23개, 2030 청년 1,000명당 5.24개. 현재 프로젝트 상대비교에서는 정류소 공급 부족 신호가 확인되지 않은 지역.",기존 정책신호,False,HL-Score 미반영 / 청년 수요 대비 대중교통 공급 보조지표,False,노선 정류소명과 공식 정류소 데이터의 안전 매칭률이 0.54%로 낮아 노선수·노선다양성 지표는 정책분석에서 제외,False
동구 학동,45.9,16.0,관심 검토,True,정상,4개 영역 전체 반영,70.83,70.83,50,정상,,62.1,58.1,78.5,3.3,주거 취약형,1,주거가성비,청년 주거비 지원·공공임대·부담 가능한 주택 공급 필요성 검토,1639,23.58,493.59,63.45,79.32,48.1,False,False,False,False,False,False,상대부족 없음,False,주거환경 관심 검토,HL-Score 분석에서 주거가성비 부문의 추가 점검 필요성이 확인된 지역.,청년 주거비 부담 완화 및 공공임대 연계 가능성 검토,1,0.61,False,False,False,상대적으로 양호,0,0,0,0,1,"청년 공공시설 1개, 2030 인구 1,000명당 0.610개로 현재 프로젝트 상대비교에서는 공공지원 인프라 부족 신호가 확인되지 않은 지역.",현재 시설 공급 수준을 유지하면서 이용률과 프로그램 운영성과 지속 모니터링,기존 정책신호,False,HL-Score 미반영 / 정책지원 인프라 보조지표,8,8,8,0,0,0,4.88,4.88,0.0,0.0,0.0,0.0,True,True,False,False,False,청년인구 대비 상대적 공급 부족,현재 프로젝트 상대비교 기준에서는 공공임대 공급 부족 복합 신호가 확인되지 않은 지역.,False,HL-Score 미반영 / 청년 주거정책 지원환경 보조지표,"전체 공공임대 8세대, 2030 인구 1,000명당 4.88세대. 현재 프로젝트 상대비교에서는 청년주거지원 공급 부족 복합신호가 확인되지 않은 지역.",기존 정책신호,False,15,9.15,False,0.54,매칭률 부족 - 정책판단 사용 보류,False,"행정동 내부 공식 버스정류소 15개, 2030 청년 1,000명당 9.15개. 현재 프로젝트 상대비교에서는 정류소 공급 부족 신호가 확인되지 않은 지역.",기존 정책신호,False,HL-Score 미반영 / 청년 수요 대비 대중교통 공급 보조지표,False,노선 정류소명과 공식 정류소 데이터의 안전 매칭률이 0.54%로 낮아 노선수·노선다양성 지표는 정책분석에서 제외,False
동구 계림1동,52.1,14.0,일반 관찰,True,정상,4개 영역 전체 반영,72.36,72.36,24,정상,,67.5,73.1,90.5,0.0,주거 취약형,1,주거가성비,청년 주거비 지원·공공임대·부담 가능한 주택 공급 필요성 검토,2635,27.14,540.8,56.55,260.72,100.3,False,False,False,False,False,False,상대부족 없음,False,일반 관찰,현재 프로젝트 분석 기준에서는 높은 정책 우선 신호가 확인되지 않은 지역.,청년 주거비 부담 완화 및 공공임대 연계 가능성 검토,0,0.0,True,True,False,시설 없음,0,0,0,0,0,분석대상 행정동 내 청년 공공시설이 확인되지 않아 공공지원 인프라의 추가 점검이 필요한 지역.,청년지원 공간의 신규 설치 필요성 또는 인접 행정동 시설과의 접근성·연계성 검토,공공시설 없음,False,HL-Score 미반영 / 정책지원 인프라 보조지표,20,194,194,0,0,0,73.62,73.62,0.0,0.0,0.0,0.0,False,True,False,False,False,상대적으로 공급 양호,현재 프로젝트 상대비교 기준에서는 공공임대 공급 부족 복합 신호가 확인되지 않은 지역.,False,HL-Score 미반영 / 청년 주거정책 지원환경 보조지표,"전체 공공임대 194세대, 2030 인구 1,000명당 73.62세대. 현재 프로젝트 상대비교에서는 청년주거지원 공급 부족 복합신호가 확인되지 않은 지역.",추가 주거지원 신호 없음,False,11,4.17,True,0.54,매칭률 부족 - 정책판단 사용 보류,False,"행정동 내부 공식 버스정류소 11개, 2030 청년 1,000명당 4.17개로 25개 분석대상 동 중앙값보다 낮아 정류소 공급여건을 참고할 필요가 있는 지역.",정류소 공급여건 참고,False,HL-Score 미반영 / 청년 수요 대비 대중교통 공급 보조지표,False,노선 정류소명과 공식 정류소 데이터의 안전 매칭률이 0.54%로 낮아 노선수·노선다양성 지표는 정책분석에서 제외,False
남구 방림1동,52.3,13.0,일반 관찰,True,저표본 주의,4개 영역 전체 반영,60.42,60.42,7,저표본 주의,주거 거래 5~19건으로 주거비 해석 시 주의 필요,57.6,58.7,85.1,25.4,주거 취약형,1,주거가성비,청년 주거비 지원·공공임대·부담 가능한 주택 공급 필요성 검토,1255,20.58,788.84,98.8,117.13,67.9,False,False,False,False,False,False,상대부족 없음,False,일반 관찰,"현재 프로젝트 분석 기준에서는 높은 정책 우선 신호가 확인되지 않은 지역. 단, 주거 실거래 표본이 5~19건으로 주거비 해석에 주의가 필요함.",청년 주거비 부담 완화 및 공공임대 연계 가능성 검토,1,0.797,False,False,False,상대적으로 양호,0,0,0,0,1,"청년 공공시설 1개, 2030 인구 1,000명당 0.797개로 현재 프로젝트 상대비교에서는 공공지원 인프라 부족 신호가 확인되지 않은 지역.",현재 시설 공급 수준을 유지하면서 이용률과 프로그램 운영성과 지속 모니터링,추가 신호 없음,False,HL-Score 미반영 / 정책지원 인프라 보조지표,10,91,91,0,0,0,72.51,72.51,0.0,0.0,0.0,0.0,False,True,False,False,False,상대적으로 공급 양호,현재 프로젝트 상대비교 기준에서는 공공임대 공급 부족 복합 신호가 확인되지 않은 지역.,False,HL-Score 미반영 / 청년 주거정책 지원환경 보조지표,"전체 공공임대 91세대, 2030 인구 1,000명당 72.51세대. 현재 프로젝트 상대비교에서는 청년주거지원 공급 부족 복합신호가 확인되지 않은 지역.",추가 주거지원 신호 없음,False,7,5.58,False,0.54,매칭률 부족 - 정책판단 사용 보류,False,"행정동 내부 공식 버스정류소 7개, 2030 청년 1,000명당 5.58개. 현재 프로젝트 상대비교에서는 정류소 공급 부족 신호가 확인되지 않은 지역.",추가 교통공급 신호 없음,False,HL-Score 미반영 / 청년 수요 대비 대중교통 공급 보조지표,False,노선 정류소명과 공식 정류소 데이터의 안전 매칭률이 0.54%로 낮아 노선수·노선다양성 지표는 정책분석에서 제외,False
북구 문흥1동,53.5,12.0,일반 관찰,True,정상,4개 영역 전체 반영,45.28,45.28,23,정상,,39.0,67.7,50.3,57.7,생활 취약형,1,생활인프라,생활SOC·의료·편의·문화시설 확충 필요성 검토,2910,20.75,165.64,21.99,28.52,70.5,True,False,False,False,False,False,생활 인프라,False,일반 관찰,현재 프로젝트 분석 기준에서는 높은 정책 우선 신호가 확인되지 않은 지역.,생활SOC·의료·편의·문화시설 공급 및 접근성 점검,0,0.0,True,True,False,시설 없음,0,0,0,0,0,분석대상 행정동 내 청년 공공시설이 확인되지 않아 공공지원 인프라의 추가 점검이 필요한 지역.,청년지원 공간의 신규 설치 필요성 또는 인접 행정동 시설과의 접근성·연계성 검토,공공시설 없음,False,HL-Score 미반영 / 정책지원 인프라 보조지표,16,99,99,0,0,0,34.02,34.02,0.0,0.0,0.0,0.0,False,True,False,False,False,상대적으로 공급 양호,현재 프로젝트 상대비교 기준에서는 공공임대 공급 부족 복합 신호가 확인되지 않은 지역.,False,HL-Score 미반영 / 청년 주거정책 지원환경 보조지표,"전체 공공임대 99세대, 2030 인구 1,000명당 34.02세대. 현재 프로젝트 상대비교에서는 청년주거지원 공급 부족 복합신호가 확인되지 않은 지역.",추가 주거지원 신호 없음,False,20,6.87,False,0.54,매칭률 부족 - 정책판단 사용 보류,False,"행정동 내부 공식 버스정류소 20개, 2030 청년 1,000명당 6.87개. 현재 프로젝트 상대비교에서는 정류소 공급 부족 신호가 확인되지 않은 지역.",추가 교통공급 신호 없음,False,HL-Score 미반영 / 청년 수요 대비 대중교통 공급 보조지표,False,노선 정류소명과 공식 정류소 데이터의 안전 매칭률이 0.54%로 낮아 노선수·노선다양성 지표는 정책분석에서 제외,False
동구 지산2동,56.3,11.0,일반 관찰,True,정상,4개 영역 전체 반영,33.07,33.07,39,정상,,49.5,28.2,61.9,83.7,청년시설 취약형,1,2030선호시설,청년 문화·운동·생활편의시설 확충 필요성 검토,1132,28.17,674.91,77.74,81.27,108.6,False,False,False,False,False,False,상대부족 없음,False,일반 관찰,현재 프로젝트 분석 기준에서는 높은 정책 우선 신호가 확인되지 않은 지역.,청년 문화·운동·생활편의시설 공급 확대 가능성 검토,3,2.65,False,False,False,상대적으로 양호,0,0,0,0,3,"청년 공공시설 3개, 2030 인구 1,000명당 2.650개로 현재 프로젝트 상대비교에서는 공공지원 인프라 부족 신호가 확인되지 않은 지역.",현재 시설 공급 수준을 유지하면서 이용률과 프로그램 운영성과 지속 모니터링,추가 신호 없음,False,HL-Score 미반영 / 정책지원 인프라 보조지표,1,7,7,0,0,0,6.18,6.18,0.0,0.0,0.0,0.0,True,True,False,False,False,청년인구 대비 상대적 공급 부족,현재 프로젝트 상대비교 기준에서는 공공임대 공급 부족 복합 신호가 확인되지 않은 지역.,False,HL-Score 미반영 / 청년 주거정책 지원환경 보조지표,"전체 공공임대 7세대, 2030 인구 1,000명당 6.18세대. 현재 프로젝트 상대비교에서는 청년주거지원 공급 부족 복합신호가 확인되지 않은 지역.",추가 주거지원 신호 없음,False,16,14.13,False,0.54,매칭률 부족 - 정책판단 사용 보류,False,"행정동 내부 공식 버스정류소 16개, 2030 청년 1,000명당 14.13개. 현재 프로젝트 상대비교에서는 정류소 공급 부족 신호가 확인되지 않은 지역.",추가 교통공급 신호 없음,False,HL-Score 미반영 / 청년 수요 대비 대중교통 공급 보조지표,False,노선 정류소명과 공식 정류소 데이터의 안전 매칭률이 0.54%로 낮아 노선수·노선다양성 지표는 정책분석에서 제외,False
광산구 송정1동,57.5,10.0,일반 관찰,True,정상,4개 영역 전체 반영,31.58,31.58,50,정상,,62.3,34.4,27.4,86.9,교통 취약형,1,교통접근성,버스정류장 및 대중교통 접근성 개선 필요성 검토,2234,23.26,239.48,27.31,13.88,227.1,False,False,True,False,False,False,청년 선호시설,False,일반 관찰,현재 프로젝트 분석 기준에서는 높은 정책 우선 신호가 확인되지 않은 지역.,노선 수·배차간격을 포함한 대중교통 서비스 수준 점검,2,0.895,False,False,False,상대적으로 양호,0,0,0,0,2,"청년 공공시설 2개, 2030 인구 1,000명당 0.895개로 현재 프로젝트 상대비교에서는 공공지원 인프라 부족 신호가 확인되지 않은 지역.",현재 시설 공급 수준을 유지하면서 이용률과 프로그램 운영성과 지속 모니터링,추가 신호 없음,False,HL-Score 미반영 / 정책지원 인프라 보조지표,7,81,71,10,0,0,36.26,31.78,4.48,0.0,0.0,0.0,False,True,False,False,False,상대적으로 공급 양호,현재 프로젝트 상대비교 기준에서는 공공임대 공급 부족 복합 신호가 확인되지 않은 지역.,False,HL-Score 미반영 / 청년 주거정책 지원환경 보조지표,"전체 공공임대 81세대, 2030 인구 1,000명당 36.26세대. 현재 프로젝트 상대비교에서는 청년주거지원 공급 부족 복합신호가 확인되지 않은 지역.",추가 주거지원 신호 없음,False,9,4.03,True,0.54,매칭률 부족 - 정책판단 사용 보류,False,"행정동 내부 공식 버스정류소 9개, 2030 청년 1,000명당 4.03개로 25개 분석대상 동 중앙값보다 낮아 정류소 공급여건을 참고할 필요가 있는 지역.",정류소 공급여건 참고,False,HL-Score 미반영 / 청년 수요 대비 대중교통 공급 보조지표,False,노선 정류소명과 공식 정류소 데이터의 안전 매칭률이 0.54%로 낮아 노선수·노선다양성 지표는 정책분석에서 제외,False
광산구 첨단1동,58.3,8.0,일반 관찰,True,정상,4개 영역 전체 반영,55.36,55.36,382,정상,,63.8,71.8,69.2,36.2,주거 취약형,1,주거가성비,청년 주거비 지원·공공임대·부담 가능한 주택 공급 필요성 검토,7680,28.82,167.32,11.72,15.23,61.8,False,True,True,True,False,False,"교통, 청년 선호시설",False,일반 관찰,현재 프로젝트 분석 기준에서는 높은 정책 우선 신호가 확인되지 않은 지역.,청년 주거비 부담 완화 및 공공임대 연계 가능성 검토,2,0.26,False,True,True,청년인구 대비 상대부족,2,0,0,0,0,"청년 공공시설은 2개이나 2030 인구 1,000명당 0.260개로, 청년 인구 규모를 고려할 때 공공지원 인프라가 상대적으로 부족한 지역.",청년 인구 규모를 고려한 청년지원시설 공급 확대 및 기존 시설의 수용능력·접근성 점검,공공지원 부족 신호,False,HL-Score 미반영 / 정책지원 인프라 보조지표,45,247,47,0,200,0,32.16,6.12,0.0,26.04,0.0,80.97,True,False,True,False,False,청년인구 대비 상대적 공급 부족,2030 청년인구 규모가 큰 지역에 비해 공공임대 공급량이 상대적으로 낮아 공공주거 공급 여건을 추가 점검할 필요가 있는 지역.,False,HL-Score 미반영 / 청년 주거정책 지원환경 보조지표,"전체 공공임대 247세대, 2030 인구 1,000명당 32.16세대로 청년 인구 규모에 비해 공공주거 공급 수준이 상대적으로 낮은 지역.",공공임대 공급여건 점검,False,36,4.69,False,0.54,매칭률 부족 - 정책판단 사용 보류,False,"행정동 내부 공식 버스정류소 36개, 2030 청년 1,000명당 4.69개. 현재 프로젝트 상대비교에서는 정류소 공급 부족 신호가 확인되지 않은 지역.",추가 교통공급 신호 없음,False,HL-Score 미반영 / 청년 수요 대비 대중교통 공급 보조지표,False,노선 정류소명과 공식 정류소 데이터의 안전 매칭률이 0.54%로 낮아 노선수·노선다양성 지표는 정책분석에서 제외,False
서구 농성1동,63.6,6.0,일반 관찰,True,정상,4개 영역 전체 반영,47.19,47.19,340,정상,,67.2,59.8,82.4,53.6,뚜렷한 취약요인 없음,0,없음,상대적 하위 25%에 해당하는 뚜렷한 취약요인 없음,3176,28.41,248.43,38.41,105.79,81.8,False,False,False,False,False,False,상대부족 없음,False,일반 관찰,현재 프로젝트 분석 기준에서는 높은 정책 우선 신호가 확인되지 않은 지역.,청년 인구와 주거환경 변화의 지속 모니터링,3,0.945,False,False,False,상대적으로 양호,0,1,0,0,2,"청년 공공시설 3개, 2030 인구 1,000명당 0.945개로 현재 프로젝트 상대비교에서는 공공지원 인프라 부족 신호가 확인되지 않은 지역.",현재 시설 공급 수준을 유지하면서 이용률과 프로그램 운영성과 지속 모니터링,추가 신호 없음,False,HL-Score 미반영 / 정책지원 인프라 보조지표,24,1018,215,245,60,498,320.53,67.7,77.14,18.89,156.8,5.89,False,False,False,False,False,상대적으로 공급 양호,현재 프로젝트 상대비교 기준에서는 공공임대 공급 부족 복합 신호가 확인되지 않은 지역.,False,HL-Score 미반영 / 청년 주거정책 지원환경 보조지표,"전체 공공임대 1,018세대, 2030 인구 1,000명당 320.53세대. 현재 프로젝트 상대비교에서는 청년주거지원 공급 부족 복합신호가 확인되지 않은 지역.",추가 주거지원 신호 없음,False,18,5.67,False,0.54,매칭률 부족 - 정책판단 사용 보류,False,"행정동 내부 공식 버스정류소 18개, 2030 청년 1,000명당 5.67개. 현재 프로젝트 상대비교에서는 정류소 공급 부족 신호가 확인되지 않은 지역.",추가 교통공급 신호 없음,False,HL-Score 미반영 / 청년 수요 대비 대중교통 공급 보조지표,False,노선 정류소명과 공식 정류소 데이터의 안전 매칭률이 0.54%로 낮아 노선수·노선다양성 지표는 정책분석에서 제외,False
서구 화정2동,64.3,5.0,일반 관찰,True,저표본 주의,4개 영역 전체 반영,37.4,37.4,15,저표본 주의,주거 거래 5~19건으로 주거비 해석 시 주의 필요,57.1,57.1,70.0,74.5,뚜렷한 취약요인 없음,0,없음,상대적 하위 25%에 해당하는 뚜렷한 취약요인 없음,3709,19.55,273.93,28.31,43.14,117.3,False,False,False,False,False,False,상대부족 없음,False,일반 관찰,"현재 프로젝트 분석 기준에서는 높은 정책 우선 신호가 확인되지 않은 지역. 단, 주거 실거래 표본이 5~19건으로 주거비 해석에 주의가 필요함.",청년 인구와 주거환경 변화의 지속 모니터링,0,0.0,True,True,False,시설 없음,0,0,0,0,0,분석대상 행정동 내 청년 공공시설이 확인되지 않아 공공지원 인프라의 추가 점검이 필요한 지역.,청년지원 공간의 신규 설치 필요성 또는 인접 행정동 시설과의 접근성·연계성 검토,공공시설 없음,False,HL-Score 미반영 / 정책지원 인프라 보조지표,7,68,68,0,0,0,18.33,18.33,0.0,0.0,0.0,0.0,True,True,False,False,False,청년인구 대비 상대적 공급 부족,현재 프로젝트 상대비교 기준에서는 공공임대 공급 부족 복합 신호가 확인되지 않은 지역.,False,HL-Score 미반영 / 청년 주거정책 지원환경 보조지표,"전체 공공임대 68세대, 2030 인구 1,000명당 18.33세대. 현재 프로젝트 상대비교에서는 청년주거지원 공급 부족 복합신호가 확인되지 않은 지역.",추가 주거지원 신호 없음,False,13,3.5,True,0.54,매칭률 부족 - 정책판단 사용 보류,False,"행정동 내부 공식 버스정류소 13개, 2030 청년 1,000명당 3.50개로 25개 분석대상 동 중앙값보다 낮아 정류소 공급여건을 참고할 필요가 있는 지역.",정류소 공급여건 참고,False,HL-Score 미반영 / 청년 수요 대비 대중교통 공급 보조지표,False,노선 정류소명과 공식 정류소 데이터의 안전 매칭률이 0.54%로 낮아 노선수·노선다양성 지표는 정책분석에서 제외,False
서구 치평동,69.3,3.0,일반 관찰,True,정상,4개 영역 전체 반영,44.17,44.17,861,정상,,81.9,68.0,64.7,60.1,뚜렷한 취약요인 없음,0,없음,상대적 하위 25%에 해당하는 뚜렷한 취약요인 없음,8681,30.18,160.0,9.56,20.16,63.7,True,True,False,True,False,False,"생활 인프라, 교통",False,일반 관찰,현재 프로젝트 분석 기준에서는 높은 정책 우선 신호가 확인되지 않은 지역.,청년 인구와 주거환경 변화의 지속 모니터링,5,0.576,False,False,False,상대적으로 양호,1,1,1,0,2,"청년 공공시설 5개, 2030 인구 1,000명당 0.576개로 현재 프로젝트 상대비교에서는 공공지원 인프라 부족 신호가 확인되지 않은 지역.",현재 시설 공급 수준을 유지하면서 이용률과 프로그램 운영성과 지속 모니터링,추가 신호 없음,False,HL-Score 미반영 / 정책지원 인프라 보조지표,4,15,15,0,0,0,1.73,1.73,0.0,0.0,0.0,0.0,True,True,True,True,True,청년인구 대비 상대적 공급 부족,"2030 청년인구가 많은 지역이면서 청년인구 대비 전체 공공임대 공급이 25개 동 중앙값보다 낮고, 행복주택 공급도 확인되지 않아 청년 주거지원 공급 여건의 추가 점검이 필요한 지역.",False,HL-Score 미반영 / 청년 주거정책 지원환경 보조지표,"전체 공공임대 15세대, 2030 인구 1,000명당 1.73세대로 25개 분석대상 동 중앙값보다 낮으며, 행복주택 공급도 0세대로 확인되어 청년 주거지원 공급여건의 추가 점검이 필요한 지역.",청년주거지원 공급 점검,False,50,5.76,False,0.54,매칭률 부족 - 정책판단 사용 보류,False,"행정동 내부 공식 버스정류소 50개, 2030 청년 1,000명당 5.76개. 현재 프로젝트 상대비교에서는 정류소 공급 부족 신호가 확인되지 않은 지역.",추가 교통공급 신호 없음,False,HL-Score 미반영 / 청년 수요 대비 대중교통 공급 보조지표,False,노선 정류소명과 공식 정류소 데이터의 안전 매칭률이 0.54%로 낮아 노선수·노선다양성 지표는 정책분석에서 제외,False
동구 충장동,75.0,2.0,일반 관찰,True,정상,4개 영역 전체 반영,46.62,46.62,622,정상,,78.3,87.4,87.8,54.9,뚜렷한 취약요인 없음,0,없음,상대적 하위 25%에 해당하는 뚜렷한 취약요인 없음,2900,49.29,626.21,46.55,243.1,80.8,False,False,False,False,False,False,상대부족 없음,False,일반 관찰,현재 프로젝트 분석 기준에서는 높은 정책 우선 신호가 확인되지 않은 지역.,청년 인구와 주거환경 변화의 지속 모니터링,7,2.414,False,False,False,상대적으로 양호,2,1,0,0,4,"청년 공공시설 7개, 2030 인구 1,000명당 2.414개로 현재 프로젝트 상대비교에서는 공공지원 인프라 부족 신호가 확인되지 않은 지역.",현재 시설 공급 수준을 유지하면서 이용률과 프로그램 운영성과 지속 모니터링,추가 신호 없음,False,HL-Score 미반영 / 정책지원 인프라 보조지표,11,81,81,0,0,0,27.93,27.93,0.0,0.0,0.0,0.0,True,True,False,False,False,청년인구 대비 상대적 공급 부족,현재 프로젝트 상대비교 기준에서는 공공임대 공급 부족 복합 신호가 확인되지 않은 지역.,False,HL-Score 미반영 / 청년 주거정책 지원환경 보조지표,"전체 공공임대 81세대, 2030 인구 1,000명당 27.93세대. 현재 프로젝트 상대비교에서는 청년주거지원 공급 부족 복합신호가 확인되지 않은 지역.",추가 주거지원 신호 없음,False,23,7.93,False,0.54,매칭률 부족 - 정책판단 사용 보류,False,"행정동 내부 공식 버스정류소 23개, 2030 청년 1,000명당 7.93개. 현재 프로젝트 상대비교에서는 정류소 공급 부족 신호가 확인되지 않은 지역.",추가 교통공급 신호 없음,False,HL-Score 미반영 / 청년 수요 대비 대중교통 공급 보조지표,False,노선 정류소명과 공식 정류소 데이터의 안전 매칭률이 0.54%로 낮아 노선수·노선다양성 지표는 정책분석에서 제외,False
북구 두암2동,52.6,,정책순위 제외,False,제한,주거비 제외·나머지 70% 재가중,17.0,17.0,1,표본부족,주거 거래 5건 미만으로 주거가성비점수 미사용·정책순위 비교 제외 / HL-Score는 참고용 접근성지수 기반,50.4,52.7,56.8,,뚜렷한 취약요인 없음,0,없음,상대적 하위 25%에 해당하는 뚜렷한 취약요인 없음,2737,19.82,204.6,28.13,34.34,94.1,False,False,False,False,False,False,상대부족 없음,False,HL순위 제외,주거 실거래 표본이 5건 미만으로 HL 정책순위 비교에서 제외된 지역. 충분한 주거 거래 표본 확보 후 재평가가 필요함.,주거 실거래 표본 추가 확보 후 HL-Score 재평가,0,0.0,True,True,False,시설 없음,0,0,0,0,0,분석대상 행정동 내 청년 공공시설이 확인되지 않아 공공지원 인프라의 추가 점검이 필요한 지역.,청년지원 공간의 신규 설치 필요성 또는 인접 행정동 시설과의 접근성·연계성 검토,공공시설 없음,False,HL-Score 미반영 / 정책지원 인프라 보조지표,18,162,162,0,0,0,59.19,59.19,0.0,0.0,0.0,0.0,False,True,False,False,False,상대적으로 공급 양호,현재 프로젝트 상대비교 기준에서는 공공임대 공급 부족 복합 신호가 확인되지 않은 지역.,False,HL-Score 미반영 / 청년 주거정책 지원환경 보조지표,"전체 공공임대 162세대, 2030 인구 1,000명당 59.19세대. 현재 프로젝트 상대비교에서는 청년주거지원 공급 부족 복합신호가 확인되지 않은 지역.",추가 주거지원 신호 없음,False,15,5.48,False,0.54,매칭률 부족 - 정책판단 사용 보류,False,"행정동 내부 공식 버스정류소 15개, 2030 청년 1,000명당 5.48개. 현재 프로젝트 상대비교에서는 정류소 공급 부족 신호가 확인되지 않은 지역.",추가 교통공급 신호 없음,False,HL-Score 미반영 / 청년 수요 대비 대중교통 공급 보조지표,False,노선 정류소명과 공식 정류소 데이터의 안전 매칭률이 0.54%로 낮아 노선수·노선다양성 지표는 정책분석에서 제외,False
