gu_name,dong_name,lat,lng,category_name,place_count,min_distance_m,collected_at
동구,충장동,35.1478,126.9171,편의점,50,49.0,2026-09-04 11:30:46
동구,충장동,35.1478,126.9171,카페,392,42.0,2026-09-04 11:30:46
동구,충장동,35.1478,126.9171,음식점,1021,13.0,2026-09-04 11:30:46
동구,충장동,35.1478,126.9171,병원,93,84.0,2026-09-04 11:30:46
동구,충장동,35.1478,126.9171,대형마트,0,,2026-09-04 11:30:46
동구,충장동,35.1478,126.9171,지하철역,2,305.0,2026-09-04 11:30:46
동구,충장동,35.1478,126.9171,문화시설,74,159.0,2026-09-04 11:30:46
동구,충장동,35.1478,126.9171,학원,186,71.0,2026-09-04 11:30:46
동구,충장동,35.1478,126.9171,버스정류장,0,,2026-09-04 11:30:46
동구,충장동,35.1478,126.9171,올리브영,3,30.0,2026-09-04 11:30:46
동구,충장동,35.1478,126.9171,다이소,1,126.0,2026-09-04 11:30:46
동구,충장동,35.1478,126.9171,코인노래방,11,58.0,2026-09-04 11:30:46
동구,충장동,35.1478,126.9171,PC방,16,47.0,2026-09-04 11:30:46
동구,충장동,35.1478,126.9171,백화점,468,130.0,2026-09-04 11:30:46
동구,충장동,35.1478,126.9171,유니클로,0,,2026-09-04 11:30:46
동구,충장동,35.1478,126.9171,탑텐,5,48.0,2026-09-04 11:30:46
동구,계림1동,35.1565,126.9192,편의점,37,119.0,2026-09-04 11:30:46
동구,계림1동,35.1565,126.9192,카페,283,169.0,2026-09-04 11:30:46
동구,계림1동,35.1565,126.9192,음식점,762,64.0,2026-09-04 11:30:46
동구,계림1동,35.1565,126.9192,병원,62,155.0,2026-09-04 11:30:46
동구,계림1동,35.1565,126.9192,대형마트,1,710.0,2026-09-04 11:30:46
동구,계림1동,35.1565,126.9192,지하철역,2,770.0,2026-09-04 11:30:46
동구,계림1동,35.1565,126.9192,문화시설,44,172.0,2026-09-04 11:30:46
동구,계림1동,35.1565,126.9192,학원,236,68.0,2026-09-04 11:30:46
동구,계림1동,35.1565,126.9192,버스정류장,0,,2026-09-04 11:30:46
동구,계림1동,35.1565,126.9192,올리브영,1,960.0,2026-09-04 11:30:46
동구,계림1동,35.1565,126.9192,다이소,1,976.0,2026-09-04 11:30:46
동구,계림1동,35.1565,126.9192,코인노래방,3,775.0,2026-09-04 11:30:46
동구,계림1동,35.1565,126.9192,PC방,6,68.0,2026-09-04 11:30:46
동구,계림1동,35.1565,126.9192,백화점,467,190.0,2026-09-04 11:30:46
동구,계림1동,35.1565,126.9192,유니클로,0,,2026-09-04 11:30:46
동구,계림1동,35.1565,126.9192,탑텐,2,953.0,2026-09-04 11:30:46
동구,지산2동,35.1431,126.9315,편의점,28,212.0,2026-09-04 11:30:46
동구,지산2동,35.1431,126.9315,카페,172,77.0,2026-09-04 11:30:46
동구,지산2동,35.1431,126.9315,음식점,424,192.0,2026-09-04 11:30:46
동구,지산2동,35.1431,126.9315,병원,63,455.0,2026-09-04 11:30:46
동구,지산2동,35.1431,126.9315,대형마트,0,,2026-09-04 11:30:46
동구,지산2동,35.1431,126.9315,지하철역,1,883.0,2026-09-04 11:30:46
동구,지산2동,35.1431,126.9315,문화시설,11,130.0,2026-09-04 11:30:46
동구,지산2동,35.1431,126.9315,학원,66,280.0,2026-09-04 11:30:46
동구,지산2동,35.1431,126.9315,버스정류장,0,,2026-09-04 11:30:46
동구,지산2동,35.1431,126.9315,올리브영,1,447.0,2026-09-04 11:30:46
동구,지산2동,35.1431,126.9315,다이소,0,,2026-09-04 11:30:46
동구,지산2동,35.1431,126.9315,코인노래방,4,252.0,2026-09-04 11:30:46
동구,지산2동,35.1431,126.9315,PC방,16,204.0,2026-09-04 11:30:46
동구,지산2동,35.1431,126.9315,백화점,0,,2026-09-04 11:30:46
동구,지산2동,35.1431,126.9315,유니클로,0,,2026-09-04 11:30:46
동구,지산2동,35.1431,126.9315,탑텐,0,,2026-09-04 11:30:46
동구,학동,35.1382,126.9248,편의점,28,158.0,2026-09-04 11:30:46
동구,학동,35.1382,126.9248,카페,141,118.0,2026-09-04 11:30:46
동구,학동,35.1382,126.9248,음식점,451,101.0,2026-09-04 11:30:46
동구,학동,35.1382,126.9248,병원,97,81.0,2026-09-04 11:30:46
동구,학동,35.1382,126.9248,대형마트,0,,2026-09-04 11:30:46
동구,학동,35.1382,126.9248,지하철역,2,206.0,2026-09-04 11:30:46
동구,학동,35.1382,126.9248,문화시설,19,383.0,2026-09-04 11:30:46
동구,학동,35.1382,126.9248,학원,73,64.0,2026-09-04 11:30:46
동구,학동,35.1382,126.9248,버스정류장,0,,2026-09-04 11:30:46
동구,학동,35.1382,126.9248,올리브영,1,974.0,2026-09-04 11:30:46
동구,학동,35.1382,126.9248,다이소,1,787.0,2026-09-04 11:30:46
동구,학동,35.1382,126.9248,코인노래방,3,832.0,2026-09-04 11:30:46
동구,학동,35.1382,126.9248,PC방,11,167.0,2026-09-04 11:30:46
동구,학동,35.1382,126.9248,백화점,2,706.0,2026-09-04 11:30:46
동구,학동,35.1382,126.9248,유니클로,0,,2026-09-04 11:30:46
동구,학동,35.1382,126.9248,탑텐,0,,2026-09-04 11:30:46
동구,지원1동,35.1278,126.9295,편의점,11,208.0,2026-09-04 11:30:46
동구,지원1동,35.1278,126.9295,카페,49,159.0,2026-09-04 11:30:46
동구,지원1동,35.1278,126.9295,음식점,162,18.0,2026-09-04 11:30:46
동구,지원1동,35.1278,126.9295,병원,28,228.0,2026-09-04 11:30:46
동구,지원1동,35.1278,126.9295,대형마트,2,221.0,2026-09-04 11:30:46
동구,지원1동,35.1278,126.9295,지하철역,2,555.0,2026-09-04 11:30:46
동구,지원1동,35.1278,126.9295,문화시설,5,189.0,2026-09-04 11:30:46
동구,지원1동,35.1278,126.9295,학원,50,130.0,2026-09-04 11:30:46
동구,지원1동,35.1278,126.9295,버스정류장,1,662.0,2026-09-04 11:30:46
동구,지원1동,35.1278,126.9295,올리브영,0,,2026-09-04 11:30:46
동구,지원1동,35.1278,126.9295,다이소,1,490.0,2026-09-04 11:30:46
동구,지원1동,35.1278,126.9295,코인노래방,2,426.0,2026-09-04 11:30:46
동구,지원1동,35.1278,126.9295,PC방,2,660.0,2026-09-04 11:30:46
동구,지원1동,35.1278,126.9295,백화점,1,885.0,2026-09-04 11:30:46
동구,지원1동,35.1278,126.9295,유니클로,0,,2026-09-04 11:30:46
동구,지원1동,35.1278,126.9295,탑텐,0,,2026-09-04 11:30:46
서구,치평동,35.1532,126.8521,편의점,59,71.0,2026-09-04 11:30:46
서구,치평동,35.1532,126.8521,카페,194,47.0,2026-09-04 11:30:46
서구,치평동,35.1532,126.8521,음식점,828,4.0,2026-09-04 11:30:46
서구,치평동,35.1532,126.8521,병원,132,117.0,2026-09-04 11:30:46
서구,치평동,35.1532,126.8521,대형마트,2,99.0,2026-09-04 11:30:46
서구,치평동,35.1532,126.8521,지하철역,2,672.0,2026-09-04 11:30:46
서구,치평동,35.1532,126.8521,문화시설,15,119.0,2026-09-04 11:30:46
서구,치평동,35.1532,126.8521,학원,159,58.0,2026-09-04 11:30:46
서구,치평동,35.1532,126.8521,버스정류장,0,,2026-09-04 11:30:46
서구,치평동,35.1532,126.8521,올리브영,4,222.0,2026-09-04 11:30:46
서구,치평동,35.1532,126.8521,다이소,2,96.0,2026-09-04 11:30:46
서구,치평동,35.1532,126.8521,코인노래방,5,58.0,2026-09-04 11:30:46
서구,치평동,35.1532,126.8521,PC방,19,5.0,2026-09-04 11:30:46
서구,치평동,35.1532,126.8521,백화점,2,436.0,2026-09-04 11:30:46
서구,치평동,35.1532,126.8521,유니클로,0,,2026-09-04 11:30:46
서구,치평동,35.1532,126.8521,탑텐,1,96.0,2026-09-04 11:30:46
서구,풍암동,35.1275,126.8773,편의점,18,139.0,2026-09-04 11:30:46
서구,풍암동,35.1275,126.8773,카페,49,112.0,2026-09-04 11:30:46
서구,풍암동,35.1275,126.8773,음식점,228,100.0,2026-09-04 11:30:46
서구,풍암동,35.1275,126.8773,병원,31,141.0,2026-09-04 11:30:46
서구,풍암동,35.1275,126.8773,대형마트,2,200.0,2026-09-04 11:30:46
서구,풍암동,35.1275,126.8773,지하철역,0,,2026-09-04 11:30:46
서구,풍암동,35.1275,126.8773,문화시설,5,451.0,2026-09-04 11:30:46
서구,풍암동,35.1275,126.8773,학원,102,138.0,2026-09-04 11:30:46
서구,풍암동,35.1275,126.8773,버스정류장,0,,2026-09-04 11:30:46
서구,풍암동,35.1275,126.8773,올리브영,2,189.0,2026-09-04 11:30:46
서구,풍암동,35.1275,126.8773,다이소,2,188.0,2026-09-04 11:30:46
서구,풍암동,35.1275,126.8773,코인노래방,2,223.0,2026-09-04 11:30:46
서구,풍암동,35.1275,126.8773,PC방,5,157.0,2026-09-04 11:30:46
서구,풍암동,35.1275,126.8773,백화점,2,636.0,2026-09-04 11:30:46
서구,풍암동,35.1275,126.8773,유니클로,0,,2026-09-04 11:30:46
서구,풍암동,35.1275,126.8773,탑텐,2,630.0,2026-09-04 11:30:46
서구,화정2동,35.1485,126.8812,편의점,28,103.0,2026-09-04 11:30:46
서구,화정2동,35.1485,126.8812,카페,156,83.0,2026-09-04 11:30:46
서구,화정2동,35.1485,126.8812,음식점,559,109.0,2026-09-04 11:30:46
서구,화정2동,35.1485,126.8812,병원,74,224.0,2026-09-04 11:30:46
서구,화정2동,35.1485,126.8812,대형마트,0,,2026-09-04 11:30:46
서구,화정2동,35.1485,126.8812,지하철역,2,566.0,2026-09-04 11:30:46
서구,화정2동,35.1485,126.8812,문화시설,6,437.0,2026-09-04 11:30:46
서구,화정2동,35.1485,126.8812,학원,193,132.0,2026-09-04 11:30:46
서구,화정2동,35.1485,126.8812,버스정류장,0,,2026-09-04 11:30:46
서구,화정2동,35.1485,126.8812,올리브영,1,876.0,2026-09-04 11:30:46
서구,화정2동,35.1485,126.8812,다이소,1,885.0,2026-09-04 11:30:46
서구,화정2동,35.1485,126.8812,코인노래방,3,318.0,2026-09-04 11:30:46
서구,화정2동,35.1485,126.8812,PC방,14,253.0,2026-09-04 11:30:46
서구,화정2동,35.1485,126.8812,백화점,4,902.0,2026-09-04 11:30:46
서구,화정2동,35.1485,126.8812,유니클로,0,,2026-09-04 11:30:46
서구,화정2동,35.1485,126.8812,탑텐,0,,2026-09-04 11:30:46
서구,농성1동,35.1558,126.8856,편의점,34,157.0,2026-09-04 11:30:46
서구,농성1동,35.1558,126.8856,카페,138,147.0,2026-09-04 11:30:46
서구,농성1동,35.1558,126.8856,음식점,419,112.0,2026-09-04 11:30:46
서구,농성1동,35.1558,126.8856,병원,104,143.0,2026-09-04 11:30:46
서구,농성1동,35.1558,126.8856,대형마트,1,462.0,2026-09-04 11:30:46
서구,농성1동,35.1558,126.8856,지하철역,3,326.0,2026-09-04 11:30:46
서구,농성1동,35.1558,126.8856,문화시설,8,278.0,2026-09-04 11:30:46
서구,농성1동,35.1558,126.8856,학원,85,110.0,2026-09-04 11:30:46
서구,농성1동,35.1558,126.8856,버스정류장,0,,2026-09-04 11:30:46
서구,농성1동,35.1558,126.8856,올리브영,1,494.0,2026-09-04 11:30:46
서구,농성1동,35.1558,126.8856,다이소,3,465.0,2026-09-04 11:30:46
서구,농성1동,35.1558,126.8856,코인노래방,2,293.0,2026-09-04 11:30:46
서구,농성1동,35.1558,126.8856,PC방,9,479.0,2026-09-04 11:30:46
서구,농성1동,35.1558,126.8856,백화점,191,371.0,2026-09-04 11:30:46
서구,농성1동,35.1558,126.8856,유니클로,0,,2026-09-04 11:30:46
서구,농성1동,35.1558,126.8856,탑텐,2,465.0,2026-09-04 11:30:46
서구,금호1동,35.1381,126.8584,편의점,26,176.0,2026-09-04 11:30:46
서구,금호1동,35.1381,126.8584,카페,65,76.0,2026-09-04 11:30:46
서구,금호1동,35.1381,126.8584,음식점,369,69.0,2026-09-04 11:30:46
서구,금호1동,35.1381,126.8584,병원,59,70.0,2026-09-04 11:30:46
서구,금호1동,35.1381,126.8584,대형마트,1,235.0,2026-09-04 11:30:46
서구,금호1동,35.1381,126.8584,지하철역,0,,2026-09-04 11:30:46
서구,금호1동,35.1381,126.8584,문화시설,6,663.0,2026-09-04 11:30:46
서구,금호1동,35.1381,126.8584,학원,140,114.0,2026-09-04 11:30:46
서구,금호1동,35.1381,126.8584,버스정류장,0,,2026-09-04 11:30:46
서구,금호1동,35.1381,126.8584,올리브영,1,669.0,2026-09-04 11:30:46
서구,금호1동,35.1381,126.8584,다이소,0,,2026-09-04 11:30:46
서구,금호1동,35.1381,126.8584,코인노래방,3,520.0,2026-09-04 11:30:46
서구,금호1동,35.1381,126.8584,PC방,6,166.0,2026-09-04 11:30:46
서구,금호1동,35.1381,126.8584,백화점,3,457.0,2026-09-04 11:30:46
서구,금호1동,35.1381,126.8584,유니클로,0,,2026-09-04 11:30:46
서구,금호1동,35.1381,126.8584,탑텐,0,,2026-09-04 11:30:46
남구,봉선2동,35.1261,126.907,편의점,30,77.0,2026-09-04 11:30:46
남구,봉선2동,35.1261,126.907,카페,134,30.0,2026-09-04 11:30:46
남구,봉선2동,35.1261,126.907,음식점,598,64.0,2026-09-04 11:30:46
남구,봉선2동,35.1261,126.907,병원,112,135.0,2026-09-04 11:30:46
남구,봉선2동,35.1261,126.907,대형마트,2,757.0,2026-09-04 11:30:46
남구,봉선2동,35.1261,126.907,지하철역,0,,2026-09-04 11:30:46
남구,봉선2동,35.1261,126.907,문화시설,2,562.0,2026-09-04 11:30:46
남구,봉선2동,35.1261,126.907,학원,431,57.0,2026-09-04 11:30:46
남구,봉선2동,35.1261,126.907,버스정류장,0,,2026-09-04 11:30:46
남구,봉선2동,35.1261,126.907,올리브영,2,697.0,2026-09-04 11:30:46
남구,봉선2동,35.1261,126.907,다이소,2,787.0,2026-09-04 11:30:46
남구,봉선2동,35.1261,126.907,코인노래방,5,353.0,2026-09-04 11:30:46
남구,봉선2동,35.1261,126.907,PC방,8,117.0,2026-09-04 11:30:46
남구,봉선2동,35.1261,126.907,백화점,3,293.0,2026-09-04 11:30:46
남구,봉선2동,35.1261,126.907,유니클로,0,,2026-09-04 11:30:46
남구,봉선2동,35.1261,126.907,탑텐,3,785.0,2026-09-04 11:30:46
남구,진월동,35.1189,126.8968,편의점,17,142.0,2026-09-04 11:30:46
남구,진월동,35.1189,126.8968,카페,52,52.0,2026-09-04 11:30:46
남구,진월동,35.1189,126.8968,음식점,291,16.0,2026-09-04 11:30:46
남구,진월동,35.1189,126.8968,병원,56,93.0,2026-09-04 11:30:46
남구,진월동,35.1189,126.8968,대형마트,1,236.0,2026-09-04 11:30:46
남구,진월동,35.1189,126.8968,지하철역,0,,2026-09-04 11:30:46
남구,진월동,35.1189,126.8968,문화시설,0,,2026-09-04 11:30:46
남구,진월동,35.1189,126.8968,학원,163,24.0,2026-09-04 11:30:46
남구,진월동,35.1189,126.8968,버스정류장,1,279.0,2026-09-04 11:30:46
남구,진월동,35.1189,126.8968,올리브영,1,256.0,2026-09-04 11:30:46
남구,진월동,35.1189,126.8968,다이소,1,784.0,2026-09-04 11:30:46
남구,진월동,35.1189,126.8968,코인노래방,2,370.0,2026-09-04 11:30:46
남구,진월동,35.1189,126.8968,PC방,4,221.0,2026-09-04 11:30:46
남구,진월동,35.1189,126.8968,백화점,0,,2026-09-04 11:30:46
남구,진월동,35.1189,126.8968,유니클로,0,,2026-09-04 11:30:46
남구,진월동,35.1189,126.8968,탑텐,1,793.0,2026-09-04 11:30:46
남구,방림1동,35.1352,126.9112,편의점,24,181.0,2026-09-04 11:30:46
남구,방림1동,35.1352,126.9112,카페,168,117.0,2026-09-04 11:30:46
남구,방림1동,35.1352,126.9112,음식점,582,122.0,2026-09-04 11:30:46
남구,방림1동,35.1352,126.9112,병원,71,132.0,2026-09-04 11:30:46
남구,방림1동,35.1352,126.9112,대형마트,2,326.0,2026-09-04 11:30:46
남구,방림1동,35.1352,126.9112,지하철역,0,,2026-09-04 11:30:46
남구,방림1동,35.1352,126.9112,문화시설,16,318.0,2026-09-04 11:30:46
남구,방림1동,35.1352,126.9112,학원,127,118.0,2026-09-04 11:30:46
남구,방림1동,35.1352,126.9112,버스정류장,0,,2026-09-04 11:30:46
남구,방림1동,35.1352,126.9112,올리브영,0,,2026-09-04 11:30:46
남구,방림1동,35.1352,126.9112,다이소,0,,2026-09-04 11:30:46
남구,방림1동,35.1352,126.9112,코인노래방,2,432.0,2026-09-04 11:30:46
남구,방림1동,35.1352,126.9112,PC방,5,436.0,2026-09-04 11:30:46
남구,방림1동,35.1352,126.9112,백화점,4,367.0,2026-09-04 11:30:46
남구,방림1동,35.1352,126.9112,유니클로,0,,2026-09-04 11:30:46
남구,방림1동,35.1352,126.9112,탑텐,0,,2026-09-04 11:30:46
남구,효덕동,35.1118,126.8891,편의점,8,435.0,2026-09-04 11:30:46
남구,효덕동,35.1118,126.8891,카페,19,194.0,2026-09-04 11:30:46
남구,효덕동,35.1118,126.8891,음식점,58,292.0,2026-09-04 11:30:46
남구,효덕동,35.1118,126.8891,병원,4,708.0,2026-09-04 11:30:46
남구,효덕동,35.1118,126.8891,대형마트,0,,2026-09-04 11:30:46
남구,효덕동,35.1118,126.8891,지하철역,0,,2026-09-04 11:30:46
남구,효덕동,35.1118,126.8891,문화시설,1,677.0,2026-09-04 11:30:46
남구,효덕동,35.1118,126.8891,학원,49,161.0,2026-09-04 11:30:46
남구,효덕동,35.1118,126.8891,버스정류장,1,942.0,2026-09-04 11:30:46
남구,효덕동,35.1118,126.8891,올리브영,0,,2026-09-04 11:30:46
남구,효덕동,35.1118,126.8891,다이소,0,,2026-09-04 11:30:46
남구,효덕동,35.1118,126.8891,코인노래방,1,761.0,2026-09-04 11:30:46
남구,효덕동,35.1118,126.8891,PC방,1,843.0,2026-09-04 11:30:46
남구,효덕동,35.1118,126.8891,백화점,1,508.0,2026-09-04 11:30:46
남구,효덕동,35.1118,126.8891,유니클로,0,,2026-09-04 11:30:46
남구,효덕동,35.1118,126.8891,탑텐,0,,2026-09-04 11:30:46
남구,송암동,35.1012,126.8745,편의점,10,82.0,2026-09-04 11:30:46
남구,송암동,35.1012,126.8745,카페,27,10.0,2026-09-04 11:30:46
남구,송암동,35.1012,126.8745,음식점,89,13.0,2026-09-04 11:30:46
남구,송암동,35.1012,126.8745,병원,15,40.0,2026-09-04 11:30:46
남구,송암동,35.1012,126.8745,대형마트,0,,2026-09-04 11:30:46
남구,송암동,35.1012,126.8745,지하철역,0,,2026-09-04 11:30:46
남구,송암동,35.1012,126.8745,문화시설,1,707.0,2026-09-04 11:30:46
남구,송암동,35.1012,126.8745,학원,47,24.0,2026-09-04 11:30:46
남구,송암동,35.1012,126.8745,버스정류장,0,,2026-09-04 11:30:46
남구,송암동,35.1012,126.8745,올리브영,0,,2026-09-04 11:30:46
남구,송암동,35.1012,126.8745,다이소,1,147.0,2026-09-04 11:30:46
남구,송암동,35.1012,126.8745,코인노래방,1,47.0,2026-09-04 11:30:46
남구,송암동,35.1012,126.8745,PC방,1,47.0,2026-09-04 11:30:46
남구,송암동,35.1012,126.8745,백화점,1,924.0,2026-09-04 11:30:46
남구,송암동,35.1012,126.8745,유니클로,0,,2026-09-04 11:30:46
남구,송암동,35.1012,126.8745,탑텐,0,,2026-09-04 11:30:46
북구,용봉동,35.1782,126.9085,편의점,41,185.0,2026-09-04 11:30:46
북구,용봉동,35.1782,126.9085,카페,165,111.0,2026-09-04 11:30:46
북구,용봉동,35.1782,126.9085,음식점,607,199.0,2026-09-04 11:30:46
북구,용봉동,35.1782,126.9085,병원,29,561.0,2026-09-04 11:30:46
북구,용봉동,35.1782,126.9085,대형마트,2,608.0,2026-09-04 11:30:46
북구,용봉동,35.1782,126.9085,지하철역,0,,2026-09-04 11:30:46
북구,용봉동,35.1782,126.9085,문화시설,13,154.0,2026-09-04 11:30:46
북구,용봉동,35.1782,126.9085,학원,90,348.0,2026-09-04 11:30:46
북구,용봉동,35.1782,126.9085,버스정류장,0,,2026-09-04 11:30:46
북구,용봉동,35.1782,126.9085,올리브영,2,361.0,2026-09-04 11:30:46
북구,용봉동,35.1782,126.9085,다이소,1,624.0,2026-09-04 11:30:46
북구,용봉동,35.1782,126.9085,코인노래방,12,352.0,2026-09-04 11:30:46
북구,용봉동,35.1782,126.9085,PC방,28,353.0,2026-09-04 11:30:46
북구,용봉동,35.1782,126.9085,백화점,2,670.0,2026-09-04 11:30:46
북구,용봉동,35.1782,126.9085,유니클로,0,,2026-09-04 11:30:46
북구,용봉동,35.1782,126.9085,탑텐,0,,2026-09-04 11:30:46
북구,두암2동,35.1652,126.932,편의점,20,163.0,2026-09-04 11:30:46
북구,두암2동,35.1652,126.932,카페,59,22.0,2026-09-04 11:30:46
북구,두암2동,35.1652,126.932,음식점,316,21.0,2026-09-04 11:30:46
북구,두암2동,35.1652,126.932,병원,50,194.0,2026-09-04 11:30:46
북구,두암2동,35.1652,126.932,대형마트,2,396.0,2026-09-04 11:30:46
북구,두암2동,35.1652,126.932,지하철역,0,,2026-09-04 11:30:46
북구,두암2동,35.1652,126.932,문화시설,1,289.0,2026-09-04 11:30:46
북구,두암2동,35.1652,126.932,학원,112,90.0,2026-09-04 11:30:46
북구,두암2동,35.1652,126.932,버스정류장,0,,2026-09-04 11:30:46
북구,두암2동,35.1652,126.932,올리브영,1,536.0,2026-09-04 11:30:46
북구,두암2동,35.1652,126.932,다이소,1,391.0,2026-09-04 11:30:46
북구,두암2동,35.1652,126.932,코인노래방,2,80.0,2026-09-04 11:30:46
북구,두암2동,35.1652,126.932,PC방,8,22.0,2026-09-04 11:30:46
북구,두암2동,35.1652,126.932,백화점,4,195.0,2026-09-04 11:30:46
북구,두암2동,35.1652,126.932,유니클로,0,,2026-09-04 11:30:46
북구,두암2동,35.1652,126.932,탑텐,0,,2026-09-04 11:30:46
북구,운암1동,35.1765,126.8821,편의점,24,129.0,2026-09-04 11:30:46
북구,운암1동,35.1765,126.8821,카페,105,96.0,2026-09-04 11:30:46
북구,운암1동,35.1765,126.8821,음식점,434,94.0,2026-09-04 11:30:46
북구,운암1동,35.1765,126.8821,병원,73,125.0,2026-09-04 11:30:46
북구,운암1동,35.1765,126.8821,대형마트,0,,2026-09-04 11:30:46
북구,운암1동,35.1765,126.8821,지하철역,0,,2026-09-04 11:30:46
북구,운암1동,35.1765,126.8821,문화시설,17,107.0,2026-09-04 11:30:46
북구,운암1동,35.1765,126.8821,학원,213,117.0,2026-09-04 11:30:46
북구,운암1동,35.1765,126.8821,버스정류장,0,,2026-09-04 11:30:46
북구,운암1동,35.1765,126.8821,올리브영,2,773.0,2026-09-04 11:30:46
북구,운암1동,35.1765,126.8821,다이소,3,564.0,2026-09-04 11:30:46
북구,운암1동,35.1765,126.8821,코인노래방,5,651.0,2026-09-04 11:30:46
북구,운암1동,35.1765,126.8821,PC방,12,691.0,2026-09-04 11:30:46
북구,운암1동,35.1765,126.8821,백화점,6,379.0,2026-09-04 11:30:46
북구,운암1동,35.1765,126.8821,유니클로,0,,2026-09-04 11:30:46
북구,운암1동,35.1765,126.8821,탑텐,0,,2026-09-04 11:30:46
북구,첨단2동,35.2162,126.8532,편의점,31,14.0,2026-09-04 11:30:46
북구,첨단2동,35.2162,126.8532,카페,117,10.0,2026-09-04 11:30:46
북구,첨단2동,35.2162,126.8532,음식점,574,99.0,2026-09-04 11:30:46
북구,첨단2동,35.2162,126.8532,병원,66,110.0,2026-09-04 11:30:46
북구,첨단2동,35.2162,126.8532,대형마트,1,133.0,2026-09-04 11:30:46
북구,첨단2동,35.2162,126.8532,지하철역,0,,2026-09-04 11:30:46
북구,첨단2동,35.2162,126.8532,문화시설,2,233.0,2026-09-04 11:30:46
북구,첨단2동,35.2162,126.8532,학원,149,11.0,2026-09-04 11:30:46
북구,첨단2동,35.2162,126.8532,버스정류장,0,,2026-09-04 11:30:46
북구,첨단2동,35.2162,126.8532,올리브영,3,291.0,2026-09-04 11:30:46
북구,첨단2동,35.2162,126.8532,다이소,3,133.0,2026-09-04 11:30:46
북구,첨단2동,35.2162,126.8532,코인노래방,3,725.0,2026-09-04 11:30:46
북구,첨단2동,35.2162,126.8532,PC방,15,344.0,2026-09-04 11:30:46
북구,첨단2동,35.2162,126.8532,백화점,1,833.0,2026-09-04 11:30:46
북구,첨단2동,35.2162,126.8532,유니클로,0,,2026-09-04 11:30:46
북구,첨단2동,35.2162,126.8532,탑텐,1,133.0,2026-09-04 11:30:46
북구,문흥1동,35.1882,126.9231,편의점,16,197.0,2026-09-04 11:30:46
북구,문흥1동,35.1882,126.9231,카페,50,102.0,2026-09-04 11:30:46
북구,문흥1동,35.1882,126.9231,음식점,263,100.0,2026-09-04 11:30:46
북구,문흥1동,35.1882,126.9231,병원,29,286.0,2026-09-04 11:30:46
북구,문흥1동,35.1882,126.9231,대형마트,1,207.0,2026-09-04 11:30:46
북구,문흥1동,35.1882,126.9231,지하철역,0,,2026-09-04 11:30:46
북구,문흥1동,35.1882,126.9231,문화시설,1,705.0,2026-09-04 11:30:46
북구,문흥1동,35.1882,126.9231,학원,122,82.0,2026-09-04 11:30:46
북구,문흥1동,35.1882,126.9231,버스정류장,0,,2026-09-04 11:30:46
북구,문흥1동,35.1882,126.9231,올리브영,1,213.0,2026-09-04 11:30:46
북구,문흥1동,35.1882,126.9231,다이소,1,192.0,2026-09-04 11:30:46
북구,문흥1동,35.1882,126.9231,코인노래방,2,386.0,2026-09-04 11:30:46
북구,문흥1동,35.1882,126.9231,PC방,6,254.0,2026-09-04 11:30:46
북구,문흥1동,35.1882,126.9231,백화점,4,235.0,2026-09-04 11:30:46
북구,문흥1동,35.1882,126.9231,유니클로,0,,2026-09-04 11:30:46
북구,문흥1동,35.1882,126.9231,탑텐,0,,2026-09-04 11:30:46
광산구,첨단1동,35.2175,126.8431,편의점,46,96.0,2026-09-04 11:30:46
광산구,첨단1동,35.2175,126.8431,카페,163,20.0,2026-09-04 11:30:46
광산구,첨단1동,35.2175,126.8431,음식점,801,22.0,2026-09-04 11:30:46
광산구,첨단1동,35.2175,126.8431,병원,73,25.0,2026-09-04 11:30:46
광산구,첨단1동,35.2175,126.8431,대형마트,2,456.0,2026-09-04 11:30:46
광산구,첨단1동,35.2175,126.8431,지하철역,0,,2026-09-04 11:30:46
광산구,첨단1동,35.2175,126.8431,문화시설,5,416.0,2026-09-04 11:30:46
광산구,첨단1동,35.2175,126.8431,학원,195,50.0,2026-09-04 11:30:46
광산구,첨단1동,35.2175,126.8431,버스정류장,0,,2026-09-04 11:30:46
광산구,첨단1동,35.2175,126.8431,올리브영,3,336.0,2026-09-04 11:30:46
광산구,첨단1동,35.2175,126.8431,다이소,4,113.0,2026-09-04 11:30:46
광산구,첨단1동,35.2175,126.8431,코인노래방,3,317.0,2026-09-04 11:30:46
광산구,첨단1동,35.2175,126.8431,PC방,16,305.0,2026-09-04 11:30:46
광산구,첨단1동,35.2175,126.8431,백화점,3,319.0,2026-09-04 11:30:46
광산구,첨단1동,35.2175,126.8431,유니클로,0,,2026-09-04 11:30:46
광산구,첨단1동,35.2175,126.8431,탑텐,1,806.0,2026-09-04 11:30:46
광산구,수완동,35.1912,126.8228,편의점,32,182.0,2026-09-04 11:30:46
광산구,수완동,35.1912,126.8228,카페,145,58.0,2026-09-04 11:30:46
광산구,수완동,35.1912,126.8228,음식점,583,50.0,2026-09-04 11:30:46
광산구,수완동,35.1912,126.8228,병원,79,50.0,2026-09-04 11:30:46
광산구,수완동,35.1912,126.8228,대형마트,5,185.0,2026-09-04 11:30:46
광산구,수완동,35.1912,126.8228,지하철역,0,,2026-09-04 11:30:46
광산구,수완동,35.1912,126.8228,문화시설,4,184.0,2026-09-04 11:30:46
광산구,수완동,35.1912,126.8228,학원,361,139.0,2026-09-04 11:30:46
광산구,수완동,35.1912,126.8228,버스정류장,0,,2026-09-04 11:30:46
광산구,수완동,35.1912,126.8228,올리브영,2,169.0,2026-09-04 11:30:46
광산구,수완동,35.1912,126.8228,다이소,2,56.0,2026-09-04 11:30:46
광산구,수완동,35.1912,126.8228,코인노래방,7,212.0,2026-09-04 11:30:46
광산구,수완동,35.1912,126.8228,PC방,9,192.0,2026-09-04 11:30:46
광산구,수완동,35.1912,126.8228,백화점,3,522.0,2026-09-04 11:30:46
광산구,수완동,35.1912,126.8228,유니클로,0,,2026-09-04 11:30:46
광산구,수완동,35.1912,126.8228,탑텐,2,179.0,2026-09-04 11:30:46
광산구,신가동,35.1821,126.8142,편의점,25,249.0,2026-09-04 11:30:46
광산구,신가동,35.1821,126.8142,카페,85,256.0,2026-09-04 11:30:46
광산구,신가동,35.1821,126.8142,음식점,466,233.0,2026-09-04 11:30:46
광산구,신가동,35.1821,126.8142,병원,47,290.0,2026-09-04 11:30:46
광산구,신가동,35.1821,126.8142,대형마트,3,475.0,2026-09-04 11:30:46
광산구,신가동,35.1821,126.8142,지하철역,0,,2026-09-04 11:30:46
광산구,신가동,35.1821,126.8142,문화시설,4,804.0,2026-09-04 11:30:46
광산구,신가동,35.1821,126.8142,학원,189,206.0,2026-09-04 11:30:46
광산구,신가동,35.1821,126.8142,버스정류장,1,615.0,2026-09-04 11:30:46
광산구,신가동,35.1821,126.8142,올리브영,1,899.0,2026-09-04 11:30:46
광산구,신가동,35.1821,126.8142,다이소,1,875.0,2026-09-04 11:30:46
광산구,신가동,35.1821,126.8142,코인노래방,3,816.0,2026-09-04 11:30:46
광산구,신가동,35.1821,126.8142,PC방,7,352.0,2026-09-04 11:30:46
광산구,신가동,35.1821,126.8142,백화점,2,718.0,2026-09-04 11:30:46
광산구,신가동,35.1821,126.8142,유니클로,0,,2026-09-04 11:30:46
광산구,신가동,35.1821,126.8142,탑텐,1,924.0,2026-09-04 11:30:46
광산구,우산동,35.1598,126.8095,편의점,34,43.0,2026-09-04 11:30:46
광산구,우산동,35.1598,126.8095,카페,73,43.0,2026-09-04 11:30:46
광산구,우산동,35.1598,126.8095,음식점,318,87.0,2026-09-04 11:30:46
광산구,우산동,35.1598,126.8095,병원,37,43.0,2026-09-04 11:30:46
광산구,우산동,35.1598,126.8095,대형마트,1,83.0,2026-09-04 11:30:46
광산구,우산동,35.1598,126.8095,지하철역,0,,2026-09-04 11:30:46
광산구,우산동,35.1598,126.8095,문화시설,2,25.0,2026-09-04 11:30:46
광산구,우산동,35.1598,126.8095,학원,43,203.0,2026-09-04 11:30:46
광산구,우산동,35.1598,126.8095,버스정류장,2,142.0,2026-09-04 11:30:46
광산구,우산동,35.1598,126.8095,올리브영,1,366.0,2026-09-04 11:30:46
광산구,우산동,35.1598,126.8095,다이소,0,,2026-09-04 11:30:46
광산구,우산동,35.1598,126.8095,코인노래방,4,365.0,2026-09-04 11:30:46
광산구,우산동,35.1598,126.8095,PC방,11,366.0,2026-09-04 11:30:46
광산구,우산동,35.1598,126.8095,백화점,7,44.0,2026-09-04 11:30:46
광산구,우산동,35.1598,126.8095,유니클로,0,,2026-09-04 11:30:46
광산구,우산동,35.1598,126.8095,탑텐,3,87.0,2026-09-04 11:30:46
광산구,송정1동,35.1382,126.7932,편의점,20,132.0,2026-09-04 11:30:46
광산구,송정1동,35.1382,126.7932,카페,64,33.0,2026-09-04 11:30:46
광산구,송정1동,35.1382,126.7932,음식점,365,42.0,2026-09-04 11:30:46
광산구,송정1동,35.1382,126.7932,병원,37,124.0,2026-09-04 11:30:46
광산구,송정1동,35.1382,126.7932,대형마트,1,589.0,2026-09-04 11:30:46
광산구,송정1동,35.1382,126.7932,지하철역,3,170.0,2026-09-04 11:30:46
광산구,송정1동,35.1382,126.7932,문화시설,3,343.0,2026-09-04 11:30:46
광산구,송정1동,35.1382,126.7932,학원,45,131.0,2026-09-04 11:30:46
광산구,송정1동,35.1382,126.7932,버스정류장,0,,2026-09-04 11:30:46
광산구,송정1동,35.1382,126.7932,올리브영,1,150.0,2026-09-04 11:30:46
광산구,송정1동,35.1382,126.7932,다이소,0,,2026-09-04 11:30:46
광산구,송정1동,35.1382,126.7932,코인노래방,0,,2026-09-04 11:30:46
광산구,송정1동,35.1382,126.7932,PC방,6,33.0,2026-09-04 11:30:46
광산구,송정1동,35.1382,126.7932,백화점,2,399.0,2026-09-04 11:30:46
광산구,송정1동,35.1382,126.7932,유니클로,0,,2026-09-04 11:30:46
광산구,송정1동,35.1382,126.7932,탑텐,0,,2026-09-04 11:30:46
